RSI,BB_Dist,MACD_6_13_4,MACDh_6_13_4,MACDs_6_13_4,STOCHk_5_3_1,STOCHd_5_3_1,OBV,ATR,Golden_Cross,ADX,CCI,ROC,CMF,ADL
43.73831643559237,3.9934242384280196,1.758086231448118,-0.7132375375674664,2.4713237690155845,9.40417679728457,27.43591478262727,21186400.0,3.8407033001959854,0.0,14.88179086650125,44.07771173634695,4.027339689970393,0.24307365061708658,2653136.3975317995
31.97701682302016,2.2791072596242117,-0.12503729147259435,-0.3635051323422072,0.23846784086961287,17.225870979634472,14.77181588386646,-1661800.0,1.5542174683719112,0.0,18.342363263052636,-82.1099629287457,-1.8597221488280462,0.02531013188737688,1968508.3763867854
36.84144932381451,5.10897545447051,0.0670564721531548,-0.32468790193593655,0.39174437408909135,15.15696068606002,26.378022330372406,27781100.0,2.7343224857757513,0.0,12.735801600744676,-37.55652546400224,-1.4560209857585023,0.07621284888773151,370604.960922876
46.38081804575804,8.48785066590463,-1.0668097405263097,0.04731503034395845,-1.1141247708702682,52.34773055366848,49.211664086652966,7444600.0,5.523591270543581,0.0,24.59889573574103,-68.84897862221953,-0.7259000825429375,0.181661073387213,48165532.713892594
28.28175194704987,4.036338703456806,1.4186056242607492,-1.5908226039908078,3.009428228251557,11.407555497646541,39.52657760230898,8954400.0,6.987302100923598,0.0,22.369942084581105,-8.323638877586996,0.5456293306540505,0.15976597740401527,12154575.328584285
49.12816182150693,21.48295500214607,7.449336882211412,-1.617153034004188,9.0664899162156,3.417771639931625,28.82193239298621,7504000.0,8.892361822003693,0.0,36.76969334370677,66.95546921426414,6.368713144398992,0.05786576772684661,2597588.6199919637
44.23930029229615,7.179772962579364,2.061856772626882,-0.948569637583863,3.010426410210745,31.316717604714114,15.397920603862467,110739000.0,4.5332871250166,0.0,26.23655032833364,32.27224438399879,7.263712064088104,-0.1480050938503953,-98124675.09872995
28.995372650631523,0.7713346356935809,-0.3067648190621721,-0.22093513830871656,-0.08582968075345557,20.384602123465594,8.783513525772767,-78008200.0,0.5566749688524604,0.0,32.17130622818023,-78.36394724225146,-10.161871637322456,0.019715652931778307,-29037062.526015036
26.851553640642468,1.580337812084025,-0.7878792391478697,-0.2139550356010076,-0.5739242035468621,16.861283623928628,10.4092912604754,-2700800.0,2.1047031512093572,0.0,33.724448418984345,-168.55868804879478,-2.7119557450845284,-0.05490289231476593,-1161216.8542612703
34.502234761812616,3.820264637049192,-0.054374331057815084,-0.5847326659013699,0.5303583348435548,20.650624434135228,17.408594135617992,101000.0,3.522536427442121,0.0,12.992675498049534,-38.846811634516904,1.4963045633168752,0.15255258646136508,1432846.0849522944
38.06128199131293,7.464074725884359,-0.44617018231775774,-0.686846661736009,0.24067647941825127,32.67013481897272,20.925949192190757,4815600.0,6.632923085722387,0.0,23.88678602230999,-56.38197207408752,-0.47578966609742845,0.1544212502532711,1682894.974865167
27.720171733692347,4.72699639946768,-0.07759707914888736,-1.2113428736969822,1.1337457945480949,13.904623279222381,10.788196461948681,10851600.0,4.244338243798082,0.0,19.424333252812843,-29.239705693473883,-0.25188892673024776,0.23574403146845893,39885263.62089877
32.25885670016863,2.3610801790680256,-0.8597788325308784,-0.10911565054982986,-0.7506631819810485,2.8570252157422185,24.738379582635346,-12695800.0,2.381482467048707,0.0,18.89364319829009,-105.449430877268,-0.5377097207991803,0.03261653817629675,1897012.8966566424
39.10700503063627,2.634640434894564,-0.41100396852699816,-0.22827490131954242,-0.18272906720745574,42.51497325144555,30.022997313928215,-12632500.0,2.9345280677717773,0.0,11.651989119773969,-84.95631350448181,-0.5523902867917442,0.056600064662159374,-7317420.960922877
22.58270815974869,3.3882559101288194,-1.5463405587413348,-0.30576341546012453,-1.2405771432812103,6.552696644477653,7.822408775773122,-1484500.0,2.4904036887429815,0.0,30.936388824427247,-195.74303586265054,-8.424460496123862,-0.036093351084357614,-8324688.195424128
21.573600239382245,10.698930302653594,-2.3117115597107727,-1.629552775782225,-0.6821587839285478,15.534562928462984,11.27094602807096,-3415700.0,6.959291641344215,0.0,28.703646545043842,-139.35892745938514,-6.091929587418731,-0.29697728446996663,-319166.58767763845
39.42813089290598,4.407926235704309,0.6102761338060532,-0.48464457546013384,1.094920709266187,23.421446818032084,22.851614089850944,445000.0,2.7426091959858403,0.0,36.972035915729656,-13.319405145132908,-0.3806898284712103,-0.09521639138827775,-2655989.3887385484
49.36047362307851,2.924048830669392,0.18891738784336098,-0.08910303180559737,0.27802041964895835,37.4648483630647,33.30736669689468,19977000.0,1.36710797050395,0.0,16.604816955008836,17.041562884892333,-0.06476214688647872,0.2540236629594316,10901929.610885557
41.98966561218082,8.397382116006042,0.7744996041765546,-0.6384389670502197,1.4129385712267744,26.915593954037735,30.709922211819745,2691900.0,4.207034011861731,0.0,14.142887190592392,17.39204891884198,0.2960946038900726,0.3212116509095961,4782839.032246346
61.624807859789684,15.124213741178153,2.7368525984830683,0.19272833072697537,2.544124267756093,40.15863848138308,51.69840626523919,259895100.0,5.646684408438532,0.0,18.54268764969976,103.02310158816293,10.291326494731997,-0.08243821629534571,-117607531.16806021
60.92417920287952,14.891058276693457,2.6095891093375485,0.1858564160788303,2.423732693258718,38.42824689076277,50.757709734639825,178200600.0,5.602359880881466,0.0,18.479346715238552,100.71059577570958,9.852306629102516,-0.11777886922395042,-96791043.67206147
63.32018916289398,3.812743762850829,0.2772430718051595,0.09127426502558683,0.18596880677957267,74.07415779866288,72.09116658715112,30792300.0,1.0654417395622158,0.0,13.893027195060476,44.13956822368698,0.5216243844845101,0.11884809004155197,23710781.83544297
43.897861937952605,7.142983590608424,1.9876826450799854,-1.0197355714678662,3.0074182165478516,35.80391474554154,32.03939229164104,-93687700.0,6.44303158829343,0.0,20.263459357893108,27.27907868380159,4.107535499249943,0.11223925026929034,112916559.12063181
24.221246843151473,0.24018836501465302,-0.06793798167326948,-0.03392471584854123,-0.034013265824728245,17.74188338406779,11.025061360166527,-485596700.0,0.20388617301581263,0.0,17.448885621783344,-188.89226021791598,-1.7543843138140667,-0.14227856236456357,27658950.748178065
43.52785000816651,3.1371050163558465,-0.4001445022026502,-0.08697251766624481,-0.3131719845364054,36.8932225812234,27.723078088148384,15411100.0,1.9161542861087617,0.0,35.23353188911847,-79.30070595508323,-1.1293618653885003,0.10587531132693125,1242717.8233530296
51.09304498665569,4.339084392231513,-0.3888376567893772,0.12654543785318495,-0.5153830946425622,58.91233796168243,52.80236959058161,-5427200.0,2.0699946708597525,0.0,17.863141368125003,-50.690350047458814,-1.719529085317373,0.10854976640535928,8675895.916687429
30.84661190824832,10.857020697182008,1.3544846667442698,-2.1152088827219098,3.4696935494661796,19.351545431556993,12.486208029376584,17801800.0,7.497177994411272,0.0,23.647191403330698,0.33815147825343844,0.24954884914699665,0.17183272545540396,13744930.138192253
30.64735472691224,1.9935210256924165,-0.14000003570214403,-0.24136021066653202,0.101360174964388,14.203038927551807,20.669475420998463,8895800.0,1.653207993068389,0.0,11.84661197256907,-85.43754476866057,-0.958622594856857,0.04233071774861353,-7585817.010789292
45.32611841895834,10.71689673705069,-0.9905168505264896,0.07926901363727912,-1.0697858641637688,37.24962515075459,42.92999241436748,-2485500.0,5.248338062098032,0.0,14.88713659315133,-47.38939349054408,-3.686866647881923,0.04820215555098671,-8213757.408267079
58.0538259893815,10.193720250542526,0.05947869417511242,0.3068441236166943,-0.24736542944158185,73.8694873731468,65.62906695917913,-7192400.0,3.351345367662986,0.0,13.648294327918004,-2.5511352659197746,-1.6790239635065465,0.1617714777038987,-929141.8168295276
35.060974403851176,13.349363350439035,4.322172159003003,-2.8676426554910375,7.18981481449404,19.310834735318284,11.413713085736276,3742600.0,11.723941667313419,0.0,19.332237099046683,24.98755254936571,2.4950219354784307,0.1271520476297653,784514.9137180552
45.23237618892539,4.145353149084428,1.6265074617780044,-0.7102265123075706,2.336733974085575,32.01126470766225,25.971062699513897,10891800.0,3.6334565843672277,0.0,20.693487625787622,34.72927915917822,3.4294028469568776,0.11036347291913372,7138647.441174886
49.17117644203024,17.077136786624976,-0.4710532965739276,0.28810170880924224,-0.7591550053831698,32.820532884698146,47.128507074258465,-16307200.0,7.26617064481392,0.0,40.42049280961732,-29.466089216019288,3.0846218107679264,0.14552957814785533,17133911.560481653
61.20148768125639,3.8025895646891,1.5564286888588725,-0.41512575217588443,1.971554441034757,55.82013999337978,38.09747928823487,62162000.0,2.1560964685796375,0.0,46.27139417932154,54.12757513522835,5.773993517467003,0.26741497174173867,49029130.110160515
25.476331484506726,6.163512579027213,1.936930847137404,-2.4275231901503407,4.364454037287745,20.89762201146371,12.073439540160267,-1722100.0,7.187254356497534,0.0,31.19703390491098,-4.218747961739028,1.4264405533342526,0.05535063473080525,5101703.652327448
50.07339517701763,6.9533648569547495,3.474291223618252,-1.11749279210761,4.591784015725862,35.070031487025176,40.62964413611966,1545800.0,6.971887192128997,0.0,22.855078164411648,48.173085877564056,2.5259254030178515,0.29731198891077343,3200743.917057683
43.835883052197346,15.052079486538446,-0.18632757040330716,-0.36736645714411376,0.18103888674080656,34.60114378304079,31.606266331601315,-3127700.0,7.621845321719485,0.0,37.25531282364432,-4.54086961651091,0.6265526007036131,0.24112991816678492,6896042.380901399
41.45069778711083,0.9836083679692784,0.015502753062623498,-0.10308442640759269,0.11858717947021619,54.26358652259541,29.94606439553301,-22680400.0,0.7921944806327108,0.0,13.04298071874442,-7.089871160331405,0.7775183819020898,0.11768813900193954,34288.23758239858
23.384349067202802,5.325961048249496,-1.28096057616861,-1.2910902176290482,0.010129641460438044,25.07679805452744,11.472022336768367,-3612100.0,5.2258147387719465,0.0,14.860495997437171,-96.93718792141179,-0.8491873900019329,0.019810311525993097,7744253.7410017885
16.26852990137565,4.062468494579377,-1.922844526426303,-1.3955261566141588,-0.5273183698121442,11.298369537264046,11.820607303985993,-321019000.0,6.360590621002344,0.0,13.096600105273804,-123.50412487340793,-1.5130881804377356,0.1397764204178754,175336543.51833853
27.512005400018193,6.279266642083854,0.442202063620897,-1.484557054451383,1.92675911807228,18.211284467583294,8.257961409092648,16809100.0,5.572952846490613,0.0,20.445226929302923,-20.001669597474304,1.5088196731661012,0.11649207418124087,28532006.81313245
45.865609615200206,2.6769880641079737,1.4033150199958726,-0.49605121193063884,1.8993662319265114,48.614602310725736,28.77461586826418,289700.0,2.084188311072636,0.0,48.41470783150362,38.44524591940003,6.599961686823764,0.25852153532726263,15315180.560393369
37.220180799536486,3.9187386172966114,-0.16267754554930036,-0.24173280408536263,0.07905525853606228,20.357882268203472,25.61260425393424,-5462300.0,2.130356859966448,0.0,22.700295843595004,-38.79117838541639,-2.61265199575162,0.1642066639784784,3389865.722089714
36.226652243214794,1.1587508060850524,0.020867653558497068,-0.1898523994222853,0.21072005298078236,22.097098251559785,25.96983506785759,-3051900.0,1.2518284532398336,0.0,19.30399151726688,-32.33714393770505,-0.20104031773200856,0.09857523461804325,12721979.734402986
35.16115870861763,2.337910307955454,1.1315007702540356,-0.8900090077473153,2.021509778001351,22.554292052369156,16.21327551438215,125713500.0,3.7495719115084998,0.0,23.185220028704318,9.295697588987176,5.409154515438634,0.33426046188481195,73364075.167419
52.63441450328993,14.66369136411521,1.3035565396664879,-0.44935629610218886,1.7529128357686767,40.91317663837123,36.10882444840157,4697400.0,7.495692791968232,0.0,16.19559829551827,41.63632229030383,-0.04139338041608514,0.20827031183912761,6880127.244118679
47.39645535474318,9.722232005696753,-0.43898840480437684,-0.5898876697740774,0.15089926496970058,44.93987196876107,22.58692238390439,-830900.0,5.388281047158796,0.0,16.350097593326026,-44.446279695710295,0.41387641449421964,0.21145271892995712,1577908.1086464336
49.25143564969143,1.1067539090884182,0.015215378053127893,-0.015310804880337068,0.03052618293346496,23.636376246928737,28.564989825251345,270762000.0,0.6286251209016005,0.0,18.39987984125706,-16.259300968444027,-1.5086209554309353,0.10115784519474735,23935248.989866287
50.15244597125435,5.476096189538282,-0.35243311576221004,-0.005301974531959797,-0.34713114123025024,50.97406320630637,42.40111026731227,8288900.0,3.1746861219427815,0.0,9.416767880010001,-51.93999826061027,-1.6139065460891078,0.1842765727084011,6518685.55423676
61.3733091901731,7.825857879113755,3.26735782297402,-0.7910629915524261,4.058420814526446,28.786816027376155,32.112582025011015,7614200.0,6.638163416225723,0.0,36.41210225314501,77.69878244092378,2.7375799417100266,0.07483236474046208,5320463.540678941
74.31564470591428,20.010182103331147,4.657704003349465,-0.36258841484709947,5.020292418196565,59.14143349942507,76.6467406642899,6860300.0,5.301596897786704,0.0,28.06178677597892,97.42070196850091,4.344857358686368,0.5038274889440474,13539065.789026167
57.04007684427355,100.78045920568047,41.44930114451927,-0.571852418850554,42.02115356336982,25.775208511838265,59.9885976167294,1020300.0,76.13120605360481,0.0,16.936135005967138,99.33226897839613,4.441647756146313,0.1549727971211129,-191.7613723566028
23.06795594631325,4.508424787622829,-1.8830025367812198,-0.8117740864935128,-1.071228450287707,9.76587178921934,7.7751952879592485,-7792700.0,4.392233500853635,0.0,11.932264595896497,-216.43954391776958,-3.649102342502168,0.10838689195040935,1699980.9468729584
34.47803830122724,3.5353925976407936,1.0602074708792486,-0.7708484463018039,1.8310559171810525,6.815094948260201,13.647636790151642,-2976100.0,3.817226185737642,0.0,20.645328731225842,21.34840385311637,3.106856096590795,0.21913999627932293,4915591.002390725
64.61508797273568,44.26628903598771,21.361587542852817,-4.445664546744368,25.807252089597185,49.91379658097772,37.09442384155714,8629400.0,22.786498893276914,0.0,31.14282276148177,66.84938896426964,6.833282172776229,0.21308830063324774,4228052.048240945
36.80493786654453,0.8890129515699172,-0.09570318644030351,-0.10550951602831567,0.009806329588012155,41.36368680598423,24.153266796972563,-24784300.0,1.1065783368621314,0.0,14.504930891261365,-23.371829023277336,0.6851191792285614,0.011383391993342528,13343759.426468298
26.170597708686415,1.4647633478559925,0.2518746443137516,-0.27811887012216285,0.5299935144359145,4.225314275966468,40.16600346140394,5268600.0,1.3238602052268982,0.0,26.792542370511587,-26.296439793817992,-0.709769305583881,-0.0058430107977692335,9806377.486918598
40.21785562707277,1.4734260090895788,0.45012473672488795,-0.2591195212940638,0.7092442580189517,30.466021859985617,17.18207494026268,589657300.0,1.1092441058114482,0.0,26.146273809262315,25.82018564378377,3.3740124827042415,0.13398765221605682,151087553.24534115
31.824109633063713,1.1159201108810883,-0.1279525807294739,-0.13414597523057842,0.006193394501104496,20.94248993898481,18.902136216692192,-13645000.0,0.9595222977675433,0.0,19.281614031700947,-136.86418169517947,-2.5242679253274853,-0.14182205652876764,-12020883.738569899
35.21226609620031,4.728575512018409,-1.9789170816184196,0.214650803738774,-2.1935678853571936,23.42106478367629,32.36039932368535,-36461300.0,5.159452222637958,0.0,39.11453003468541,-42.90253319777496,2.487742872707463,-0.035476526287040226,-8847231.619235912
29.58583747193869,8.83904916173293,-3.6584187597941877,-0.22479521363325894,-3.433623546160929,23.707508598578247,24.742608855939267,-11589200.0,9.309786958098028,0.0,29.948174726962176,-102.9971228183144,-2.001011985577958,-0.013552117773189912,-790419.2114700908
37.46671901296764,3.0432934129880636,0.2653913823165652,-0.3900444240336185,0.6554358063501837,45.297524473374,29.989598051516015,27430200.0,2.4902393902670212,0.0,23.98035569764874,-14.563172945396845,1.554102713925845,-0.0547683864715288,-1509067.8827366752
33.817153287969546,3.9552777173836233,-0.8202584251514367,-0.17422993250743202,-0.6460284926440046,18.863042473265075,20.78817410397791,10271200.0,2.3406066901719815,0.0,20.46761508826578,-143.36553926228964,-6.17487373148091,0.005357285000118911,554206.49833864
51.47100863305408,8.419588065998028,1.5032586887097352,-0.23359847045624327,1.7368571591659785,25.69825973173528,44.64065270144934,-7360100.0,3.6884249958693713,0.0,17.100838802339034,66.89114458385605,6.465261494483296,0.23828701427734028,2655565.9662199374
41.500103707206605,33.56598992385864,9.683428195355532,-4.169309948025482,13.852738143381014,26.447642000699336,19.0165163468427,712900.0,21.52583107445269,0.0,16.092224858156506,32.92635905939064,4.303472898002008,0.05694080061560645,947353.0671131397
21.6965224357126,5.073395601522009,-0.6634450877109259,-1.2572615202028965,0.5938164324919706,22.68771938289326,12.41304007435008,-39490600.0,4.956552914762855,0.0,15.795798491335702,-54.25197925370283,-2.3459389387900225,0.027565007457163195,4788661.021149263
62.378465599856916,3.2473806226937825,1.4240269864807829,-0.3169088062084935,1.7409357926892763,43.99996670809659,38.15436487265703,65495900.0,1.8274002395192632,0.0,30.008966802467025,63.92053617907171,3.7015394485238353,0.14345196145558378,6293769.180492972
51.57875872189142,1.7736274186043204,3.805533725879087,-1.137861863217415,4.943395589096502,36.575505534598975,24.672384368968874,119067000.0,5.254479053432358,0.0,38.992679934491306,49.1436033375771,3.8542439166495037,0.1221633158594745,27742774.008445837
63.24186527925204,275.1473253600807,67.92894999628606,-8.39160522911969,76.32055522540576,69.11281454582651,64.82350111601954,1006900.0,123.28113245435557,0.0,30.767925608964088,88.50016362449807,5.130758231986294,0.2423108871975664,1552889.2747725844
45.798206285598326,4.245308426709244,0.5456874778821827,-0.22264323743946235,0.7683307153216451,26.64758952520653,32.25104987696297,61293900.0,2.0419870388340877,0.0,33.12628114524211,20.41556339960685,1.5943995527095032,0.2294166616572363,38890451.7694166
46.85303421917739,2.2924399750312503,-0.2923934199460376,0.1078065366471625,-0.4001999565932001,24.598895573112692,47.26214686234511,-35336100.0,1.4433892846850571,0.0,41.44065916659274,-47.57599578778185,0.8611360702081675,0.11586978040337345,65084448.70913074
59.93903288204344,11.954270609272243,6.179695477619305,-1.3710018805531838,7.5506973581724885,47.785221703127334,54.09393136887437,231015600.0,7.888803141751349,0.0,38.11009667339347,64.45087627788513,9.855909977540557,0.25689314478310926,235658760.818497
34.40334871419994,5.0608726332689855,0.4131324713573008,-0.519365435209156,0.9324979065664568,23.244021693588778,23.844330645841456,1627000.0,4.683101660704895,0.0,11.002252670743609,-12.420639831051357,-0.012657712783491561,0.13976143551714323,2541394.649906998
47.47518165251663,3.807654854074073,-0.19159862869868505,0.03047880244314005,-0.2220774311418251,28.391921267631012,32.39023162645476,-1912600.0,2.4622010773642824,0.0,39.28411824403785,3.6284052483844444,-0.31483177105859106,0.14467768158099975,8757325.396170687
25.102238373719118,0.7560831738215938,-0.1351471926052099,-0.1779626295391895,0.042815436933979614,15.471683446526612,10.150841639548704,-5336500.0,0.8477029780674344,0.0,19.84331584419072,-130.7366981936058,-2.0773260931127324,-0.047165380725590324,-6951702.201211622
30.76077875046078,5.864821723648788,-1.93761796692759,-0.8338251904222815,-1.1037927765053084,13.992126948284774,10.438037694431916,-5888200.0,4.809892863587476,0.0,16.86910239356774,-103.47777002848628,-2.158597690840289,-0.11535509389893303,-4307998.846907039
39.43908845497987,2.2306105531966125,-0.09314389539592582,-0.2759898267242372,0.1828459313283114,32.60870646889943,25.99596050313151,-343900.0,2.2748234719038956,0.0,13.849469302453697,-47.04285442235906,1.8439253583312865,-0.011393694948269464,5555931.209578296
30.186992876598865,3.179071458441342,-0.0795357912926562,-0.3155588347625726,0.2360230434699164,16.666666666666668,11.373161160840104,-693000.0,1.8073941980007557,0.0,11.686037370376459,-52.572210109370154,0.6229583111388568,0.04068831896802754,6739914.186766675
39.56609331747571,2.83656164242484,1.0529905751600097,-0.5402758599223236,1.5932664350823333,7.798911785900818,9.9721125681975,4911900.0,2.4292346142315466,0.0,23.445109452321052,35.35315135957928,7.620544774949586,0.16388356086641623,5623562.979669565
46.18136150324157,10.468881741830614,3.7928362460280027,-1.3968648615739383,5.189701107601941,35.12291701955731,32.1207173256034,10989100.0,7.849242536736765,0.0,42.21540996705112,39.91507393471807,3.182029899002964,0.0670441005000222,9297371.593322536
26.126036328793884,1.068051343941324,-0.1314480204656583,-0.2911580987811202,0.1597100783154619,22.6114872149988,15.958893338099843,-31523700.0,1.1862912236869376,0.0,33.9518378177925,-57.29773459966149,-1.2129866009952643,0.06731441636775481,26983200.52810705
22.369436764963844,2.311790356677321,-0.7978441410203345,-0.5793464676085969,-0.21849767341173765,14.413237005694802,10.105678321240338,-5754700.0,2.5467322709350673,0.0,13.512495710403062,-122.52674449037544,-4.19563013798288,0.08756079339683143,-228556.538820333
22.187071729139443,0.9827906237374506,-0.5300534753126627,-0.11871417215363833,-0.41133930315902434,17.857129587083527,11.458218648154437,-27514400.0,0.8646782240044322,0.0,37.18999592722618,-243.7641918667006,-5.152887062711161,-0.032960717854909054,-13938048.038030375
27.45921278598234,8.413058024734482,-0.279685048186451,-1.4998077345825471,1.2201226863960961,10.635885913421514,9.935306739061488,11963900.0,6.3708490969235525,0.0,25.430705622979602,-51.52957008694234,-1.1126878421481892,-0.025548743396506705,153964.7898085462
57.483861717706695,7.5811993371233655,1.7847052946049473,-0.35804384175785087,2.142749136362798,35.03525903638732,40.61403288292875,23177700.0,3.3391331579023142,0.0,22.71523675797375,57.192376981308556,3.0562668614147417,0.29913570655671345,20744944.954181515
17.29645434548237,1.3848764877481585,-1.1887090074326068,-0.47946506737562045,-0.7092439400569863,13.098591624969174,10.316148698933217,-22590800.0,2.344578125540937,0.0,14.23739226383373,-188.61448327296924,-5.794248267429098,-0.014857446135784212,2821308.805711042
49.150699855933055,1.8114519203213248,0.5075900796581614,-0.1861721146278027,0.6937621942859641,35.19550334318975,27.98700803619289,121834600.0,0.8504316830232103,0.0,35.17150879193335,43.95633806950924,10.203067912095698,0.33644569396371504,211024665.9685398
32.60511756874227,1.8477374701687381,0.6498473491427035,-0.651515086394693,1.3013624355373965,11.405788237040264,7.83223388222266,30837900.0,2.065564055641658,0.0,41.130792382617905,6.023146571633978,-0.6438956729458946,0.17868332675047285,23876491.491144344
48.479525496006744,11.620157744440576,4.794077931839638,-1.7906991968326489,6.584777128672287,42.76330078977004,27.784741733246893,10841500.0,8.741081730375571,0.0,35.84870372221224,38.33199740744296,5.457287573772839,0.04328380778920885,671044.0913056394
73.98104762612367,18.064652484038078,2.037008471316369,0.7522739894671533,1.284734481849216,95.7179315699252,94.92450484496305,6534900.0,5.754751730270427,0.0,16.178112221176704,78.46912269905178,-0.05610671919449717,0.3186400863853864,3097470.988223835
26.584237278501007,5.513361768825931,-1.4110896000293707,-0.9901765239292661,-0.42091307610010453,18.649511571654966,10.221579682750436,1780800.0,3.733360927983548,0.0,16.812023906669605,-105.41061905852929,-4.313136300200983,0.014012738494546829,2624977.0470200097
44.307566958692604,5.2454537816881555,2.490152237580844,-1.2968984800847183,3.7870507176655623,41.636248573689365,25.691003476536903,6547400.0,5.033147153632474,0.0,42.96177473685107,29.265424170515356,2.147626037858675,0.12515228426600145,5572900.654685773
63.329325077318195,18.46345285421404,1.6350482283623933,0.30074280432065037,1.334305424041743,45.238181738915614,51.85887124401597,1452900.0,6.463962300678112,0.0,16.65145676436428,47.23447006196829,3.502951593478003,0.048457897196462305,7386024.428775013
20.38918648134585,1.2462817618341973,-0.8366148609644952,-0.4697105256918747,-0.3669043352726205,9.657306989335481,27.90962469121438,-12337000.0,2.151973113048342,0.0,15.862026973514848,-176.00875750518276,-10.1608551920526,0.042913819444146455,12535959.984686788
58.52127498382512,1.5225417013065226,-0.03265076936710187,0.03626401533181911,-0.06891478469892098,80.55560461296646,60.61993146170855,31196700.0,0.6912464017135094,0.0,16.46754867161511,-30.57468924642696,0.6856180709151849,0.11335931389022977,22366083.43583929
75.99934951872368,7.444007536594739,2.0532202722616546,-0.12142159930103746,2.174641871562692,78.80952294451247,83.47225315538954,44067700.0,2.4665104192681664,0.0,40.070108115895046,101.42150972743839,8.49411602129172,0.33155729873379597,22112012.41612889
47.379244404097534,5.104091287537614,1.7337275388543958,-1.0492530130464508,2.7829805519008466,32.34728851020212,18.417158266031482,-4592900.0,6.567743426005685,0.0,24.907232522924556,26.126203081917804,-1.4842551035699016,0.05898748931722812,11519749.886613522
53.538208460038696,3.353667605919526,1.1612685256856707,-0.3412845996877234,1.5025531253733941,35.86394911073608,23.232973462258414,131621200.0,1.7940198060451602,0.0,36.7584097592449,55.411906054090686,3.46868741900486,0.2718762218904747,36829631.383265615
38.00149240566192,10.850903840472824,4.359221522944665,-2.686449502491544,7.045671025436209,15.123091856576842,9.359944414001617,11457200.0,12.317021772999471,0.0,27.6595549897277,12.188559958649087,1.1525089584088715,-0.033365196048671754,993391.6344993163
42.840259117507884,3.4077896975366,-0.483722113763406,-0.27118567915959585,-0.21253643460381016,48.17372197690217,23.208166378358598,-35874600.0,3.0921746380035544,0.0,17.344602195660165,-41.15165038300938,-0.20717392550481986,0.002379838140098936,-48270652.70193744
35.37114307715068,1.015515642287312,-0.003300415423680647,-0.15974619232923093,0.15644577690555028,21.54479550300446,17.27521814889685,-61834800.0,1.3390185178174379,0.0,8.740647201529534,-56.329049421729465,1.8302490447912352,-0.011707017964272272,44316992.64257303
35.06894844401895,8.510814425588194,-0.049401866728658206,-0.6608143491084449,0.6114124823797867,9.091087421954692,27.59483881614157,8490600.0,5.358532628457116,0.0,12.29982271402152,-33.54146816704005,-1.3039874139732353,0.22375428079128093,4546556.761934535
58.11254873575838,4.958537583237188,0.16948766811819382,0.13802260799145474,0.03146506012673908,59.036244251139046,56.16120640411433,-8867000.0,2.1412779695366964,0.0,29.547623570565808,37.240642895346234,5.105139843212983,0.17082834692456964,4138080.2951729703
45.255557305454396,15.573390904120515,-2.629922236325797,0.27172529833577475,-2.9016475346615715,36.645458864976995,44.526424903495815,3298600.0,8.575424078744762,0.0,24.231435029576613,-64.79948667172201,-5.239009676834526,-0.08893915731695311,-1839154.73986961
38.46410055978207,5.249722228204689,0.5210934121297441,-0.6909050952202764,1.2119985073500206,25.31966415019971,13.652118271754288,4716000.0,3.200406254878846,0.0,22.45989878936931,-0.5207269158238208,-1.3328830717366453,0.22807774451235285,1830527.331629326
71.22856358176148,12.748349001557159,2.5828027715045323,-0.15461783677662888,2.737420608281161,77.04528036232612,75.01038031008655,15093700.0,4.062531805175329,0.0,27.028659845753538,103.61198446823181,3.7047032171244347,0.3550893439728161,12709178.700951098
59.51043407992613,2.7203098251758746,0.9485444711046895,-0.17348693519130864,1.1220314062959982,36.25014901175405,26.96336010811633,152838000.0,1.3240578457768382,0.0,32.696547990005584,66.89352873931738,5.588087881893348,0.11224627805727579,3745421.6923030326
35.608174599601256,2.7695471899792494,0.6449269604245416,-0.4768839563424603,1.1218109167670018,30.83501877125857,17.530736497795356,66666100.0,1.9119776016084276,0.0,31.838028863752765,13.897770245781189,2.2953106503789495,0.11553158109912556,38688716.875009425
31.28825487269184,1.2142862988195589,0.16328944614959084,-0.29779608642207317,0.461085532571664,26.025504863933012,13.430964985570688,30175400.0,1.133696845556569,0.0,25.923264025690493,-5.688666289170102,1.150308730128006,0.10934291047015013,15580538.924726771
27.069755309697012,0.7155139816693463,-1.6828900724299842,-0.2815968395307098,-1.4012932328992744,17.11855257200571,10.799146686082494,-3590700.0,2.9748737275163513,0.0,31.797116943232382,-161.34181176489028,-2.8791850565314605,0.09048451664869303,2327943.745694726
75.35029947596803,19.932597409917776,2.4129262219304337,0.6312151198404985,1.7817111020899352,82.08965194735788,86.61515506362484,17297500.0,5.426512377292553,0.0,18.780863009034874,86.87305067466446,-0.09846976377237826,0.12024528074807878,1948809.9963311967
34.58741851534182,1.5959897111131767,-0.5025951810952023,-0.10971641988314285,-0.39287876121205945,25.745364473923615,28.97757886808986,19817700.0,1.543922221637027,0.0,14.681401999510264,-116.13532646736871,-3.6386238210220854,0.15944421998098424,5102573.107124946
58.048076734079224,3.1606293485847203,0.12661628946358405,0.05263991336693409,0.07397637609664996,72.97279185095832,57.13509546029049,90879800.0,1.2032097280788094,0.0,11.404322578806678,18.135900473653606,1.77254687961319,0.07949141001957596,62642472.66876201
35.41109422180354,1.5443503220905512,0.616032696952459,-0.3887366036022768,1.0047693005547358,18.604661478374847,24.151374612600232,29278700.0,1.7533388911377366,0.0,32.26382671157586,20.215095469431485,0.3187143469340177,0.09556844538164166,5157959.512113078
60.9141526162791,45.73948847619428,14.005122998171544,-1.1326048747242794,15.137727872895823,29.908910634196967,58.1058007133524,80553900.0,14.4896241796129,0.0,36.22751009062351,82.71864783038349,32.02889523982755,0.14643383172220525,91737845.59450206
68.81644150380757,5.3545627927006905,0.37741029998645104,0.204686374444392,0.17272392554205904,93.39199349315874,77.49287492127075,-18644700.0,1.798238753428273,0.0,9.775919718854192,92.18157634655037,3.095422397136968,0.13448145378497262,12597263.242121967
33.501830327253664,0.7390389463671951,0.054969420462910534,-0.10444628039502693,0.15941570085793746,18.709745694927435,22.27312184081245,87001900.0,0.7180045241323176,0.0,16.39090425394433,-18.71778023624189,0.7883225044194799,-0.011136602790372697,11831283.606381055
31.40446946992571,0.7800580103592836,-0.3170982565366387,-0.0030860486376133034,-0.3140122078990254,30.215804632794566,20.73472954060554,-28468900.0,0.5199523433284989,0.0,49.48335081789031,-119.87489323301362,-2.9883089194362045,0.003485600980906762,-26960956.23644165
18.53385900002716,0.9621108707751347,-1.1248883559454868,-0.553408800778021,-0.5714795551674657,5.890680374599805,7.908440640413517,5012700.0,2.7826721035793716,0.0,12.319532591566402,-153.13088858118394,-3.0194953324649747,-0.2802859028345802,-45602962.25736415
46.68801944213179,5.096931703285236,-0.6570732750301431,0.18733185965178523,-0.8444051346819283,45.454526347647715,56.958424574241,-14534500.0,2.315619161088636,0.0,22.140988015838296,-53.21523236683659,-2.500700808178494,0.11152193868063215,1425375.560951506
30.376945811875974,4.030692440611887,-0.8613174053004684,-0.7590857722426408,-0.10223163305782759,15.119791767792307,9.422405650881895,63600.0,4.159822301577933,0.0,11.941200144054706,-115.6721638194226,-2.9725937483843685,0.04536213308942213,3047067.9961187644
74.33384351476455,26.866754457157413,9.766659924684177,-1.1747170419184219,10.941376966602599,75.19410507228665,62.7486633841559,51486900.0,11.522120301192203,0.0,49.744138893117196,91.22904598314582,9.775003040499453,0.23216460330213795,16880962.546845317
27.81312883091009,2.7137077350499226,-0.6707372787318207,-0.2967689642042131,-0.37396831452760754,16.708206652232313,9.648432336682541,-7206100.0,2.141439755167702,0.0,12.264185522544004,-198.35124554384765,-4.181347942599723,0.020464970561451298,3647354.815187634
7.494746560208997,-3.1067718891125935,-1.169910785425806,-0.8643414523741172,-0.30556933305168876,3.2566703315535066,6.043612085010886,13339300.0,1.6822197240038284,0.0,20.767298037986322,-377.30453250511,-12.760081648906601,-0.14346110686822378,1491898.0217538886
71.64864466362569,3.094369462081879,0.8116789832403413,-0.06133245827232625,0.8730114415126675,52.45902322798782,57.122487545813534,16228800.0,1.2160594423063893,0.0,24.413640492439416,84.6171257174601,7.275950856411348,0.24985667254771168,26358356.580328353
22.390825368087718,13.191650442109903,-1.9417743056753807,-2.742211663630828,0.8004373579554472,14.864423057275383,6.726584904888401,-25600.0,10.141836214211512,0.0,14.586130918887607,-64.60482075729774,-0.9105108339777218,0.08937301073735258,1170917.6965940823
74.85703112996231,2.9401779119381786,1.1661402529992273,-0.1697407146359493,1.3358809676351766,75.83885057118133,66.21288645947095,40353100.0,1.3662094641711897,0.0,38.9008887787763,69.7923372788558,1.873427682423165,0.3418458625145323,29825599.873855166
28.874301304566515,1.3266834249290582,-0.7286145605457364,-0.1312689851515667,-0.5973455753941697,18.734137607342767,13.39958350072616,1837200.0,2.0786046938039786,0.0,23.779389433688827,-117.88324908352118,-0.7777951366881184,-0.12885111282573689,-5266327.578041453
38.35675885905654,28.94135991213841,4.440066125329054,-2.399227536421882,6.8392936617509354,4.619653074881389,36.49691747940726,13286100.0,20.830149093749856,0.0,29.25651825390459,17.260208898241668,0.04066830675927602,0.23282521023652022,11422804.139163192
52.04192548408733,0.8235802195887274,0.042843312825485924,-0.0009112725816368961,0.04375458540712282,40.000056514017594,33.55516225748025,2927700.0,0.7758932554815229,0.0,24.025040354634697,10.236267280339021,5.762588096809453,0.04629499310190842,7243415.155444855
72.16169389941473,46.67729820704727,6.900788604854597,0.6845457064168361,6.216242898437761,85.4995075177467,65.94361285856287,25966300.0,17.41344580136531,0.0,23.471673725027102,147.74866960164593,10.965240570561335,0.2316548378317066,29692547.474231787
36.848474770150744,3.019333287389344,-0.6198144166253599,-0.10435959798423933,-0.5154548186411205,25.542284295035014,35.44576255845771,6795400.0,2.465904938124729,0.0,11.074329164069582,-75.24648774367877,-4.609520321800595,0.1307303197179206,5837894.213961761
59.16900607613323,1.2556722050733633,0.4254122550699826,-0.10850353592688422,0.5339157909968668,55.08469918856884,30.25828539028221,115033100.0,0.6731142602029596,0.0,30.62074863544273,57.34338286293665,7.237299722584965,0.3099914451778654,106732020.11955544
34.89336525915202,9.922030832030998,3.0869663774319633,-2.3629876713508384,5.449954048782802,25.627045388145138,13.996842542383662,601200.0,8.851946157901683,0.0,19.43400783162274,16.07468458949981,4.018270003392229,0.17220240826184594,3874895.973248534
36.4769647566931,2.661534042392738,-1.1103196334515317,-0.03806985002828678,-1.072249783423245,26.410900915097518,33.11083200482066,14136700.0,2.1052120452535887,1.0,20.361968475046567,-98.87357165871016,-9.168283227909388,-0.13735847452368977,-24726887.946531475
30.42469236114637,7.37278275628222,-2.212447294682505,-0.892902973405248,-1.319544321277257,9.860954164053688,23.177464362440958,4887900.0,6.739128369085021,0.0,15.642613164547756,-170.86263976114648,-2.735467537172841,0.037919558228697955,-9812641.362961646
42.89055958589303,13.054692252038308,0.48407927463355804,-0.5800667241926731,1.0641459988262312,24.64794660142881,15.023357975311782,8988600.0,4.227331760008901,0.0,11.704331948770516,6.915993999653317,2.827478709140769,-0.02563146665647618,2422800.877373675
26.39755598184589,2.849856410036324,-1.0465820480842183,-0.6279698510793906,-0.41861219700482766,15.116310809999291,13.112055479072561,-2382000.0,3.997365762492463,0.0,17.048516881935917,-184.64293358742484,-3.874507706081492,0.19371663389503777,2048879.4678114883
36.33490718936877,1.2760661007055134,-0.05075096453002459,-0.24228561459640102,0.19153465006637643,11.71479828759804,19.76923640693181,-4726700.0,1.991435709619968,0.0,8.801399015250437,-61.21630194756274,0.916946686930999,0.07193861156716766,5224466.189157495
15.602676827087366,0.43092534456857834,-1.86157788989658,-2.7185102456868884,0.8569323557903084,13.951533566214774,18.937047230691764,2751500.0,6.871381825856865,0.0,37.16689602735199,-193.7432002590241,-16.535885598025875,0.1256706396790495,24342721.894717105
46.333374607218,21.158127537762653,7.9678178003020435,-2.4661183380939917,10.433936138396035,5.7611309742281405,16.728627143501537,1660800.0,13.082403769532174,0.0,33.43421157324076,58.64199714407776,3.5444561995009516,-0.015264075383229483,-1213405.5877127554
70.72451772732451,9.17432804286723,3.802723095620621,-0.6460269210396703,4.448750016660291,45.08201078329496,37.703187843821446,33957600.0,3.9678932949190884,0.0,29.449296517574222,69.81549421221652,16.89083133112446,0.18663020301185806,19871511.62844611
36.59710942221755,2.1980539220860464,0.47108672638208304,-0.48528646866141156,0.9563731950434946,21.848686293130736,14.25905732813368,32872800.0,2.0295132753024374,0.0,39.65383839323316,10.13273770894848,-0.5772278500328297,0.07857334141686619,42848513.52403523
25.71971589431089,0.8440438451663717,-0.23845814798238507,-0.22185270222219688,-0.016605445760188173,24.229036394221154,13.685826001028692,-50434600.0,1.1208424114436013,0.0,11.272589760553352,-60.26125621863732,-4.211493954179539,-0.030209336441274468,-19591590.782077845
46.051948838499584,1.8443291408690783,1.3714771387870712,-0.558935258778174,1.9304123975652452,24.700221380609985,19.212384588932604,30049600.0,2.562186289654926,0.0,47.48140765687996,39.80589660674112,-0.1889642567318798,0.19070449881017643,19697707.88549534
32.488077474675144,3.7261475456442668,-0.2866933855418665,-0.5914137625686999,0.3047203770268334,45.52238522707863,29.024639189865667,-6962600.0,4.86157140065947,0.0,10.372625456736873,-26.948421228449607,-0.7871091406082596,0.04123018197466596,-1593426.4319894118
53.42670546763728,6.26165500852872,1.3812922428915613,-0.4251136552879766,1.806405898179538,37.47481079428178,32.17007519239644,12882400.0,3.5533820710366677,0.0,42.40752029570156,51.98366534273893,0.9305323436480313,0.023974265548762298,4822064.979200917
76.34542159422382,16.966039968830273,2.71019286942132,0.43383342721112594,2.276359442210194,85.76120091452408,84.59257010673817,4813500.0,2.864673621824145,0.0,25.119400746578545,155.40279388056754,10.615312392313673,0.16333879909761878,17773474.093026247
52.7291632412224,5.858890388186623,1.4215701949034667,-0.1343892771363404,1.5559594720398071,54.37387947392528,69.22602857160685,78318600.0,2.797433282129657,0.0,28.57772525256511,81.03973944534745,3.1589995433253555,0.029868747242043785,-1197226.4459323394
55.74664294262412,3.4925145922962457,0.48804305268743775,-0.036860350747978,0.5249034034354157,35.43959153388584,38.11121750748037,50211500.0,1.3967307138269904,0.0,19.459444819411726,74.19444356428127,2.1782551454269368,0.21895087386459633,24840662.87778124
36.67311033192631,10.168625794655952,0.05765719559332183,-1.2520759198271625,1.3097331154204843,17.331578392037294,16.514386374381655,3284300.0,10.271218583486071,0.0,13.590910939209179,-70.76808139201425,0.3194818957603889,0.012519295698090694,4002327.5064944457
68.82531058682375,12.877988689630484,3.7492296055921486,0.05439750953035816,3.6948320960617904,71.832076956518,56.731840463754004,48182200.0,7.911339052194004,0.0,14.727751647168757,81.53493380247228,12.331075140138987,0.23520249137291527,22273082.817247685
33.66829415422251,4.361831372496596,0.8792655063079167,-1.0874461612557549,1.9667116675636716,11.93583044839714,13.949398729628859,1211700.0,4.307001049458896,0.0,16.33772382056154,0.960956537430409,0.9820593162891554,0.0596605483981021,3264675.531719075
20.820423198675407,0.8621673322848871,-0.3580460658835811,-0.16214324387029863,-0.1959028220132825,17.255889823297274,12.905236750417586,-93385300.0,1.0726918657282098,0.0,12.076828521283977,-149.56985009249613,-3.9348706425526383,-0.1321592929941245,-41221187.75989798
26.362191210542765,4.318122269729713,-1.403895992043246,-0.48419498672580574,-0.9197010053174404,18.899542053840158,14.103503890188163,75800.0,3.3940960206742643,0.0,13.486901291824102,-195.1081968651105,-2.769808479250272,-0.11408784843904189,316614.2597104268
51.13315470491013,5.762657506400757,0.11880639285496386,-0.11065344753971318,0.22945984039467704,50.000130194432366,39.838155955404446,9488600.0,2.8416589493043194,0.0,9.28636288129762,-12.391673406375173,0.14693815325151668,0.32722454318764216,14748780.1205051
51.63698981296501,4.96821778614715,-0.4213162687263008,0.1740847781034398,-0.5954010468297406,55.92093540364253,53.603810383539944,-53800.0,2.2664334169386873,0.0,14.216625332163328,-43.875411082758426,-2.310723462589294,0.023796988568989482,7934622.641097147
41.30328508898236,2.6482057847873506,0.28815517698691906,-0.23219022218609298,0.520345399173012,39.78108693594106,36.33071871513443,-4722100.0,2.015807852876091,0.0,13.898957578747506,-2.6619322059290376,1.317964545537958,-0.03317046565412376,1327558.364802823
42.41642790549414,2.1823634001111145,0.5916943926707319,-0.24763192211885843,0.8393263147895903,31.545759546375674,44.685580298339595,-9902700.0,2.39717570326979,0.0,13.937855975409304,31.607110313894797,3.922581826486895,0.044947151976126413,1763173.9402375584
46.03191173311581,9.541614270378204,4.423671828616534,-1.859031029698217,6.282702858314751,47.52184721275653,29.501944042829635,1120300.0,9.294130939119725,0.0,27.85822913736308,34.92149195389411,3.61119263489012,0.14831139481495875,18563940.628222395
61.680835443786094,4.06920403309033,0.8438372573324244,-0.06321092009377116,0.9070481774261956,54.053886865076635,61.3925848469481,27949700.0,1.8048753785492406,0.0,28.22440151955508,103.69736281929242,3.4671212180249515,0.08223548535139448,7056198.862539829
66.82239705352143,16.1212090831213,2.794231085125034,-0.14666177266288383,2.940892857787918,75.20668660812018,75.97668493654055,4803600.0,4.797477595194164,0.0,25.05886785863181,99.43996430130248,3.336370758562982,0.17020273334876748,5011822.9230249645
44.11517806104399,1.6874156260202682,0.08167844455186923,-0.1476239642590567,0.22930240881092592,41.50942038199751,30.510270767544224,12647800.0,1.444085221959865,0.0,13.846930042459142,-8.531585993430927,0.8008556218856228,-0.0611696067255512,3076985.4312906377
33.60826988883667,2.356186474756953,0.08818273186606973,-0.3238868949526539,0.4120696268187236,18.944839737197913,14.817074597779417,34512800.0,1.664523452101964,0.0,24.804655283593377,-71.55300778476021,1.7779554196089313,0.08778563572486867,26948556.37167054
32.67607908634097,1.1824472980939618,-0.5750722984476226,-0.47402697990874687,-0.1010453185388758,7.478133491847826,24.309758288127366,11090900.0,3.4138540713562846,0.0,16.9895890698505,-75.39126445667267,-4.181346075997925,-0.08320246205796487,-915571.1949898524
27.21442864145323,13.5755255310699,-7.0797468001996435,-1.9561880256173652,-5.123558774582278,7.961976236183045,29.15541830246335,-2479100.0,15.51011875807132,0.0,25.52733278970062,-158.122970847417,-7.986059278990701,-0.13091151677064897,-4077747.8649535947
58.57744425404198,4.991671018141204,1.7279585577725527,-0.5326251874362122,2.260583745208765,64.46116148497701,36.13371480360374,40755100.0,3.277166863001462,0.0,31.970013230014864,47.229483055489474,5.518839983713909,0.13744045963091156,12992646.185241276
26.378939152772194,1.8219712882758614,-1.9715558616061202,-0.9593808042543792,-1.012175057351741,15.842345089814904,10.780263956129287,-50102300.0,3.614887070687216,0.0,23.394946345307766,-192.28677536144414,-21.937770101306583,-0.119204363621711,-26955220.33227427
52.86904467955934,2.8974766566557832,-0.07179862353524413,0.003662957871227543,-0.07546158140647168,55.08689561167695,39.24994335144538,13846600.0,1.9255885874256262,0.0,21.264208352944284,-44.321269834915974,-0.12059632938890315,0.05771520292582585,12335239.79726225
25.743565701010475,1.9507696248327306,-0.5054954681784523,-0.45621412431059527,-0.049281343867857014,25.585282147459207,18.757588908210305,-17837200.0,3.125732097319072,0.0,12.20986879403927,-60.65121474175227,-0.8459345015946409,0.06815013726756576,362620.0822072652
32.04271831312865,-0.8074606795354953,2.4272497675155194,-1.5917114055838537,4.018961173099373,23.61840170175687,40.16450937862703,-5500.0,6.6073872223729175,0.0,30.70950759514118,11.821125820694094,-0.6493557965216855,0.044173217554538124,1219314.9749609213
55.01324037813051,1.7876184669360171,0.6462590278048737,-0.17444586765145687,0.8207048954563305,28.16335618517936,30.612287265817884,88786300.0,1.6962846439063262,0.0,29.57782658904013,56.99029808180579,-0.017976126798289957,0.13218282889136312,25941282.745114185
36.4969837930124,1.5403149015474469,-0.21797687158795043,-1.915890622082229,1.6979137504942785,26.516923858820757,20.126868130763338,1789300.0,8.487198272786172,0.0,32.53792948616048,-49.79294672795632,-2.6754767393215593,0.23484451646914734,3572348.037531966
48.225781624220126,22.481716678078442,3.4036467343039476,-1.3624553059118396,4.766102040215787,39.72146904234725,39.51266216352542,4531000.0,18.713089659364304,0.0,14.768754204136718,3.543637007971953,0.43016870109710587,0.043073865770324515,1236074.946381941
22.7577386898769,1.3600761274298918,-0.49554094990610054,-0.33307379336699616,-0.16246715653910435,14.442094227202382,8.842175829685509,12577900.0,1.5425754859199088,0.0,14.648198627698628,-199.17510045733962,-3.331429439120619,0.14696290383061836,8382961.897481001
24.90834880921885,9.939460721386638,-4.5063153772736655,-1.4480004754255478,-3.0583149018481177,16.61714559396611,12.568360723996108,354400.0,10.705876811182012,0.0,36.981270693826445,-130.61383692984626,-1.2457599835764976,0.12612612282592106,50846.82063969401
21.54067552173323,5.405547448801599,-2.754346232686089,-1.5942259012196507,-1.1601203314664383,1.8481284726721188,3.355626711429908,-871500.0,7.009390034793242,0.0,18.714299235885807,-175.4779017467899,-4.676501151979459,0.05216482838554601,-675622.8777641518
46.9492912872006,4.055802133279585,0.8205314431554811,-0.29855347164168977,1.1190849147971709,23.880561809450683,28.42266771156652,30415400.0,2.514529251812375,0.0,20.239998991322953,33.59563088796392,4.426950113030497,0.07736695630551019,9764739.97206409
23.104858069086937,9.3017745190337,-2.8428278621216805,-0.8316966057790394,-2.011131256342641,25.569808785810253,13.468108628467414,-4154200.0,7.703894635260691,0.0,31.792736712646455,-179.9908905375597,-3.476613552017502,-0.08080249861998622,-866427.8827547494
49.57146685494332,2.9122619732307413,-0.2295968434677178,0.05408531548182799,-0.2836821589495458,45.35345067584263,42.07858414444416,7351900.0,1.2856685996551058,0.0,19.773421159132965,-52.99822549645581,-0.17477584130261012,-0.012597916454383242,-354387.58893729
55.556948370737736,4.290315648261789,0.92146063604266,-0.14583077953016166,1.0672914155728217,31.472007497715055,38.70258727515077,13530100.0,1.6222000583389817,0.0,22.54097991053425,68.08274487483723,1.9818641915223962,0.2989779106328353,13914893.291844396
42.29504353428009,1.5351171698174326,-0.31229581461763445,0.03518294635278074,-0.3474787609704152,41.717646398030396,48.8114945688182,-43321300.0,0.9462909564946943,0.0,23.256256193591902,-71.58110753407594,-2.544073759784899,0.02790449338306488,12163209.939364899
77.99541386908538,6.519268980699991,1.771979769312935,-0.05453006646820313,1.8265098357811382,87.80487351017408,65.41242189300453,21481900.0,2.885956598908661,0.0,16.995552582176956,98.54928301550811,3.7119169862989208,0.16847226879411276,11651682.716694502
32.13407512070719,7.826823439314126,-0.9841361782442277,-0.7621124675908736,-0.22202371065335413,28.613237012135517,26.167117042796864,-7009800.0,6.577676506425317,0.0,10.223377219363789,-75.95418421943164,1.4809089819974344,0.09322015139939906,9223208.335946273
37.037025943130296,2.664742592692818,0.4274316042651378,-0.5420459965515647,0.9694776008167025,21.55058157837222,15.915865191719844,-4276900.0,3.084508592627624,0.0,16.739244357808424,-3.315801465385411,3.079743957236229,0.10598457475075725,4003052.8695060783
37.894220520096276,5.317809479017512,-0.21159530947417693,-0.6118755041488366,0.40028019467465964,27.65150420483773,18.023475506759794,-555800.0,3.53377819115686,0.0,14.989720998527384,-64.0938568958929,-1.812425868880716,0.1474024730084521,2927524.06416737
23.45253020044308,1.742838487797755,-0.8810767626306273,-0.38396288158830316,-0.4971138810423241,20.07041071123952,11.960014019631922,-47216100.0,2.3605690726052004,0.0,13.854793129349446,-113.78294448005165,-3.1041602000549045,-0.10958220788091357,-30501801.073793672
47.93812674159043,6.881573094350358,3.2983930737069613,-0.8246149515816983,4.12300802528866,33.11700214514667,44.31540511995811,3614700.0,6.676374793396499,0.0,19.91086370885165,49.40651620274409,4.454400138129694,0.1544630406712416,2855721.929211806
51.645986127215124,11.87908009747349,5.370352157570096,-1.5191106429250478,6.889462800495144,28.220783597458738,25.926940594592764,589000.0,9.411276041378965,0.0,22.72863006974116,58.41961697527246,1.7993033222554788,0.2174517615129797,609695.9357618755
10.96748852367041,-90.20826348825722,-96.83301744707933,-43.74025548679104,-53.092761960288286,6.490803932707318,7.654808683230669,720500.0,98.37770959114188,0.0,33.84536494754495,-196.53191105402325,-18.861039108774822,-0.2073688823844917,-771367.0543131498
47.24138989337867,1.9286956552515235,0.16977396757233265,-0.06004009426182472,0.22981406183415737,32.38107232904715,36.134673557533866,21820300.0,0.8927707855570393,0.0,7.690435943751639,31.275002964235245,3.4351203944688247,0.14013723073603596,29135651.11551249
25.974393587619492,2.9766706768489257,-0.5722725204553001,-0.46221604222591706,-0.110056478229383,7.731906732613304,10.184883941627737,2852000.0,2.19200932999153,0.0,11.87350374181581,-149.7276397638419,-1.0053502047125669,0.05176767327869971,1516928.603111715
30.872894395907103,6.701140649284866,-0.8887643379189001,-1.2831939251522844,0.3944295872333842,17.725447112438726,13.045328467608483,-15561900.0,6.331475007484075,0.0,16.399713422787723,-37.50545983668216,-0.56007033487028,-0.0916219650123058,-4602919.092475751
39.41315839808668,3.0097890982575564,0.2345587111499725,-0.22494490917494248,0.459503620324915,24.634207612649913,28.502482534539173,6694500.0,1.931214724708183,0.0,12.24621387646238,-33.94155281953571,-0.1531722272106644,0.08588448698861506,-1746244.3914182736
23.50302430568353,1.1638844720611345,-0.00780605458046324,-0.28523966839629716,0.2774336138158339,18.9830924902208,9.600699005312128,12332600.0,0.9281773742826063,0.0,28.617713113341352,-34.572904153108084,-0.40160031408186103,0.08926304122330066,10239573.51885839
41.59185402395204,11.676276436209719,2.703145450477706,-2.761257224613436,5.464402675091142,26.942796951651165,16.42515684917227,29761500.0,11.163779493604098,0.0,25.89422342711771,20.94129769341705,12.581755138290104,0.17158500070422641,35819644.14327188
44.29351950941958,1.128172846493733,0.022429742045687817,-0.04692153783234086,0.06935127987802868,39.21576938324179,34.42718043550002,13564900.0,0.7271105588320272,0.0,19.429401499439486,-53.72973497611013,-0.9409497223598431,0.15487740374563724,21774999.658543084
24.71545687826214,13.510368514975369,-6.88756700031459,-0.3655076486306248,-6.522059351683965,6.982980368478643,13.167409961812295,-32761700.0,7.075240261675862,0.0,42.01775235336028,-134.76590627533255,-13.435111643565577,-0.18293121259163367,-38730427.870139554
31.103785195919368,-0.016450230417470735,0.055614800062118164,-0.05703343097960829,0.11264823104172646,12.727212827088502,13.47311027932241,331649700.0,0.26633907901349685,0.0,33.14830497797411,4.383010752126782,0.7782000456056676,0.08410208488624865,376192837.3966442
46.68983618644153,3.097414694170695,0.27381816281209126,-0.14918024810782243,0.4229984109199137,46.884395262071216,41.700647444641206,15156400.0,3.317907836678329,0.0,13.097480304036777,-23.419209989024925,5.892019709556729,0.36164065716026994,45099938.278527856
29.12078205179143,1.7144911735142045,-0.008130982264731301,-0.3920358156411515,0.3839048333764202,18.750012417621498,10.170299147969672,1032700.0,1.7461367179748928,0.0,15.448724683588681,-23.162623575845092,-1.205329714383454,0.07062736185020889,9140376.155750753
56.654690549579655,2.7644900294898562,0.9935749166250218,-0.21913036527687768,1.2127052819018995,28.22191833248545,22.273762543527965,12703100.0,1.3853209840256366,0.0,28.186600616919687,61.92199889306511,9.554138289604913,0.18687366387644422,7531116.138065151
49.288378965257614,2.086195442970954,0.767823337268382,-0.24067292837572074,1.0084962656441028,23.04782397445686,16.806193545028865,3856900.0,1.2882106171418561,0.0,25.226043620072616,50.453372583124555,7.9409224904485605,0.21749077283606236,5177461.666028716
43.023963849486016,0.9335288246890627,0.33055842214321984,-0.1472237112179049,0.47778213336112474,33.03576446305622,18.41583654671567,26489400.0,0.5281096211174506,0.0,38.6478607550152,37.56451493595931,2.722061510443371,0.17308326363661924,6397810.37826027
63.294644854128,2.1287213335162534,0.27467663512756957,-0.04195824594217823,0.3166348810697478,97.29733630811232,63.43600650992443,7821200.0,1.3957175319902386,0.0,14.514016784551085,57.79740078149112,3.0639192517470426,0.17855999032385939,46338241.363632426
49.18603405876114,8.028926663042455,1.6834514560101184,-0.4797708161303458,2.163222272140464,38.14294630515276,30.129732354682204,4045000.0,5.454758158729931,0.0,13.207514329395257,38.243704497181845,4.785041013726294,0.1976824134579546,5894094.087646251
33.38834909402598,5.389310303451623,2.5174645688492205,-1.7109135541651757,4.228378123014396,10.917014079376678,19.080269161163375,-6300.0,9.288601481362946,0.0,7.694430930865817,17.593607268196084,1.3549099078757225,0.04495360155900304,1856164.6177625223
69.54148583366639,23.74369075796585,5.880747654617721,-0.8287706975543179,6.709518352172039,51.4531149910484,50.63517219412028,82924700.0,5.419362232112443,0.0,41.37647426874398,85.11916794238222,8.294559925279069,0.3614569666736827,25223720.011538576
27.09829113541465,2.6105215889303395,-0.1980920034838647,-0.46398275835795566,0.265890754874091,18.492280265364936,15.630628807811663,-260300.0,2.4549479874276527,0.0,14.91974364718589,-62.405565217082,-1.0161715422394035,-0.30633297222266553,-42761784.646274425
91.07137500289848,60.14418343614517,18.118852186827212,0.19939626035419167,17.91945592647302,88.74683012645285,83.66261286692837,62600400.0,16.417198560501145,0.0,53.0846646585381,128.92863682033368,16.312679279110707,0.2086108262342634,27632597.525331188
35.167129872534176,0.8148718488380773,0.14774275724409236,-0.17979865491174152,0.3275414121558339,25.675722697555376,17.29283179698677,25069700.0,0.709118125544586,0.0,28.108962776674108,8.871624175576699,-4.150018666257781,0.1061840755079454,16338832.424140502
41.54414977751322,3.9345259841433915,1.0133728297315088,-0.7948654634626486,1.8082382931941574,32.978737794996526,22.485704454963592,-984400.0,4.220966902017044,0.0,25.577004098264528,23.982423755985877,2.0315523893507788,0.1530560881046355,3399268.7466208576
38.296549286159,8.928438567540127,0.9540525202428967,-0.5862725684238719,1.5403250886667685,15.440323075414835,31.400590543758096,5001900.0,5.262219469829267,0.0,8.795478983672103,8.19226430163687,1.1746952681121423,0.12211594630572165,6944479.707887662
30.991300539631006,1.450615663541896,-0.4793011821613362,-0.048395630261995004,-0.4309055518993412,33.446012995749705,24.470368684617412,-49667600.0,1.124120102033725,0.0,30.78720903923263,-140.49911612952337,-2.0550439117151664,-0.06272159907008355,-18578376.807985723
35.86132908390533,0.3490393533498164,0.4315156564535769,-0.2532698964765857,0.6847855529301626,16.96417927731854,17.954290501900388,19538000.0,1.2585503981415949,0.0,24.364516957830197,27.558889182514825,2.5052602667557564,0.04805726596896997,54814023.297767125
55.524006680571475,6.547437123984366,1.8623514398587133,-0.3428289932067474,2.2051804330654607,34.16668653490054,31.869742021310362,2731100.0,2.9176859529945895,0.0,23.920791929972435,70.34204890949137,7.48594877584667,0.1664997296580859,5414881.422371625
63.77734322287885,11.54690873599796,1.5393469220854143,0.2922537523555411,1.2470931697298733,70.56078375914903,76.3816592585671,-31504100.0,3.3568249769431007,0.0,32.111591173358256,89.31327019396886,10.793518408009707,0.14150358035964292,33145632.327825516
12.3374539995827,2.459461399309447,-1.3853972853632115,-0.7430592079367976,-0.6423380774264139,1.264202627365497,4.178745511977651,-10263000.0,2.6404964968951092,0.0,19.42667642731895,-124.25353584816126,-7.962737468458851,0.07135469247870442,-10469443.908688497
31.82027645622724,3.8161050862082817,-0.4285493752284708,-0.1665460567233255,-0.2620033185051453,22.675757360815325,24.722631028726614,-2678600.0,2.9885822235809645,0.0,23.067191884225036,-98.11899053456467,-2.0747898381522276,0.06365674075217546,1307104.1969513292
29.565228458227928,-1.0056335050048233,-0.13041403725495115,-0.7692745652066959,0.6388605279517447,10.31640972984963,15.337843857388988,4039900.0,4.492018732605984,0.0,11.635050011944223,-50.51735586755269,0.13142947773996785,0.2808311968511037,10964070.316266865
51.28980394584735,28.80642292654943,8.046329112974831,-3.0371463893738326,11.083475502348664,43.492342472055896,23.401011587541678,17778700.0,16.570074003016757,0.0,24.576237051017806,38.95191179962886,5.543996437122378,0.05916049566525062,4757719.943201296
28.46675225961516,0.39168278577774984,-0.208298856675043,-0.09107772066703,-0.117221136008013,30.994174224484766,21.445764297847518,-55819400.0,0.7892186719346491,0.0,16.996594642723483,-85.06354705347152,-2.2102197910085564,-0.10038327667854009,-15987454.0356712
47.38058233605247,4.7971910258265495,1.0364724677274353,-0.37008610589407165,1.406558573621507,25.235854573590405,34.9266864412164,9696900.0,2.446290334119757,0.0,16.237114721667503,44.74453657903376,1.0978682267358952,0.1818195900178066,3800346.6346048736
53.30209050712652,3.282334784243446,1.3022666181467883,-0.2913866878348115,1.5936533059815998,31.735261568770635,38.90302919688418,25624200.0,1.846031390603214,0.0,37.03834311547978,57.53810083032134,8.112920224892195,0.11842851647663424,8593628.342517527
50.722547110942116,17.956821047487722,6.1005551010338195,-1.7332764582790379,7.833831559312857,20.17608020099838,34.63539126660839,11296000.0,9.494086234229567,0.0,32.73473474957067,59.727240607212615,6.471581379946682,0.2390679386227694,8344847.014804498
31.375808906896726,0.81840857317993,-0.19200288338117844,-0.033481457890609606,-0.15852142549056883,17.69916583114748,11.560345382406831,-29890300.0,0.4202368867000388,0.0,32.661826740108125,-146.48749886907825,-3.0484203905335656,-0.07499509550296568,-18790175.172084745
57.69545155929241,3.9158353348832122,1.0440433498437613,-0.19983125567541893,1.2438746055191803,35.94199885890694,36.82356193300196,3561200.0,1.8643880212095045,0.0,24.66243728914533,65.86297262534814,4.385201286415521,0.10255809956329051,7824760.383752439
39.93356074190013,8.58215357509053,-2.847618537893595,-0.09542456051017956,-2.7521939773834156,60.54743706405034,30.86123154682777,-3687300.0,4.210604364583686,0.0,26.446975229247197,-123.55553833586357,-8.331665370562803,0.19193915743064224,7291697.883643721
43.54524281686279,3.5451299327919514,-0.5381970140197723,-0.2508377289896959,-0.28735928503007635,46.39642219722363,23.462223346627336,-6419300.0,3.2110424187392996,0.0,15.343424714882675,-52.2504250955599,-0.7630086455331412,-0.00046097506384986785,-8990682.800695216
46.376177778519185,0.5975861804934688,0.19257511032216001,-0.07303442043622715,0.26560953075838717,37.499977075114764,31.869381465345526,152002400.0,0.5621794004446816,0.0,29.327047716341,23.093184611441302,3.1379556293550563,-0.01868403870197475,67249571.13671568
33.733823798191274,9.425727918833559,1.7995599728049,-1.6598725362036286,3.4594325090085287,12.131087506055012,8.769742809157412,3684200.0,6.064623813337552,0.0,34.616142708402364,11.15370342502637,0.7855446564001574,0.11336850206597365,7305744.240151833
29.5646244584211,8.771333087996808,-0.5677057181581944,-0.1655456486052157,-0.40216006955297867,20.886072129168554,12.072968402110197,9757200.0,1.5466790803382338,0.0,18.892510504257974,-91.99988557619513,-4.352425058507709,0.14260532824152852,14757817.450088061
25.755743886410077,7.739135860606893,-0.04247322012298582,-1.9027818404017185,1.8603086202787327,5.454535754109468,7.41363148707284,-23712700.0,8.156457363175356,0.0,20.652673555218037,-43.59235180973641,0.0,-0.019730819421965546,10152235.908647466
56.08791830467028,11.178033005887329,3.0391418488003694,-0.5034973950829715,3.542639243883341,30.388013956532177,52.04785234543172,9824100.0,4.3224289579697945,0.0,27.137081150890317,79.45365596396347,4.7572875854660595,0.20341470156455776,8146900.540716487
39.39476160902629,1.3641988578313615,-0.033179102517244985,-0.05437661979274966,0.021197517275504674,29.80137051188935,21.96673087244913,-11954100.0,0.5893801865074398,0.0,12.965018468000993,-43.322874403132225,0.7874065621153143,0.10180557056552227,5642465.4334125295
30.79530701833319,0.9403716637897936,-0.009598571056233851,-0.09694093196721287,0.08734236091097902,23.300954693051047,19.67173626972379,6708500.0,0.4381865895373301,0.0,30.927943010669303,-36.71171812855237,-0.47393802524725154,-0.021338968203888146,31689395.57212074
73.39251188500238,13.43087172786963,3.7270524553020437,-0.5389031498848631,4.265955605186907,78.27423006660726,57.064780865968736,47392200.0,4.577636589170916,0.0,36.171830100013544,80.97915430354867,4.878973697419412,0.24301927842790716,21149337.336140588
38.28681240216379,0.39180759124436193,0.4396640171641053,-0.19014252417386346,0.6298065413379688,21.87500310440846,18.597684475047483,8818600.0,0.805204571657167,0.0,32.035440243208946,29.488182048331858,5.744521959018674,-0.0013141270541322315,21941559.84940962
67.28178040774853,19.87088609661231,7.082215285480174,-0.8100734445007856,7.89228872998096,83.91992089123285,55.04041188596767,4182685.0,11.079861130851947,0.0,22.300913729811015,77.90687851128624,9.49484049150137,0.09661852614672246,2702284.039951984
30.076174179691193,10.769242057951658,-5.589111562396226,-1.1407215401154174,-4.448390022280809,8.05346789486715,29.428582183322927,2133400.0,11.255388278954621,0.0,18.41700211001042,-135.50390350647604,-9.858536538235517,-0.11400586908019113,-1783847.286259856
31.941596974226574,0.5749817516835414,0.056239549021759316,-0.10980279041891672,0.16604233944067603,23.214223372686593,15.199221108646201,110697300.0,0.4065814672198658,0.0,32.09979271360823,-11.346682344507046,0.6570264523059149,0.1292929978928966,75886955.39885357
39.08802608743384,6.259361975751403,-0.6479788281827723,-0.44688486272201855,-0.20109396546075375,34.692111218453476,24.213865335299747,1545800.0,5.874090392034785,0.0,21.748877753873952,-136.37782061295258,-2.9745711887085884,0.05457584947591242,3082731.386871345
43.621911387219335,11.208572229054425,2.747451422274139,-1.3163788439494635,4.0638302662236025,21.052708971236797,15.42643859589065,20739400.0,6.055186600713583,0.0,16.20495114209825,42.7464886303873,3.7841123796357374,0.3329674626109224,33135912.920648567
24.83024712347437,4.898060149479079,-0.12306376498705163,-1.274093217563596,1.1510294525765443,10.750194717836154,13.56692173327258,3126500.0,4.626317478204585,0.0,22.072913867178052,-40.15708666565323,-1.7437953485545479,-0.059876957193651936,240330.6529738305
43.807136325795675,19.306662320020394,7.138453910868861,-3.3408939009424916,10.479347811811353,18.459333360591316,18.812371506132905,3084800.0,13.43250881451276,0.0,51.158165879569694,37.44756673075939,2.0073204946417045,0.17834084632494737,4677408.122976099
29.968357122703928,5.416112264160347,0.14055516312609484,-0.9914289965830945,1.1319841597091893,8.124475767950496,10.668796697739788,-1996800.0,5.242058167801484,0.0,10.469950621961782,-43.67618903859558,-0.2721664586018041,0.027306178790099694,-579875.8272895617
64.97289048307915,5.400860536468059,1.0719195405290023,-0.011234054122077008,1.0831535946510793,43.119255352532804,56.39400024277696,10841200.0,1.831888072991984,0.0,20.792917726193238,95.53317538659552,8.93523312761262,0.28389711510713656,15048286.348172866
33.318218705347945,2.461640598132007,0.5316090372699307,-0.5008348659508823,1.032443903220813,20.48994669616474,14.11667690752549,15530800.0,2.0736001911745867,0.0,21.70197486565448,11.610834134876045,1.3607099312660325,0.05470597468336463,5777961.991597028
65.91873311033568,12.320136760708067,10.95167439511306,-2.2139112072081772,13.165585602321237,40.610943590163416,48.758031571573746,9127600.0,10.091706010548792,0.0,39.075215828733,61.48844836018828,3.4409410183756735,0.24570392092321522,9343349.200422643
21.41533440893582,0.6358969598716939,-0.17774233103338943,-0.16634737930261947,-0.011394951730769952,6.508804283299061,6.085255177171649,-455653000.0,0.8224381537479909,0.0,9.885530268128317,-88.28062552125161,-6.395895585218102,-0.07954882754898783,155612708.23753497
60.34464329947759,6.939170455734853,1.005042362646435,-0.2188130088874427,1.2238553715338778,71.33314344618056,44.68746475013103,-11388900.0,3.5149339700814886,0.0,14.90725469201474,45.81626668514626,-1.2392792526076972,0.07642638590071692,-1023742.9183625546
34.72652489515244,2.8935275091715056,-0.10328561389047763,-0.2041919430972533,0.10090632920677567,16.818127435119823,27.60563882617072,4743000.0,1.9613521721565648,0.0,11.457707093852502,-96.61654955855843,2.138090274137662,-0.10566054175324471,-2015364.0446610774
41.584260301057064,1.7694459784258783,0.44058896984900997,-0.2345134477920091,0.6751024176410191,11.313265201230113,10.317723356019181,-9621900.0,1.6023995917679634,0.0,22.836625024760394,31.16997386078086,8.715204603473763,0.11735687180691681,18589376.720854405
18.70483402423909,0.7009601960375527,-0.2770939142801119,-0.13360251188578232,-0.14349140239432956,18.500041961669922,9.020154937214917,-20933800.0,0.6417065502825773,0.0,11.744684578474267,-232.23278267656204,-4.458601918054626,-0.020178689110909743,-6478331.866682807
87.52153049592245,118.7214390435131,15.223886660518133,3.170720851010694,12.053165809507439,81.31153343741298,53.245749885909184,12123300.0,18.24072109875869,0.0,34.37631294422948,255.91874835830953,10.131828394396804,-0.035389111556439035,-815768.0490043825
27.65342542806392,12.06090889662778,2.0053575013308773,-3.4137231606515765,5.419080661982454,31.0519000087558,15.827868596982862,16151300.0,14.00609662586477,0.0,24.4503021589975,-15.774238590151773,0.5647552154790915,0.2697346579714457,10650395.519133568
23.96886639514024,0.4342172250343612,0.011289003576049339,-0.12896996686452109,0.14025897044057042,21.874983701851544,11.619822989522271,-567300.0,0.45387718078356853,0.0,20.565705686688602,-31.605686525567066,-1.715551022382239,-0.00768657077675326,-14511751.274270603
21.929581569250878,0.581382576058779,-0.3039511558954118,-0.11242013301950216,-0.19153102287590962,15.135050426111468,10.488768169470896,-3405200.0,0.683734199947886,0.0,11.256279081508676,-153.60538386841685,-5.061840992404946,0.01984685906221088,7091426.933368407
28.96648844376985,8.862750914777479,-3.363423176732965,-0.37604999981338905,-2.987373176919576,21.114151595248803,15.657162024293166,-6202300.0,5.956524339699337,0.0,34.70811348673761,-136.70385987668217,-8.047523358010874,0.14924422102845541,9800394.769792952
37.286905044645835,2.9298998587852054,0.5173841192413562,-0.6304477086357134,1.1478318278770696,23.37280076564787,13.997143328483482,20070100.0,2.5881855375029,0.0,34.26238686093273,1.1990378265538362,-0.8859592181470026,0.32343008039209986,11579838.228508204
26.493541630260452,3.564844084519592,0.10976922898890962,-1.21493227806908,1.3247015070579897,9.226509594682609,9.330220251492966,-3201500.0,4.605265119982967,0.0,19.123572341196432,-11.086302274781554,1.394524759589349,0.026486761203318093,4745336.61770303
63.187731920561646,6.598977679095157,3.231322616149754,-0.8210475011451557,4.05237011729491,41.15143795538507,26.66866754291064,6973800.0,4.770810883955179,0.0,32.22630061713915,54.26081852630391,7.4550818206108325,0.12417214344853579,8820262.492817786
52.828373379174444,7.432748299433598,1.6354376614604291,-0.3507689122162929,1.986206573676722,27.331135283121625,37.67230413396618,1460900.0,3.774720138619935,0.0,13.330711744504514,65.4448986651974,0.5747089122168543,0.37205520159907124,5943083.961389116
47.80405848546494,4.617682094471448,1.0310165277518308,-0.3433381371642479,1.3743546649160787,19.61771808145291,24.771321367394695,-2950384.0,2.8995518072833195,0.0,9.303209234717961,42.766050596134384,3.80422463542939,0.2683869513598854,6253217.107211078
54.34757332629045,7.842262448121772,-0.1510910559794354,0.24308905474489073,-0.3941801107243261,55.91707200863158,67.79287262752523,-22390900.0,2.7947022062515288,0.0,12.534985625667852,-17.78931042978442,-0.8299827203770622,0.07753371571644894,29139748.613563165
83.12916160957118,5.716603151435962,2.2866343745541684,-0.3483530634907557,2.634987438044924,78.57136369553831,70.16432136542262,88260700.0,2.1959735108599947,0.0,45.20935084044978,74.97711242735254,6.603568119820673,0.39677921160790575,37342230.91026931
44.57886724250593,7.178588407886593,2.2729658868492493,-1.0857842252354142,3.3587501120846635,38.230427394464236,20.17563102637602,102299300.0,5.8754103514043585,0.0,25.01674852710305,31.038510557652483,3.014852840532572,0.11268885418157414,12813986.906007256
36.46334519197712,0.2842718949041867,-0.03954110608531636,-0.02853045002857114,-0.011010656056745217,56.92336584621524,33.38938875521851,-2681500.0,0.4075787369661663,0.0,13.637297054773633,-111.75356007858652,-0.9903626155874309,0.1414497830890694,6056530.122892233
56.5827095302144,0.6760235989429049,-0.040744515983845986,0.016585805565488512,-0.0573303215493345,54.929562330084565,43.06771992771065,16954700.0,0.3667406737651543,0.0,22.641419908994717,-38.787223716102396,-0.10912216733995823,0.08180839785753453,6814398.951708531
48.13586472984981,0.7472551560460978,0.07675149897773537,-0.04946338197446262,0.126214880952198,34.21044706298073,34.43362551508989,31974900.0,0.5999964322371006,0.0,17.186809572749745,0.35047693022516807,-2.056449022623443,-0.021315719871612335,18213921.253866162
26.9745665166282,0.28002101538886137,-0.23666741147485482,-0.04220554765241574,-0.19446186382243907,19.379831207158613,30.02891078066614,75003100.0,0.6072792342145733,0.0,26.502471251994553,-148.7441130994687,-1.8485471963568163,-0.07875218170792983,8006551.619624635
32.4142603291958,0.5202970720943014,0.02114695246773657,-0.1140331086891449,0.13518006115688147,28.030287113810747,15.40313087624242,49833900.0,0.4562075226985448,0.0,25.142940897819315,-21.074752813814264,1.0329213018698686,0.10566092674317283,30076483.459915455
41.699324819048165,2.2562762038899677,2.3237945397618205,-0.9281496042660291,3.2519441440278496,12.72617627697792,13.253742304519337,8459000.0,4.659547792319522,0.0,30.42642052896319,34.69357709804228,3.834676777413348,0.16404161132193626,6368271.017967952
70.58834726045943,10.048063356243148,1.8693806113243738,0.08978816854020066,1.7795924427841732,67.11552964168234,62.63204466002603,-3661500.0,3.0058830764191855,0.0,29.010617325272708,106.8306113783882,6.388575576877975,0.2562835838657018,10220518.534298448
27.200867901894778,0.701718138243443,-0.08440333607331496,-0.1120299002110677,0.027626564137752753,9.352461715791208,10.836848236099023,-35982700.0,0.49774292984152546,0.0,13.902234952408074,-68.33171442437583,-1.6330459057231086,0.1633074705475637,8888386.24057891
59.93539833632242,1.0783363018314418,0.14183813607196427,-0.03926035516057361,0.18109849123253788,71.17121451646162,39.979108729228415,126471500.0,0.6484500368124797,0.0,12.78584020671383,60.748688469716306,2.0139185469229774,0.22138043313527597,61451599.873484984
28.165379675867346,5.393161322918701,-0.07006704195666202,-1.1321160321688706,1.0620489902122086,19.908684134617396,12.566889314042276,34177100.0,4.620438493321713,0.0,16.753538716998534,-39.95056990589121,-0.606475203675932,-0.060510983188513896,130946.38316695369
37.977148008029694,38.267226532324116,12.242521052701704,-6.319290788690296,18.561811841392,22.42478262127474,15.611168358250275,2219000.0,25.849322977220183,0.0,35.210555967544245,27.821731754207505,8.241973930253643,0.22705720604639193,9208884.022308564
16.958235454337395,0.7321341468136993,-0.5255480959352781,-0.08269598054058525,-0.4428521153946928,13.77667796880465,10.32763966296161,-75010200.0,0.5959003332739963,0.0,38.15123019532393,-181.52363044367166,-6.305666109750757,-0.11686325909823961,-56598928.675895974
46.94477224324673,1.5888551161875029,-0.40565927582881045,0.057331545613682644,-0.4629908214424931,32.42167942207281,39.14921537466649,13945300.0,1.6128160924516395,0.0,24.377163278230455,-50.30778574033818,-4.101227281154204,0.027844756335859627,27178297.97869443
82.53844034279567,33.54396696677202,4.914592313862954,0.6341667191836713,4.280425594679283,66.58734512620602,68.79058318361314,5679800.0,5.625034814064906,0.0,24.417625953945013,149.88693623797695,8.250150943010416,0.23043878676677795,5030821.668944436
39.433335644379035,8.921448351158745,0.04481848538350164,-0.9437127186323706,0.9885312040158722,23.322140992768716,18.212475270234403,4520700.0,5.944842568600406,0.0,21.272459805321276,-42.01628711059286,-1.3022410791844419,0.24081884105295662,5174593.17175118
38.81247443256576,2.9447453379723356,1.5142915214246102,-0.6718733235965941,2.1861648450212043,25.5999755859375,20.92096578155838,66519400.0,2.7115512663761754,0.0,29.526996971978647,31.856318154115048,7.563690156684032,0.18307655468223927,59113901.51148097
30.070785907397553,3.59906472524834,-0.21732390752472242,-0.22606301280353402,0.008739105278811596,13.363074933710102,12.800426732811353,4230700.0,1.5176131494012948,0.0,18.665683653421933,-115.02437633707954,-0.5311832540574779,0.0861925180073312,5097788.686427692
28.600739131684247,2.207982821254774,0.2459467183266426,-0.3629389376449028,0.6088856559715454,16.139188169609174,15.037886524852624,54246400.0,1.1408712358497122,0.0,38.76163486889385,4.62451091596052,0.02512772380787118,0.18363680660960535,19656873.371858697
27.765140136388048,0.6964550924205923,1.1567216866823458,-0.8691218347420784,2.025843521424424,18.875214008404694,47.68713030062788,6806100.0,3.7572046426445187,0.0,41.90929006759009,-5.563699057356028,-2.061651585096171,0.24940640326971578,9535851.326554349
27.405001472923168,4.478542934261938,-1.0313078980923365,-0.5391614301315353,-0.4921464679608012,20.588243902581798,15.221152373902036,-1485400.0,3.022414027827008,0.0,12.969564297715188,-161.94240201846372,-3.1848298084603415,-0.039047768353941324,-3241972.620394298
31.246669490634115,16.32324656557887,0.036414578810081366,-4.171162581258853,4.207577160068935,12.991935230717367,14.85839925167415,2584300.0,16.548781097371748,0.0,17.058115429399585,-18.211909417919248,-1.1399754093328998,0.08789303810320363,812967.4270492094
28.58538856014749,23.440023592101966,-16.966298213226537,-0.6137072281157359,-16.3525909851108,8.642242151662844,14.194458121426592,-6659500.0,29.098170709369214,0.0,31.198951720608395,-91.57799660846483,-2.6405977531801974,-0.18146272074042416,-6213312.288822129
60.34928051547567,20.956564309474516,2.031175134320904,0.07371733836465277,1.9574577959562511,65.47907817239091,66.07690082682105,-859100.0,8.216934738224824,0.0,14.48870457640872,94.5807057236586,1.378515924511165,0.22806823004050025,5378243.489907797
59.83708023610154,2.7276090280884375,2.253865952577172,-0.4899511492837023,2.7438171018608744,44.71139150741542,37.65603920391832,23569100.0,3.9491485695556245,0.0,18.939388642258855,64.82561228748342,6.218861682300442,0.25202788367654105,20627693.612375803
31.765688522855292,0.9409866692872697,0.04786502790298641,-0.23074790163849757,0.278612929541484,19.45391247288701,13.62646442616932,4347200.0,0.9973670143224691,0.0,17.02718385186161,3.5440495776893797,0.9451347925883143,0.27547097329193254,16190938.701911464
48.046804616975116,24.285540663978452,0.5440089130623278,0.045745408099369333,0.49826350496295846,21.600575009331987,41.03972496078246,7997400.0,10.32079080794362,0.0,8.73863969792678,-41.19090469539037,-0.9798919239976173,0.04130719877044826,5577747.464761568
43.55272138923141,2.0690308928123358,0.06585903144123506,-0.16213769151618537,0.22799672295742043,36.05430878780959,24.577328592243628,5107800.0,1.6167410593862688,0.0,12.633259702132968,-3.7876039824137115,-0.5882401170645991,0.20383297839544093,1925741.176812117
24.34655393499831,4.638971346419481,-0.7280463657901919,-1.3063309951135589,0.578284629323367,4.687574505811233,9.2531668495197,-2894300.0,5.697774847263791,0.0,16.446581477357153,-88.31328056276196,-0.5354032268639275,-0.023780825273916645,4323884.732923266
44.847424100727224,17.23063269115943,7.8383105495935865,-2.243874498244457,10.082185047838044,4.686000380364353,21.395615593056274,27399600.0,10.308659022282267,0.0,38.51637592923594,51.7821882322662,11.07696392354603,0.09011060128440107,9825235.442749329
27.8956939733842,2.6103809088526972,-0.5624002623087065,-0.2768973395339862,-0.28550292277472034,20.443387938607824,13.227416997426099,-33496300.0,2.0264984355394886,0.0,12.9967124076704,-118.57075439024456,-1.4052331508380742,-0.10099141079381273,-12829709.69526376
33.893134783930705,5.771345709208447,0.9446362423428809,-1.1051096746648552,2.049745917007736,21.105101884268095,12.97926790613126,7736700.0,4.422280758698704,0.0,39.43394392588047,3.267794603533745,1.2926946789848697,0.03645210019315484,766954.0128245302
56.5354702153478,6.578191588428751,3.0266788180772437,-0.9415578633280357,3.9682366814052794,52.68227261502871,31.818077875321208,37102700.0,4.737754002697251,0.0,39.19307839991246,55.96294616732455,6.045102942464149,0.18027953260008955,13691625.2812599
48.448088339336536,8.523081596940528,-0.5902725259650765,0.1459973801500528,-0.7362699061151293,45.44681570017745,55.21805540966822,-3242300.0,5.995421824283277,0.0,13.135606064511649,-47.517384757451936,-5.406529783588143,0.0756288678350189,-2099025.249054898
28.6522375958455,10.048346114470519,1.4117824758458255,-2.095338670266464,3.5071211461122895,12.381378650164596,8.863787728062066,1139900.0,6.536043616734564,0.0,34.54971734183964,-0.31622429535638,0.15273792032579028,0.055344017599196,1936689.6171041452
55.64254071149907,9.272147597083489,0.883322702001152,-0.10903467410529144,0.9923573761064435,48.46261597681916,48.0833658812449,-7860100.0,4.535299009125731,0.0,21.81212096996046,61.680785590748776,1.093231501350455,0.18790171317364893,5234115.103917751
60.34776388737345,27.7082457189847,8.405622526839466,-1.1139551246872017,9.519577651526667,41.698149332909935,58.591765127672936,1966600.0,12.460683403579658,0.0,39.17754937841056,87.67711533113953,3.6670657954170407,0.22638084442137008,3924330.1668718597
26.62716622486739,2.5492001365775394,-0.2924607907991046,-0.56356026381433,0.2710994730152254,11.831739280886161,8.427565729343094,-6923800.0,2.007603351668865,0.0,24.63539369912572,-38.30994548528194,-0.004636194828587036,0.06005285867205068,7637272.461528888
29.664429988226377,11.780517534185492,2.027657925959602,-2.7686762797714684,4.79633420573107,4.12493147074948,10.156646724717655,13800600.0,10.718191956235467,0.0,30.373823237625533,-3.7679854293609663,-0.8898419787995575,0.13970793181325772,6407117.378361173
47.13700168487118,1.8907536718127744,0.019732031318145715,0.007069701302610174,0.012662330015535541,24.81838628187188,32.28413791404771,7568800.0,0.9703172236415932,0.0,13.406931952173487,-29.97682563810429,7.468722430110901,-0.08276285503111688,-3325881.2458304903
18.857687360279517,1.2459932759164332,-1.0883352161025215,-0.28673858306290634,-0.8015966330396151,20.772028144638874,11.300174995682829,-20516700.0,1.6739395674759765,0.0,24.087298568887242,-245.7515487677396,-6.520309063193191,0.10714869433132503,-4738522.483508077
44.417896818577375,8.747017206278088,0.38331275408296506,-0.29379124861875894,0.677104002701724,21.342169669745285,33.964318534052346,8517100.0,5.286152923493152,0.0,12.409500630452737,-9.929102970524701,0.28373331714446215,0.1770100219664235,22253903.259383567
56.83428080535474,43.435458558602136,4.449736384098742,-0.2218413242871602,4.671577708385902,33.8803493757088,41.79048236993309,6165600.0,16.977360803595268,0.0,11.173728603109684,54.05456738464485,3.263346720181199,0.1263874177101424,5358046.351296828
20.461275615001163,0.7245720447242121,-0.779616377123503,-0.5752960007497341,-0.20432037637376882,8.982037569521157,4.811993011694358,-16733600.0,1.891638577117003,0.0,17.506271690674005,-215.6253597063556,-3.3541003104490805,-0.020238132837702795,-9577806.035162987
51.85127858960991,4.269849098189297,-0.4064100836988871,0.2570642465722619,-0.663474330271149,54.15474345325408,62.939127739581664,-56639600.0,2.372270426188581,0.0,19.796315666812994,-40.96295506629667,2.1192583710434505,-0.1052274353989548,-2061617.7396928011
41.90204641997083,18.978229785337135,9.207634048297336,-3.836149233882768,13.043783282180105,18.4055940493173,33.11353833396998,-2680900.0,19.977459605397826,0.0,31.79880342875642,38.27859924597155,5.834698964372997,0.15532063284210373,31242079.146116138
26.35806300161524,2.1785376677651556,0.009181403702584134,-0.45068298498403514,0.4598643886866193,24.612356967224628,13.807308399754595,29455800.0,1.9794872168849917,0.0,14.55705376781343,-41.83755728589574,-0.8220930021741569,0.01927108211415819,-452710.5465401702
38.86234889905332,60.34777088363535,6.9851670070174805,-6.5077455606067005,13.492912567624181,12.51548093176267,25.86177122826304,1362600.0,44.71632937654406,0.0,11.297186975016876,2.6406777490666493,3.067590036709854,0.10322856505992367,585686.2123926725
21.46238307670141,1.4934617040578502,-0.3096444501732165,-0.3033577536461999,-0.006286696527016661,24.29023467607866,14.545194471192056,-1777800.0,1.1920389311109352,0.0,26.77414603138155,-86.55739205391932,-3.7753265207386977,0.12248484406409493,16983854.308490448
35.04486528301566,2.026605468006416,1.5523432205453886,-0.8198813922268124,2.372224612772201,25.78762208465146,18.30529904827992,42318100.0,2.7289587490581457,0.0,38.24816582836663,22.03647947092632,2.340206838803522,0.08253526890548236,49255912.38821125
43.940209077168234,4.451120891774991,2.534615062148987,-0.9076697579408366,3.4422848200898235,30.16073604357716,31.209943332449512,68445700.0,3.761634076055341,0.0,31.459761753948975,41.20016221969316,8.74679953743797,0.21232247083712685,96009535.15620023
49.23983883813673,14.46522338939343,6.989377770013164,-2.022540227443729,9.011917997456893,11.199201268067677,33.25665501370879,85884800.0,9.062968059864222,0.0,43.83303765223114,59.43802674574521,2.798174852182525,0.08867359353458995,75837177.0712986
19.50451373816913,2.041479281028529,-2.1012025013148445,-0.7651148133630841,-1.3360876879517605,5.809529622395833,3.9685095762298217,-7006700.0,3.5354389601440834,0.0,12.200765514963148,-194.79907191217083,-6.293712119205378,-0.06787764408448353,-2280286.5342641384
52.72090946364437,3.509815391024194,0.2365478667698646,0.09095745824374202,0.1455904085261226,22.292758788057554,35.10488374968998,-5413000.0,1.7995560870991476,0.0,16.979870554046517,0.9003484514325375,8.288660737657056,-0.12652325233626385,-25363245.38051822
20.138836740546118,4.612271556053457,-1.200551289409006,-0.6517529338565081,-0.5487983555524979,14.179095271578895,12.757724217999849,-5012300.0,3.3724765572083855,0.0,13.666171599515135,-123.28920227215518,-4.900761174038327,0.24179954365411366,3109947.1778916554
25.61160820423179,5.9134384974850605,-3.046673908853677,-1.5135292196866932,-1.5331446891669838,18.363702947443183,32.56673893514162,58200.0,11.909959666492233,0.0,19.696436493708962,-172.77793076361246,-5.266915138972424,0.04206313316891731,72510.39075461375
23.32919894427644,0.5288943501426289,-0.5728969900408529,-0.17272679472694036,-0.40017019531391257,6.315734525125308,6.742658778029511,-5825800.0,1.3786544309383402,0.0,47.98618825791818,-128.034244936874,-1.1349125653667531,0.06838330395621066,-2680543.8545633494
60.918076140269115,3.1995984874296326,-0.11523546747491764,0.12389743263823769,-0.23913290011315533,80.5368234023052,65.93995370567562,6164400.0,1.266728071601121,0.0,14.297805911163644,-12.554633110179795,-0.34654715596714153,0.10852734391068856,-3989080.5164059745
31.211852157175546,30.777387170531483,6.748191506983517,-7.984548576325297,14.732740083308814,23.26783084367768,11.054916864512172,7290600.0,31.092513366712566,0.0,29.97281300125081,1.8406381567847439,3.8273942639185456,0.12769263595557062,4076493.1693382803
76.37863005053785,3.949734114137655,0.7819758079314312,-0.011423632820355412,0.7933994407517866,87.85040731563842,76.72294308393485,70236400.0,1.164763077882541,0.0,22.345591963727944,110.32470039923129,3.8688534595927253,0.23852212699781727,22508955.976140354
32.91631160099129,14.68301569784063,1.8290122453458935,-2.7145688276590008,4.543581073004894,10.75474001326651,8.06892809999629,-874500.0,10.845488563308407,0.0,24.15787478470047,-0.5626648928498074,-0.0238742309411852,0.1325579806480953,2390741.9111820194
42.275796801850205,5.282126832608256,1.2662889022213761,-0.8426396825782474,2.1089285847996235,26.54545958967767,16.38274690332121,63568200.0,3.507365746857142,0.0,23.518183621749223,24.828792220576304,3.5907993887958356,0.14705623493447714,26181545.58172012
67.96246934867351,2.9540244135715596,1.0048877697540703,-0.1629489631178207,1.167836732871891,36.7646893828047,52.072751929349046,94020900.0,0.9573481300853396,0.0,65.04405564877179,77.80333132243467,7.438017879920283,0.2859033973953419,49274832.4270874
42.581029097038595,9.696155185482553,0.8112246672785659,-0.2953765390706762,1.106601206349242,16.386665606671812,35.833093649720816,3724200.0,9.02887118802993,0.0,18.483707346107476,-7.891724294824091,3.055353856761224,0.10087448601702675,2761133.8243441186
38.28309344805505,10.430865190053282,2.08658694742428,-1.780142712361945,3.866729659786225,11.982709425199898,16.3966016562341,1230100.0,11.905800771258631,0.0,20.044546720130633,18.80061716335358,0.694102652166289,0.10258638949301067,84688.18561605812
66.19033063233226,2.5758829360146223,0.8718673343817755,-0.1634147638721184,1.035282098253894,77.05630565170291,42.884337293147176,43751600.0,1.6490655111955137,0.0,29.90938500003045,69.79790799950757,3.2445394830562617,0.21847881394677818,23352915.86004317
40.49505175498263,2.6174907568440204,1.506204812799453,-0.5698414994879575,2.0760463122874104,21.022743692743404,27.180129342015288,16149700.0,2.5316747207119614,0.0,44.74109954187591,37.712074930582475,4.868917282338551,0.32150239097263017,14753464.229017906
63.20426185804614,94.50850013577633,18.53415727006268,-2.626065148528628,21.160222418591307,34.62427317049057,49.893747319218335,77101100.0,28.36551536780515,0.0,41.913514690577514,91.15100833391107,3.961520154524049,0.334050350566772,30799344.359142456
73.28547603043651,4.766551558784954,0.32792548045491543,0.30991201525455137,0.018013465200364037,96.0526894919056,90.92670911690756,102939900.0,1.6212169840253299,0.0,14.420637254953627,70.50212402246558,-0.6113346256200214,0.3241024040685662,101696416.19801219
43.870578887302905,0.5515862015542972,0.046922235593978456,-0.07866129052076226,0.12558352611474072,57.39131011674636,22.051949341441162,22820400.0,0.6339371499735204,0.0,11.964684599077698,-19.174924570287665,-0.5702061669898034,0.14127430028351412,14969499.219790772
50.01949803681543,0.48047484790507866,0.0761472211558214,-0.08835800483308537,0.16450522598890677,63.86559470687798,24.871168831235178,10154900.0,0.6502445646725958,0.0,10.091643132954669,-1.2836711258785047,-0.30702632808739255,0.08387602048076374,4194902.735379334
30.820202093295123,1.6596479669397581,-0.21567036101401982,-0.7828414820131292,0.5671711209991094,34.245381707159815,21.97622550809031,27943900.0,2.4585967675230362,0.0,28.131307321714754,-49.50766252014889,-3.6267892346863038,0.34032154811369664,60904583.88189317
40.549562052771314,3.0527874043004672,0.31457537682171477,-0.3209743203450943,0.6355496971668091,14.32430314702474,18.039173623233037,20035200.0,1.9974109991584783,0.0,15.353003201212852,6.747492285716633,2.9502594223187275,-0.053143560289030216,-14068817.835072037
51.1987195118997,1.7875351326569557,-0.03184757563935392,-0.01070507650609586,-0.02114249913325806,45.17769347995732,33.923427740705186,3537800.0,0.9073619767838944,0.0,19.67309506024607,-36.16041690579341,-1.414859392077227,0.12578464522821928,13761877.161091529
28.046450319001718,4.9944725525287765,0.2354103921806825,-1.2584912755713311,1.4939016677520136,10.667686261467514,9.303325806904134,-1670000.0,4.784505217074824,0.0,16.219255872187485,-32.14795343135295,0.39456431569454664,0.06652022176970994,360262.75070660654
54.637600130189405,7.752086136347373,3.1554891943898724,-0.9130476009041288,4.068536795294001,38.95416343008079,23.16046353193183,11932300.0,5.256322233783899,0.0,26.89050845339682,51.19756699894671,7.391500793047399,0.21792545714261227,6194109.048085941
52.88120470054525,4.028055348548776,1.7596555025129703,-0.5197140002096035,2.2793695027225738,38.761518459282485,29.96497477774858,9234000.0,2.550500385019928,0.0,39.26760501743466,51.34415944873744,5.1595612191619695,0.30394246951922466,5685725.367446045
42.85453707469693,15.579699018532779,-2.667012724139852,0.5860004295864911,-3.253013153726343,24.72690050823048,45.29066334706772,-1048900.0,11.33049910069654,0.0,31.82578983811093,-70.56639125983632,-2.3123790508098523,0.13939041314240763,-119316.09447899961
29.701259511449024,1.2721900041296301,-0.15434543766526687,-0.18634509476178712,0.03199965709652025,21.428532503060843,14.227766084727122,31352700.0,0.8206203733009078,0.0,18.102660644639233,-51.07767652453483,-2.1468985973768246,0.18862474122250414,57649491.17935536
71.32358379151786,6.367994499977954,8.264190798676566,-1.4304817231644265,9.694672521840992,57.87240397507946,39.41604620612414,51436900.0,5.903115821145798,0.0,55.30894628802618,69.99244964502698,32.255095032729095,0.42885445396312705,37007785.010102965
14.283880259675556,1.3627550999643887,-1.9171449861885606,-0.6742575896539951,-1.2428873965345655,18.3584941259443,12.454660568611274,-7837700.0,3.618123276949798,0.0,14.331836673904876,-203.42124687194823,-5.841002678035316,-0.08239375966511425,-3320932.7144165556
53.730885230192584,10.37715323146928,3.678857712023955,-0.9419424587766585,4.620800170800614,25.849419276465884,25.50346988056369,795105800.0,4.7871169884305225,0.0,30.539611671358855,59.75689063649285,12.550357109944839,0.32343924545841074,2176013572.518023
33.718756282531885,232.66272640018633,-29.468807817187553,-23.50412785581114,-5.964679961376412,18.913490121562578,18.96784062051613,-8000.0,185.29871239477495,0.0,11.141134415031647,-72.41411611022411,-1.1719941060897026,-0.07296367088634098,-5663.157294479519
22.783998354933424,5.415212637619874,0.5668962689561567,-2.498367164810678,3.0652634337668347,11.771994020888807,8.011927424384032,12999500.0,8.212208093516713,0.0,25.836480668612154,-30.3236047336039,0.14070721638597325,0.08978743341275093,18943407.93891685
53.44119013872232,46.768267584391424,0.8975597260375707,0.5201348082495569,0.3774249177880138,42.48044524232818,40.63877032778436,-3156100.0,29.34659073470793,0.0,12.950008396339792,-8.947397225795799,1.1056858236199154,0.09825444449198226,-958580.707554445
37.102933193398215,1.3525487304291417,-0.09428055409348701,-0.20655787248149332,0.11227731838800632,47.28039149338254,24.432895774145923,-54578500.0,1.365980216549106,0.0,15.245470490975926,-15.496420142266091,-2.063564836417257,0.062258490942950495,-12603039.829030463
31.282495273301933,3.689697743646832,0.48945497450608855,-1.279739726247509,1.7691947007535975,21.635252901876655,11.512388367834502,-330300.0,5.694148130093164,0.0,26.93361660321028,-4.652804407039382,2.0722762222600553,0.19952613142040995,8314473.472741074
19.107947056654517,1.9008579401217958,-0.8008418497808094,-0.33322071895099714,-0.46762113082981227,21.10081725560026,10.884152564557732,-14516000.0,1.8650687280894949,0.0,11.909242073409084,-234.72863749702387,-3.712968805971079,0.035414285426240866,-2872499.447039951
29.348675053363632,1.9455165799907874,0.2545969250622022,-0.4690853013788596,0.7236822264410618,13.374515313731338,12.217185455961584,65963300.0,2.0942544225486057,0.0,21.31368116540476,-19.226264971299997,0.7076645162683621,0.06290779446016745,46863921.86515175
23.592192346498766,1.5172359603501206,-0.6434677268958069,-0.39092933950953235,-0.25253838738627454,17.437005431934132,12.364271251972538,13183300.0,2.4556351136204753,0.0,20.064753488861886,-64.92373918967347,-1.4094819187064405,0.0838130192566515,204581.31630711956
41.376956595942055,7.043646940979869,1.9155456536227007,-0.9456777768538895,2.8612234304765902,22.179056093318003,16.890770493428388,6668600.0,4.27933658950926,0.0,26.459353813396216,33.072126287055035,3.744848357026036,0.1415147866666265,20572861.403866146
39.62489232382613,1.4886274321375765,0.1730506030678498,-0.16008049883314274,0.33313110190099254,18.95917001338688,31.9641418971235,22248200.0,1.7018174304317475,0.0,14.618783358533623,6.937674796732529,0.2032478902268651,0.09965345860494328,4574160.757620126
35.49061670190846,1.8977484661293147,0.5294418810346713,-0.4288128209713069,0.9582547020059782,19.488139900217167,15.87028270671488,-20457500.0,2.4683521578745418,0.0,17.322281928933414,12.217967680517596,3.199586227279444,0.09484073713243821,4061270.725541823
48.323823674870866,5.525776316136387,1.369446251153363,-0.3429153605153066,1.7123616116686695,28.28820754198238,36.66646462501356,-4542600.0,5.031036603010784,0.0,19.220537372224094,50.25914078990257,5.115201671788675,0.15641813917967676,5039689.398855433
49.842406042243155,5.641795330484513,1.6192187609034079,-0.8702077633789287,2.4894265242823366,44.36856513459512,27.1521471738717,818829200.0,6.534320879706394,0.0,23.07151762073248,31.452536423301293,5.1236098469529185,0.20387494814962268,920067397.4670944
43.24200821107951,5.234697893832788,-0.027637564033426543,-0.9022830408384422,0.8746454768050157,49.785168525854246,37.30305553708181,44930100.0,5.788375384495653,0.0,22.534524637944987,-55.859662115085406,-0.09628881551043357,0.20953553069942593,29427628.1211772
66.8749325661478,0.32859878284724076,0.07606358874533292,-0.0006695556291110571,0.07673314437444398,85.36597847021278,69.91877483043199,41731100.0,0.2609896263864103,1.0,14.04915619905784,82.32308004503554,0.25126204103723027,0.0583559743999805,22521091.165251397
36.75735018741993,18.444005505445034,7.044478289568133,-4.394555747337492,11.439034036905625,39.20922525593128,21.663388977640835,8494900.0,18.23114298253921,0.0,30.119932016464237,18.778417878628208,1.1380649502856472,0.1584193651186796,3249445.1802542126
65.03958438949408,8.753430508532375,1.953670185489898,-0.25742661958920454,2.2110968050791024,47.058757531218795,55.66081630526924,1977300.0,2.7845442767311264,0.0,20.711421591962974,83.40566143486073,3.666071968750744,0.3762444692916891,13772347.216142215
55.39893010727179,5.96204304596688,5.231772257582293,-1.106858744584498,6.338631002166791,35.77999593125228,58.1288172316647,2647800.0,7.082902466065564,0.0,27.720248881238202,61.006145691504734,2.057778057825467,0.31895278442083724,5159520.475276357
29.581787866502363,1.1717985400133557,0.5559335218945733,-0.4218946201298055,0.9778281420243788,11.597126005706967,18.617663610612187,59174000.0,1.8130287474701536,0.0,40.145086737828485,3.1994167376845914,-0.5835520205570153,0.08792752778441383,34156368.56948492
42.262132556480914,4.123460545795879,1.1260881642949414,-0.5422474018324859,1.6683355661274273,22.92049488153276,18.782645846074683,3734400.0,2.413309761143001,0.0,31.50742839710318,28.424423462620766,3.5630236076130353,0.15942053723504784,4524274.403771635
29.85356348872734,2.967852818029826,-0.9490204332912526,0.004108458824914063,-0.9531288921161667,35.2549506541664,37.29531406627885,-63265700.0,2.402152218042726,0.0,45.72896154352035,-142.94021904238795,-0.8433042647402192,-0.004511779345955643,-40047799.59681963
61.241651925310045,1.4529923913701168,0.13353596035285875,0.03267211561963876,0.10086384473321999,64.15088907522501,56.78571249354646,230750500.0,0.6098558071567468,0.0,12.504324446200007,41.299105902742035,4.66785895927768,0.12207452903607025,141021816.06292638
35.100643277846565,0.3597793854956457,0.0008852215708827771,-0.06371462848477591,0.06459985005565869,16.494808872109484,19.039655356923877,77936000.0,0.3915126016446542,0.0,17.618838137361088,-46.963397602141775,-0.46701650686172325,-0.12024600155024956,-40100724.034583196
84.19002896783745,18.240094584785425,2.3037746028597326,0.5764773528405396,1.727297250019193,93.77296270074896,91.47473972824724,101104300.0,3.4066733018607245,0.0,27.359975523780804,156.25785607133602,5.002949702912181,0.24723050837740365,60033306.088336505
35.73477771566304,4.623306216811542,0.5680121988564792,-1.309755652624664,1.8777678514811433,23.472200661532014,15.998704956901642,11205500.0,4.137666623376327,0.0,24.201442281345525,3.428593692365292,2.9752467178763626,0.14422696978661967,12780312.31514455
45.77728098152962,3.5427932800383104,-0.34723861844787507,-0.013620464992173842,-0.3336181534557012,41.489357384899456,38.96068298468636,-1740600.0,1.7405681099267953,0.0,21.828515405850048,-72.6049395354251,-0.9387628038661817,0.066629611524977,468760.6898070765
36.268366817034575,5.630723616503417,1.3101949087170226,-1.046561436315136,2.3567563450321587,24.061599103564447,13.916249157360754,11932300.0,3.9590215746658655,0.0,34.494507111380585,16.394460665056336,3.232398944902974,0.14040606595837432,7492806.629193629
35.715520161945264,3.8646378291181236,-0.29462772293442185,-1.6730867995012426,1.3784590765668208,18.12798415750368,15.55062957738003,1065000.0,9.700709184939875,0.0,15.071152557546458,-21.97465458029552,0.5291934800294237,0.14799198176390196,1766364.4149760862
34.5370124269046,2.4380783911811363,0.6044542793644183,-0.5572816024110578,1.1617358817754762,18.524896944317216,16.87470102110376,1403100.0,2.8240327713551623,0.0,21.769684723642158,-4.332081839909912,1.2136811961173144,-0.011629798538916703,-42932.27693686518
47.88506890668325,1.287884041526027,-0.20508884177589692,0.03715454841160315,-0.24224339018750007,61.46771331679132,54.172379813908606,23802900.0,0.6713338619922199,0.0,19.785944126416776,-61.14409783864675,-2.3655313779007305,0.09603557038760652,23982316.263073098
22.14422896726696,2.5935481027563014,-0.2030574790506563,-0.5296115702958218,0.32655409124516555,16.43606882824091,9.012673184473593,1775700.0,1.8868961261671366,0.0,18.98751761756002,-33.839772506333965,-2.3954364424549786,0.1598059964236165,-390573.074100873
73.76900089916049,10.273038760829877,1.3447621623302553,0.2247222691587316,1.1200398931715236,82.77040611178126,80.2896071832112,38577100.0,2.9205652778593905,0.0,22.33285762887641,120.55943087554238,5.201063527701099,0.23534106194518453,41152553.58510275
33.70406224101866,4.307526424172181,-0.40515833113312283,-0.9598511781620782,0.5546928470289554,10.197829863530373,15.611098022368912,22784500.0,5.921918209450466,0.0,12.687337674233337,-70.99429269448224,-2.5341892113376807,0.18213341785621454,13525134.458394315
28.493396493090472,3.4294128492667824,-0.34781333605788234,-0.6566462936853712,0.3088329576274889,13.07697273568462,12.083892919087328,16560200.0,2.9483675720206537,0.0,13.862818095531917,-63.30173993396348,-2.684503459239153,0.06308670897627083,9807326.200803922
32.1244353652024,3.4547675694682596,-0.18531497389068363,-0.4672924527599534,0.28197747886926977,26.77822397865046,14.68027998789143,-4790600.0,2.689118665812927,0.0,13.048709152267989,-63.67807838772735,-0.3664753753264377,-0.06468744362339611,-4566176.8737161085
54.422661182273444,2.823666833963401,-0.29215529038741295,0.04055534626169166,-0.3327106366491046,71.38266189768272,35.09878332064325,-12190300.0,1.7513711442919901,0.0,22.65509671422735,-54.498597459848966,0.025331444702258392,0.1306221620044463,10410159.723494902
44.98784170631549,3.0664393008871116,2.0971241443304223,-0.8323522010280402,2.9294763453584625,20.779277970072485,19.275977717072347,11431300.0,4.3051910260125945,0.0,32.706795651180734,42.25078299071674,3.5271744873652606,0.19929944658400414,6522137.00021155
34.011908769081934,8.120136974626519,-0.7834594949511029,-1.1755181120731018,0.3920586171219988,25.879675495174688,16.78135820987765,2801600.0,6.515998117622597,0.0,13.759209124927775,-76.90838078064426,-2.423782332905048,0.1853674012704572,3053471.044889107
25.330787810342127,4.05707996347914,-1.120796263143447,-0.4929997008066127,-0.6277965623368342,18.181776146576887,14.492713039490615,2232100.0,2.9958933969075945,0.0,12.358303398626376,-190.52898354784392,-4.157316371115427,-0.04240526502729947,4644398.617419091
47.3039740899239,12.201128504065196,4.89876296102301,-2.348635888765294,7.247398849788304,52.222970026221,41.983787971669024,8047700.0,10.704803906163926,0.0,36.28261553886113,33.63580942279968,2.905879369559998,0.10312601127908712,8309837.485435301
25.588599745856484,2.58018336359018,0.32196980986327617,-1.0141389064983592,1.3361087163616354,25.13927894786616,15.585400471401448,884700.0,4.770576350706878,0.0,14.286089434147911,-39.239887568257075,0.13776843719638499,0.017938749847103717,17252553.11884311
35.11096644793445,5.494368646911624,-1.148690092780214,-0.6011600590532526,-0.5475300337269613,24.024191734049733,13.948093400167119,5648500.0,3.866814926725199,0.0,21.66851543457307,-183.09558590458116,-3.2380259770181743,0.0949409471168917,3923220.162505464
60.44867025947643,22.244482780898238,8.600934678822682,-1.4847994942184162,10.085734173041098,53.170701934070124,56.06328038988397,4144000.0,10.003410042888644,0.0,45.67120763024472,66.78867725797757,10.187336383168956,0.290591502646978,9339960.379541023
25.612099728264422,2.9227258342574487,0.5358419286640412,-1.1351567115528238,1.670998640216865,20.91800523350792,11.619356547811662,5298900.0,3.601302400756368,0.0,22.784621844792223,-11.98845748655104,-0.034386596029292844,0.21570110930060477,8832430.92611341
43.18366985763286,5.777061652515556,1.3418352101919595,-0.4532030913936793,1.7950383015856388,15.156161562321545,23.654713724052726,13795800.0,3.0149016718772126,0.0,16.070228930801484,48.90018598011692,3.3844047979039176,0.1788581730912562,14221785.939575752
45.07962793108566,1.7055153329744144,-0.2436066505292871,-0.0004274711770968498,-0.24317917935219024,51.14934086918013,40.47704021516052,-38830100.0,0.9477046535612165,0.0,17.786767093414092,-76.54865007124971,-2.046216044298131,0.04164122944691882,1542905.346116335
28.543269511163476,1.7365726191322608,-0.326678211744138,-0.24328123776269153,-0.08339697398144649,12.834321687280323,10.906055103599698,-3268600.0,1.4453373131405147,0.0,14.337382313100518,-136.77531855697995,-1.8927813887459153,0.17743886107644008,3802624.8473061444
46.90474462085776,40.78013233096328,5.4712796957408045,-0.5908794485361959,6.062159144277,16.984431270815318,45.6039375559969,-5365400.0,22.258654425447993,0.0,13.656520649841104,22.20992287878601,11.639163475552188,0.23631986057577395,8966553.128625322
27.527375406945232,0.622957391166608,0.01826687777110436,-0.15983602750031678,0.17810290527142114,24.712664467734562,12.264407905933602,54043000.0,0.6022779105555268,0.0,46.439449283502874,-27.130677367011856,0.37807147581732503,0.2013680255807687,38372801.96430539
70.67516831302343,19.190622820702657,1.8555860561341433,0.4280040441466366,1.4275820119875067,87.43023248379816,84.79961626872286,8217600.0,4.593353064471606,0.0,16.110127256974454,84.7561312380875,1.7217792049924194,0.29911799130038247,13354952.621202515
31.535860673491463,4.10815917513662,1.1943908613299072,-1.1959490722192871,2.3903399335491944,5.530736750978006,17.71198038291096,2603800.0,5.491057611474583,0.0,41.5548004635511,1.6993727946029984,-0.8978113812112517,0.19830955160167968,8195062.405348569
34.3155883269177,5.353671480737447,-1.0084208948915006,-0.3006870673209262,-0.7077338275705743,20.0,21.658698587791193,-6082400.0,3.5081951065935004,0.0,11.53454568350941,-146.1656528848694,-2.1041075824058217,-0.04841453076431237,-2463014.249603135
65.68142537175248,13.370185312220883,8.262812762629608,-1.8163217750228213,10.079134537652429,65.20498289384877,47.18020718860325,11371000.0,8.300651457232712,0.0,39.322961869469495,61.03044238952439,4.084349622972476,0.16920924713943936,6026377.531503107
55.708247511880295,2.6963625541650913,0.26691774327909457,-0.018878620117285527,0.2857963633963801,47.22216335353706,50.69398463045206,17403200.0,1.0444735053113576,0.0,10.544457619398804,43.99060306492143,0.5569707171164925,0.26689267998239974,14924760.99965639
34.1825928866206,10.205154414172057,0.1646718872278825,-1.451063088971545,1.6157349761994275,15.966558957788378,20.0352716096225,-1034400.0,10.718287534977437,0.0,17.968926177179313,-25.33051120830124,-0.6047453530341689,0.14735777341666,1289147.0880827773
14.26362869028898,0.2373546543031182,0.2056842186476615,-1.7202389140030974,1.9259231326507589,30.553434672959902,36.905209864084355,-1753300.0,4.605607526550671,0.0,32.15133321521318,-122.50020217516955,-3.5282571798780453,0.2814768264570455,21599145.05116865
42.81273259830685,21.28622804324786,2.6005211654471054,-2.0521497757066296,4.652670941153735,33.259570148923345,17.554430070389483,20932100.0,8.384284582797381,0.0,37.11588001353824,17.689007801193135,2.940924621410176,0.25330127889831566,14717003.375819094
38.5611456692128,10.597342526858313,2.242558483107473,-1.8667691633943377,4.109327646501811,16.96019511565794,14.404761332922645,2269300.0,10.087369751419311,0.0,20.16205193105768,11.941870957010106,0.4510227833283255,0.07483016409979569,-30918.522202708788
21.888103554707598,1.2573536648097843,0.4501231397975971,-2.0812819424496505,2.5314050822472476,8.10964924015411,13.380909317207248,28694400.0,7.10483330423948,0.0,15.5392922441099,-39.80722531319261,-0.831460472469527,-0.12466642072643458,-9123242.434260722
45.22613780263182,9.118601150155854,-0.583265677611621,-0.13412276133331658,-0.4491429162783044,43.15603136514053,46.02327926911125,3143400.0,5.820300972540779,0.0,12.576790961675355,-47.388974910479696,-3.782427516937582,0.13063733659372476,2726388.0520252506
22.341357908028776,0.7748350021348926,-0.31335813013076574,-0.1692542990933214,-0.14410383103744434,23.628722544673757,15.44071198349546,-247139200.0,1.1015767398312983,0.0,14.482931056692083,-84.98763640731248,-2.5759751354604,0.013960595624049593,-29991491.17979885
78.78760009826348,15.6879973502528,4.282632095777558,-0.10476119038362874,4.387393286161187,95.444909518079,57.83614426452027,39109700.0,3.960414902700877,0.0,54.893839031338075,106.50764383222706,17.793332924667958,0.20690761263927027,18216995.233656112
63.21317810230768,4.51625709823746,0.6745192902558159,-0.07230552691755066,0.7468248171733666,60.42944569910718,46.00146209903507,11205500.0,1.6949926458572457,0.0,19.170087101685677,88.42888712125824,3.009817458992762,0.14972557439672068,26990166.912898485
38.98812215938583,25.346188999683704,11.796304606703188,-5.875388065015663,17.67169267171885,24.370236619907008,25.043405872794242,17046700.0,26.397560387021677,0.0,44.47587768782053,23.342125035418828,2.4804601370479213,-0.010940980624136794,8100345.9622942675
37.82929683866301,10.987255267112062,0.7418750127080216,-1.0976179743707601,1.8394929870787817,29.784464410202414,20.926602940468864,-2110300.0,7.384269919762114,0.0,22.128922424096555,-35.51928229596051,0.4041879785281438,-0.01586508771673221,-2317059.790418175
27.971902736500105,6.199953480851406,-0.8968877062764022,-0.8024785337654166,-0.09440917251098568,8.960156639012904,10.69683596234006,4356000.0,4.313279142641028,0.0,9.460764123839123,-107.4795065685665,-3.9340634063967417,0.08622333285841399,2710122.68481835
31.874534747749262,2.5173104474144736,0.8147542201630955,-0.615244763702163,1.4299989838652585,34.12700977646744,23.726356444826195,41833600.0,2.4506182239828234,0.0,27.626166734387688,6.48187572017681,1.7299548452464122,0.18744071723160952,20861858.41958376
51.23373840698168,4.878867094661686,0.07759976436719285,0.019292607504150558,0.05830715686304229,41.53543011447091,40.143888277090454,-9103600.0,2.282456586919321,0.0,21.903722314799268,-14.501832725528232,1.9637410073532378,0.10099552061015676,1689366.2628366665
31.124800332060065,0.8348742704154688,0.33187129021309403,-0.34788648969147495,0.679757779904569,4.6667734781901045,8.998011605996014,17887300.0,1.4527993346938306,0.0,21.77643399495246,16.11693641810862,4.39140831880744,0.14290924115588718,19026463.91765315
35.20709434600444,7.546373346993505,1.0368986857962454,-1.1082308488358752,2.1451295346321206,16.64580726433726,15.808300895146957,-1049500.0,7.068438555542183,0.0,14.936656975537623,11.560225665168813,1.8063495859970444,0.13349986595492794,-364618.04629312723
37.38114159078763,2.2227991044301234,0.7342852106521889,-0.4884412907827098,1.2227265014348987,7.194137987814918,25.75506232692359,-1752700.0,2.429741669928648,0.0,19.60499802369393,27.747005545902347,0.8258495997962888,0.140117885423044,2108552.5667812987
57.36618068425988,6.165019623346751,0.20526194481386995,0.17108270334921577,0.034179241464654175,53.42460742560029,61.494423762301295,-3038200.0,1.7937028173249667,0.0,14.16201580867082,4.003502208617135,0.04875008611095996,0.15965395912979014,13693659.59676989
34.05033436152596,2.118820146679276,0.37173619484845233,-0.2438072478647788,0.6155434427132311,24.513663148832585,29.208352009099922,115835400.0,1.1212845822245165,0.0,36.33143569569364,18.43786438836098,-0.7376508658922268,0.09578814068745561,548969.8201902807
31.879769676108523,2.669060768469194,0.35902652973315696,-0.7603735610108695,1.1194000907440265,16.99022159508089,11.618193501618164,-30854200.0,2.9486087380687076,0.0,19.373860633205375,-2.5388463138668724,4.547628143275334,-0.08477423565860895,-8835110.749218006
50.6809935509222,4.044081540364289,0.1545187061815767,-0.14187402875594057,0.2963927349375173,51.92306886158515,31.732866728203206,-19418100.0,2.798379285315899,0.0,17.866552819125836,22.48738769338739,5.845780105353248,0.2812124069542916,69440169.21408202
47.93957532860803,2.2693422726221826,1.1038742175257141,-0.460499119785845,1.5643733373115591,43.31060659796169,26.184964333688878,30619100.0,2.290167047487475,0.0,22.47193028344285,36.661235335982674,2.4411053993440395,0.14204941262264148,5801519.935527173
17.932302288260882,1.940025353112091,-0.7085617154262707,-1.1155899410154924,0.40702822558922164,7.231943764443847,5.764625262329801,495700.0,3.885244826718731,0.0,16.752123098155884,-149.04931027911144,-3.97670295797911,-0.13752554050981805,-1488987.1389754065
51.576669465811236,20.591674190720596,4.3055040736391845,-0.9476862134362101,5.253190287075395,8.41903625429823,27.491965842347934,1026800.0,5.440467534156955,0.0,25.831566088608692,67.42600730366355,7.317938373978962,0.23045844433792875,4932616.117488234
26.183554782495495,9.420664600484258,-0.13040823156774195,-1.9974013466495244,1.8669931150817825,22.621566937302894,13.02066502148466,2953800.0,8.368500937177807,0.0,26.4551652186235,-55.405700485325056,-1.1288507190401655,0.25870367190508814,9991381.962799147
42.97016391484711,6.7961883172605155,1.369748238331944,-0.5783923095786045,1.9481405479105485,13.424652666552051,7.310723988876646,67096600.0,2.947381633222489,0.0,20.588657955543827,33.630685506520145,25.320414002574413,0.06820521913913974,108969351.8645333
31.565077318984013,2.7449343341254746,0.45694251660254537,-0.5694431602213834,1.0263856768239288,22.314975325800468,12.577541979548295,29076000.0,1.896731197214025,0.0,34.58670132781899,1.9171365329370873,1.9953273216594776,0.2145937773812112,30512085.637113005
38.68305656471464,14.977979051294255,6.125618226184997,-3.310418371119873,9.43603659730487,20.695244356890953,17.130905862451705,5101000.0,13.19097150027361,0.0,38.99695757428581,30.175949858716926,3.3029638452325876,0.26293085311013176,6835316.727438279
39.92560235876933,1.81209887660971,0.1654377713778814,-0.13413044126985602,0.2995682126477374,15.460561814389937,26.91293793984799,-12854800.0,1.3776810206531238,0.0,13.454905826858528,6.925025651218217,1.01766956989841,0.08744547400304256,2081700.0212065335
55.01478321011764,7.782865263263318,-1.0597638612106266,0.42624320060761933,-1.486007061818246,57.795720977546615,44.1811235948826,21629400.0,5.962544783310534,0.0,25.17404205467187,-24.079312463861637,-0.38144156724243805,0.28700427822107477,12912961.826668127
24.410535716616735,2.2914081261744315,0.3612879024466622,-0.6459980590879004,1.0072859615345626,9.05917833782812,8.559228576658898,6432500.0,2.223746883008611,0.0,22.805550247907135,-8.309526996206657,0.30191803509439297,0.06326988880131611,-4572110.156104249
38.90064465649367,5.336990768197268,0.19170863820852446,-0.9181245154204658,1.1098331536289903,12.896623282596982,12.60220044696137,-1523400.0,7.443834755853455,0.0,10.387934702174274,-62.885004412752785,-0.6885886283732918,0.09786613030885609,15431530.679054746
22.682375950031137,3.5945653661535033,0.6158458137884111,-0.8997121835910715,1.5155579973794826,8.022160080198386,3.857031944195254,55549100.0,2.654731841209648,0.0,39.3532437505734,-4.421455224397418,-1.4613502864128027,-0.060469356430521044,6274006.460915754
36.30388056125206,4.057061420886328,-1.6533262441452905,-0.2837665404967935,-1.369559703648497,38.62569695041257,23.817668067563414,-5694600.0,5.642803261376601,0.0,22.388141425240335,-68.41381646622064,0.5640568870922271,0.010028635478463922,-3771244.4400061145
40.17487869228548,4.438581334029635,-0.3381810967489116,-0.3548637536912136,0.01668265694230195,42.26805294955076,40.32073740880926,-3226300.0,3.443674707291002,0.0,13.287147723048742,-70.56304311798914,-1.0706161428041054,0.03467965431246645,28782430.839268006
39.62050289304465,4.023994885434064,2.100706272501924,-0.9846953562754353,3.085401628777359,27.73823779056089,13.76868231780258,14654200.0,3.5893018586716092,0.0,42.46403681163139,31.123250537079226,3.5124048754379866,0.1530116637318871,6266188.833355719
34.93466463078206,9.990840373542483,1.9988072691054413,-1.6628068069396682,3.6616140760451095,20.479419412556542,21.096142157021927,791000.0,9.36396896161869,0.0,16.303184288683646,20.851026494602642,0.2598172607691731,0.27308804079767973,1982581.2662467633
24.3455050172126,5.181132565934831,-0.0769033402971786,-0.6728959179237988,0.5959925776266202,16.84994418651394,9.066806149873106,-10969200.0,2.8403921670190027,0.0,12.614389964923104,-32.52923982009877,-0.4170180225846847,0.03267029587038696,9018053.100944746
60.11738034876595,40.41461378539367,11.41232127421614,-2.2579698526651413,13.670291126881281,33.68639793928548,28.39829084804016,619257400.0,16.004279215326648,0.0,36.68199386715134,67.14986043518387,13.773213044734556,0.2090697849514994,881649962.4790256
27.91393817420416,5.384222523202197,2.316379289584262,-1.9129022604626957,4.229281550046958,15.789498547816244,12.938704225346598,40173800.0,5.9257768221051474,0.0,25.00459197191986,8.888467035132068,2.339350252132727,0.15686739290043936,25732161.745794956
21.080725346267023,-16.720571186513325,-13.504304988334525,-14.853556710854098,1.3492517225195737,9.886603318589506,6.683978916923606,1040200.0,58.4581545745176,0.0,15.323809104564543,-134.74844181833421,-2.2276002528451886,0.11717607928739374,606673.5931423438
32.687387629485684,2.2345287142992163,0.34700548499191086,-0.4916211809002011,0.838626665892112,19.287186926695384,13.404230688746708,8218200.0,1.8763930356667435,0.0,19.043126983498702,-6.031826500403241,0.704314985558835,-0.02952878414823176,-895721.9505237648
27.79405770896002,17.059593885989443,-6.218811157154505,-1.1249071731031037,-5.093903984051401,12.126116346770612,24.755032944474078,-32978700.0,13.747298236033776,0.0,28.03980720140694,-154.32147462129038,-2.3491184248257575,0.02284052692406206,-2565316.29348899
20.822501931811168,1.7349586405266706,-0.19866563752222532,-0.8765590456506477,0.6778934081284224,7.136305700472841,10.71257067955082,46099500.0,2.7310997245037885,0.0,20.633048318270784,-105.48370502083512,-1.5547722520302993,0.041485814209491344,8675931.098874725
33.9951367515253,2.8195032291237396,-1.122249324874872,-0.6459889351198865,-0.4762603897549854,27.425392785668127,16.748791712263923,11524600.0,4.545825968281047,0.0,14.376618847258385,-164.25087980889845,-1.2150835506129032,0.06514830899969236,4878235.86785368
26.152621559577913,1.322787237570381,-0.4238785881928919,-0.272924909767109,-0.15095367842578294,18.457970580475873,13.097313092114836,-1211800.0,1.3994464597899081,0.0,16.332744847097466,-105.80498906321314,-3.1189054540281753,0.1443214150059262,21570962.871567074
57.453549226849724,20.876305041810383,7.940861829550272,-2.0999400914443065,10.040801920994578,33.91029791795861,37.633611895444226,17700000.0,9.780238747878627,0.0,45.62555691309569,63.093306469537936,4.585772503838543,0.2596636649644379,9067412.619754327
61.03106969986958,64.99256997181988,6.393730958790229,-0.2274236171700048,6.621154575960234,69.19236476734494,43.17662785291005,3831200.0,38.534508886669514,0.0,9.759801109424734,30.942861816913442,4.223548054815169,-0.01885914637668418,455950.55363584874
52.86500242650105,13.097672092050459,1.5836876710087608,-0.3567675257595835,1.9404551967683443,42.25776961228122,48.69970534276083,2138100.0,5.165039188502473,0.0,10.195406423047785,61.42916274891764,0.47822374232506953,0.23884420447770707,4584128.992284343
51.949605812993134,1.816818245988685,1.2275134237112297,-0.3773673873513599,1.6048808110625896,39.86935274758153,26.45666075874239,11539500.0,1.8080411416385034,0.0,30.99460850866633,47.99251458649485,3.5672345965924204,0.23887223446792857,10761666.41313084
33.29354270011339,1.1951109508993412,0.05099687137764164,-0.25523789391204854,0.3062347652896902,31.36639561001962,18.631580317881483,-13309600.0,1.0599843398711282,0.0,24.828528128646383,-29.42120962617557,0.6921314262519048,0.19800588094325464,51539081.02652738
44.92873713251759,15.947394631185489,2.5704178001024047,-1.1875984528360655,3.75801625293847,35.821783659535114,29.616894561417784,247200.0,13.418658016964955,0.0,11.525690153748862,42.532018264078495,1.0299008534136547,0.2548794213494406,1287845.155478435
40.09051630898424,1.21684341562392,-0.4600602728914893,0.07601010535196961,-0.5360703782434589,36.440694404034524,37.34125393155236,-5699800.0,1.2174970323472198,0.0,31.3710897068454,-61.750222014622025,0.45207957224067524,0.012214776368013899,-759411.4913142147
37.21709968815243,1.168408701042523,0.2817037633087267,-0.2611203994681721,0.5428241627768988,27.443593387666482,16.506810190310812,26278000.0,1.0203018956121008,0.0,38.95671849183405,11.21179771675915,2.1894292216156614,0.2524165085780715,51283383.744495235
39.91478015380368,2.3860586548751144,1.128699250423054,-0.684494603302092,1.813193853725146,15.217432167510507,9.759879370580013,75012000.0,3.0659391514853525,0.0,35.91677451050025,29.689493780027423,5.9654662323964684,0.2229632873079373,124516959.78269352
17.216806149232983,0.6037418121346292,-0.6012439590221277,-0.22870869751545542,-0.37253526150667227,7.051323590364952,5.069048241413214,-10829100.0,0.9531326705495525,0.0,14.824672849793995,-214.3191852257874,-6.668242217485547,0.004149085462373714,-4682144.903235437
48.70081820656444,16.044290098456315,3.5423804943495725,-1.1997963489671513,4.742176843316724,23.28209510216346,25.09405674078526,2553300.0,10.93765564873086,0.0,31.763052849226284,34.066536672778255,3.7917216023778453,-0.019333255337007575,1485253.0055198038
33.6252256059437,3.3464715460829098,0.49614608925762127,-0.9866052441455786,1.4827513334031999,20.874785565749978,10.62878076037746,-20019100.0,4.687563238271141,0.0,17.907379035201746,5.094521149056531,2.6765870423880003,0.13497740802525693,7448987.654625636
41.994705254144094,5.749819004034833,0.06100073355591462,-0.492381533646678,0.5533822672025926,25.96439992076294,26.112761883200793,20120900.0,3.9528328346579693,0.0,35.0612658862096,-14.900651386325544,-3.390701735487389,-0.1348960499203033,5162720.580218133
36.194353923314836,2.4587149801368327,-0.041620714887756094,-0.3459457423182853,0.3043250274305292,3.5805506828412597,13.569740959302303,-55835100.0,2.377908907663263,0.0,17.223961187976748,-17.508986711361874,1.094058935115215,-0.1220750949243653,-26708808.645395257
47.04626433964244,24.267095713779554,9.526625992057575,-4.1311328002333685,13.657758792290943,32.490234375,21.28594905924965,4440900.0,21.636782551712628,0.0,29.88728383881522,36.95614347586693,4.378354630436476,0.06540165364929573,4131889.4982686
30.890516023978716,37.95495563397276,-23.058683005359683,2.5473391119107944,-25.606022117270477,11.909068714488637,44.30746128642323,-194986400.0,20.71871821900321,0.0,53.42865455325682,-82.10571219737169,-22.349202409208125,0.16474294363766864,50107992.1784176
35.18578222677892,8.587416388003192,1.073407977478439,-1.3608630001078357,2.4342709775862748,17.832185367571345,17.927397159479174,-481900.0,6.010445602317329,0.0,20.72236622130507,3.6122512435024765,2.437016153767766,0.17352995379453456,2000864.4950241414
45.44247100688347,4.179765646392937,1.7889095405142825,-0.906683318791083,2.6955928593053655,35.50395875201373,23.37681416557851,2605500.0,4.123676075907142,0.0,23.928257568781962,36.801065113668216,5.458843413705044,0.11432689680269502,2429422.318338032
40.199579170886075,1.9689288123711322,-0.5953108428203961,-0.006162445162544272,-0.5891483976578519,40.856154725326924,21.849422722898343,28947600.0,1.3685292891964194,0.0,32.166988274441564,-90.00614085357203,-2.8632015277743585,0.00420449173364128,2801479.622395843
51.59310021961184,2.251543384712207,1.1377246592161754,-0.30622111054717216,1.4439457697633475,32.51524122678711,37.382677736110935,7609300.0,2.1067787181410167,0.0,20.33650785513813,56.34648067192403,3.502989502782929,0.20109268101568087,4058598.619169879
44.987874954213524,-5.386976204078508,1.360845574139205,-0.4620302870015265,1.8228758611407314,24.47594607139618,49.971814705422524,8557200.0,5.214566296545966,0.0,31.33337243598636,-4.994630809075176,-0.3152400685242089,0.14299617716267676,4180021.138721997
69.2808405778153,17.112918170582418,3.757619012743362,-0.0938853464254974,3.8515043591688594,74.9532251808246,82.91605559120273,-745100.0,5.880487462204911,0.0,24.76651275165396,90.58660497323598,1.3796410383430937,0.33368396571635794,5474106.384529459
43.63451864716197,1.3254402856150804,0.013469258773014303,-0.058027963113797515,0.07149722188681182,27.21890285605939,30.082488368251585,82747900.0,0.8284020561189228,0.0,21.424500052096782,-32.043074039948806,-0.6649871852065675,0.06476408027599463,11502929.101643533
43.74902987853519,22.901918649498725,-5.930279372295331,1.2867878152926302,-7.217067187587961,41.66263623119171,39.207120575679724,-12218500.0,13.712356922772,0.0,37.254106521662386,-52.027747132764844,2.5906515491231126,0.058812478022402935,7512444.817234315
35.00252043663454,0.42816127753017597,-0.02189170073363833,-0.04795994240284315,0.026068241669204822,20.398658493887005,21.84761639615284,109017000.0,0.3172613292429168,0.0,19.152562298966394,-89.66404528084709,-4.1196044290289215,-0.09224645082619086,-15789807.819368873
45.16281983754535,0.862018976629848,-0.09002965472332392,-0.029711559520327543,-0.06031809520299637,38.65536790174114,23.257811920632957,-43581800.0,0.5671024752281304,0.0,11.158091603241985,-94.99423090559003,-1.2241095088691112,-0.002370971820155475,-1110838.0046271821
32.31624800707713,9.101424486650842,2.063663569865696,-1.5964392621379955,3.6601028320036915,7.796857030582484,10.662464117234148,26197100.0,6.791921854093151,0.0,27.151460885080382,10.983510862348686,0.45020856461054776,0.07783234597270337,7786473.88436819
68.77406292496327,16.26422530990598,4.603027860595063,-0.5184148580305887,5.1214427186256515,87.09884427469557,55.99174977657697,70893800.0,6.9919033163482975,0.0,26.011880024062453,94.85263948697687,16.508289990504142,0.3230820282564137,54466098.59420804
41.21625397550744,5.056252816748156,1.9656856421608495,-0.9607523508163491,2.9264379929771986,16.231602342619773,34.8237749567915,3563400.0,6.053731264831027,0.0,37.39728237724481,26.20101330241371,-0.3543478105577755,0.0785584237877972,7765118.524440167
55.135586944718355,3.209993104878592,0.3001726115813028,-0.07250172322549764,0.37267433480680046,61.30442570638148,51.86810307289519,16604500.0,1.3914040814311275,0.0,12.06270145057126,46.79495799822854,0.8139108631151443,0.23482167996276374,4220319.939747102
42.2648872344975,33.31664897979658,8.618380916537717,-3.605216368515535,12.223597285053252,13.039981579307423,22.13037882465763,1093200.0,20.34935344788896,0.0,26.708679199629888,38.16891722153485,3.583296705163404,0.06509569365688131,1588126.060058673
39.7652193928328,5.3174551627329265,2.149346574956951,-1.1361772787091957,3.2855238536661466,28.437253021019494,14.487553530619726,6293000.0,4.667422382068719,0.0,33.80449436421435,28.25576461319158,3.4783554286737695,0.2232932799171736,4923456.736031738
43.85676628848461,0.13242092949091422,0.02327340951269008,-0.013564566365317679,0.03683797587800776,36.84202601026959,45.33618475410858,-27311400.0,0.12615840547640148,0.0,19.649837589705484,19.223876057332838,-0.44563448792237803,0.19335813135714802,86865393.93947054
41.505788703920636,2.3777934841920967,-0.017219853580570543,-0.18082029432535893,0.16360044074478838,35.07844096705579,33.60686010670447,177294300.0,2.2414677666413803,0.0,14.669906225261725,-69.19521876047442,-0.392891726650598,0.21299864264395257,117479637.04846585
48.93183253337689,3.0030501764246367,2.6348992522353143,-0.8553855859767303,3.4902848382120446,20.346361094734895,21.184338639631846,48850000.0,2.784420816041001,0.0,40.972766705036385,48.73394575891998,3.568056156490588,0.26195847845791836,42392471.96393107
46.58809855432433,0.6289693548141493,0.0493254181825602,-0.029606422208105415,0.07893184039066561,33.333333333333336,32.26499488521276,360100400.0,0.40768933032223253,0.0,15.911126646927594,25.405402629248997,-0.7717717439854377,0.20156103710311019,-26858753.234985173
76.080682053628,17.809590249486405,1.5442803341738625,0.6319491969094615,0.912331137264401,93.31652876659611,85.13253610112393,12556000.0,4.302697262364665,0.0,18.605894901262705,92.51817837220686,1.7443598533163265,0.27987425605799093,12076176.73694165
39.583500674762796,18.180578563781864,0.15095824160192706,-1.4257420850005447,1.5767003266024717,25.506767859145018,29.48904881659225,-209300.0,12.634985311620852,0.0,10.667537943179907,-54.320975639936286,0.6713938193876652,0.10834261931824139,1222473.6865629454
56.186279084679526,5.738697829681811,0.04340622866320132,0.10188309468101031,-0.05847686601780899,61.58360461343983,52.06732412377471,-10660800.0,1.965067177172641,0.0,14.268428164880154,-14.697222189844156,0.0824851639330957,0.16045977338643191,4121142.834646792
29.501088034984438,1.5558452064012585,0.1600414784611388,-0.4386328904703404,0.5986743689314792,20.620839571333114,15.563860896740792,91029600.0,1.8097717703879488,0.0,28.080657774142946,-32.12084780989307,0.5245064165896005,0.1437577322147368,83345986.92092298
55.482438054221134,9.928969895144235,0.25827433486290374,0.027150963565049646,0.2311233712978541,46.1538676511275,35.84854229997296,11857200.0,3.227472047710092,0.0,11.60422660904263,10.394712748163554,0.45658604796840635,0.17876155888160303,8158966.737565667
30.084971440835297,7.92652514105805,-1.413420535025523,-0.8705971044987248,-0.542823430526798,13.018944104047609,24.242809090488848,-1410900.0,6.928377282485226,0.0,20.270380968944597,-151.32352123679465,-3.506055245611648,0.0021326633056339235,4468227.704297037
71.04337819254587,4.522228670411657,1.4994302604808425,-0.23676799039684937,1.7361982508776919,45.55985465856989,33.97563824387822,100391900.0,1.7216989125083195,0.0,44.60134528759384,74.99239375219899,13.786852701644818,-0.015161023220969535,-9568724.994187213
28.22668418277019,0.99049819318369,-0.2367509533404828,-0.11873612143830589,-0.1180148319021769,17.919049015565292,12.639231421625725,-13753800.0,0.6546112518476462,0.0,28.309748053650424,-129.20535002509655,-3.7390292883180605,0.10618458303911067,-5338182.625565501
21.699226399048595,8.363677284042353,-0.15543815205978717,-2.0093374103592962,1.853899258299509,34.983307187554544,28.28506024572388,7604500.0,7.34109486013706,0.0,32.211278541383344,-37.202949969907415,-1.534521547340796,0.0409464596823971,3401247.1504896516
62.12718453551285,2.917112937275057,0.011542672485987282,0.04319498819973369,-0.03165231571374641,90.76939629875973,45.634395580359545,55721000.0,1.5038642316253001,0.0,14.174688536202414,3.845558647403449,2.3066282250681978,0.21852132451891096,44928893.23362929
46.10072009444161,10.090438236578791,0.0027104504336534774,-0.1354370353592644,0.13814748579291788,42.93888628428492,44.209777852754904,-3549600.0,6.5511360909412995,0.0,29.400919547105918,-8.259170901782031,-0.016183488970641237,0.045191647727998205,-1642462.4046734301
16.194956156034067,-8.188332781586098,0.0059953307711566595,-3.9189278816769986,3.9249232124481552,2.6825887664493013,23.45174555743206,1539300.0,8.38813575200263,0.0,37.969355249758095,-99.61397638882428,-8.168068048148964,0.04483076728282358,4964725.313839496
33.07882577918733,3.165931083339842,1.0314147732408259,-0.9443917153146009,1.9758064885554267,17.870770230467684,13.427653594570524,16331300.0,2.8700161288428827,0.0,36.77831576194862,17.390753697533107,3.152478516939182,0.208262786985172,15443622.224859806
41.64855207013844,2.909061631963766,-0.10887470339163485,-0.17785403037609637,0.0689793269844615,28.904550781701552,22.081099122070054,26977100.0,1.6625737167967616,0.0,12.635293861088227,-67.5112808092424,-1.2462784956964856,0.3161399913711146,26575475.962903537
34.77749541296887,2.2529157589159183,0.7959873654272798,-0.5700174615278135,1.3660048269550933,10.367249280315326,12.114813949281436,4181500.0,2.4335084269795595,0.0,29.483474338908852,11.108025837674203,0.9768047151335579,-0.011246055032284515,88400.05635376618
33.68123379647799,0.886535756205376,-0.45053559820408395,-0.23362089410851483,-0.21691470409556912,17.02905286239128,20.039885454345846,-2188700.0,2.6937487755645533,0.0,12.961498239628215,-137.51262877199312,-1.1418469400048608,0.16990465583334347,9599455.082742672
38.05760189620907,11.416971940814562,4.878658669974698,-2.6929340576444183,7.571592727619116,28.614390459878237,16.069488640240646,3081400.0,9.591361524860845,0.0,29.046424062362274,25.80971591725248,6.561433977229728,0.1371694275863092,3296243.769791206
33.68155208356444,3.169251850166276,-1.4300063835263899,-0.1936410967137412,-1.2363652868126487,40.19773581680403,18.447364368612956,10410400.0,2.8335975122943524,0.0,33.887535615235215,-97.31904690091667,-2.699295997833223,-0.03448476645655709,614679.5180425467
58.17090367309703,9.747622905438249,1.4481074502434694,-0.16813972115498554,1.616247171398455,56.42991656001148,54.46284176415682,22954400.0,4.268423180044721,0.0,10.927337872332947,68.29360620087134,2.078230344573473,0.10819087096967751,10447572.624434121
