RSI,BB_Dist,MACD_6_13_4,MACDh_6_13_4,MACDs_6_13_4,STOCHk_5_3_1,STOCHd_5_3_1,OBV,ATR,Golden_Cross,ADX,CCI,ROC,CMF,ADL
55.7809363126465,2.472204696018622,1.1503148742948213,-0.36839080459202034,1.5187056788868416,80.2703694691999,51.21824791465144,22084100.0,3.5361734365270494,0.0,13.690966557741689,50.025254108136686,1.6789520780819205,0.19754562876039305,6605288.70446863
30.652163436116346,0.6215286595093659,-0.8504284913504563,-0.41301877146810645,-0.43740971988234983,22.134452311737814,28.585424680448103,1080400.0,1.7549645166722165,0.0,18.370173534671697,-205.81952261022397,-5.296262177032988,-0.0034347043206114326,2471250.3939946443
52.716509087512605,3.165028586904242,0.0663511407389592,-0.06746819801003626,0.13381933874899546,70.96805949578929,47.46564491090411,26119900.0,2.577697713094266,0.0,10.432025626810002,-10.278418624813881,3.336969995636955,0.022039236785684438,7407707.3814307945
56.659110692070335,5.29212496218571,-0.2879268180125223,0.30480471039325785,-0.5927315284057801,82.6153094951923,75.43088693451504,6831300.0,5.105260123457138,0.0,25.0258673833195,-23.618985358066272,4.610004825987548,0.11487142585163174,47313968.49700883
57.46445383090111,6.224650945536382,1.2400070578355553,-0.34254996019796535,1.5825570180335207,87.10255732825786,63.90188177547791,15821200.0,6.405647915303779,0.0,20.719721761680873,37.92409477584822,-0.8364260307575961,0.1531156048322064,19075349.462800287
61.499346677410664,10.453802890007012,5.258151728480982,-1.1803079950599829,6.438459723540965,57.76736237281977,42.525864491868,13810400.0,8.208639467378116,0.0,41.5965754485025,64.50699236121217,3.4771031838221313,-0.04324225459751121,4336771.324054078
55.729282311420775,1.2807345472052418,1.6976192581416427,-0.4062511559812929,2.1038704141229356,68.10671842115212,70.46816036634142,182373900.0,4.3291581152192835,0.0,27.544861962041654,52.19022271511592,-3.9840319340579744,-0.20550236901294228,-98032480.35150732
39.424613086700475,1.4041567807942474,-0.3586910503605001,-0.054938644939135806,-0.3037524054213643,90.76930751466459,44.619568254822724,-80901800.0,0.5199227844913179,0.0,30.006194665058345,-68.50801569557419,-19.72843591628751,0.046643560427870615,-8665979.1777912
42.02526033496975,2.561104036257248,-0.763948069653523,-0.03263072269908429,-0.7313173469544387,51.35129562169221,33.410394190913586,-2768200.0,1.9500548860209532,0.0,34.34072091841362,-117.34017012596738,-0.5027098783284825,-0.110586288054586,999069.9004745472
64.3443610191245,4.15483942892709,0.45682328329340294,0.1204992688116413,0.33632401448176164,62.60080877749697,63.5459504963081,1536300.0,3.551722622372864,0.0,11.085585533190464,107.73479366488739,1.578194215575144,0.04917894778996308,539951.2240698999
52.86762757996579,11.78075142725288,0.05065816135146406,-0.007739384123593804,0.05839754547505786,68.7161643865855,66.30660889947315,4835900.0,6.3109005353518235,0.0,20.040227455554675,-13.019753087055529,0.6225145030995889,0.06804657901094303,2679025.4501514835
40.416785730725465,6.096876419593883,-0.3747966127389759,-0.39059630087583436,0.015799688136858447,62.2223038536963,57.14691104941539,18845000.0,3.950365626630542,0.0,17.29019695293399,-15.365966592305037,-6.613311414851126,0.16531898938923434,42951115.31858286
39.359575185936734,0.5061382788751416,-0.6722430038950193,-0.0036250708855301017,-0.6686179330094892,23.046753927949837,39.99582999049863,-15528600.0,2.251135428564332,0.0,16.31837072566002,-82.74385154037344,-1.8320291048941812,0.013411858340795923,2541929.7104585464
39.308566980633174,-0.4064960985911057,-0.36795092744804947,-0.07243930995966774,-0.29551161748838173,54.47162288033528,63.39573350633222,-12857700.0,2.762379893566374,0.0,10.080038213491717,-54.609020168673375,-5.877537729153504,-0.0045324369826051526,-4739726.504509931
56.133026562504206,3.3645810947352004,-0.7700270316474302,0.25261518571002073,-1.022642217357451,84.716204488022,61.0789082981216,4374100.0,2.418153135258788,0.0,25.201200850775585,-30.516931393882622,0.3662517876524173,-0.021787138886628428,-6319345.087626238
62.7693814236897,12.9948751597058,-0.13013884602617054,0.5485157665893011,-0.6786546126154717,98.30068983675093,81.31204511512294,1094200.0,6.559588143631134,0.0,26.393822788439333,20.91672329913479,-2.451367436368855,-0.1506265846777413,2627206.8272503414
54.7438912945871,2.0684676830664728,0.6997298935893923,-0.12011118648357977,0.8198410800729721,68.75006165998546,76.05199196268173,155600.0,2.7042555351199655,0.0,36.73434149755087,48.17094938338408,1.6090191685560793,-0.09192075830117877,-894882.639086578
51.42284410615043,1.4286416681829337,0.10181021959473924,-0.056799849912380296,0.15861006950711953,69.85641042489154,53.04432192952115,18811800.0,1.2822681767227155,0.0,14.517398804634713,18.835786907510112,2.2821187788326003,0.2050332922659124,11942732.374778902
57.7528287358631,8.229064982139391,0.9294593606812214,-0.10197965106773021,1.0314390117489516,84.93892339544513,71.47350514677817,1581800.0,4.041431670834403,0.0,11.5921756600582,60.83510616607698,3.075925161567903,0.2134263599184485,6562722.266639987
66.4079600789936,9.537877782263308,3.0297555784192696,0.04538622261408598,2.9843693558051836,44.707196370884596,61.140461627065186,185063700.0,5.289606424041225,0.0,22.10960770454407,113.45032891201289,3.9245363033148766,-0.13137239006325338,-81509501.33872312
66.13379289955608,9.18197723744575,2.8989207513979522,0.04692613755129793,2.8519946138466543,41.713730313690746,58.63895883405283,120442600.0,5.248819907933164,0.0,22.219723326848882,112.22137578712467,3.686834869182935,-0.1689521635288578,-76330530.60780172
55.850848630010915,2.2635101958909445,0.22706592106002432,-0.006386933671535533,0.23345285473155986,69.15869858178785,65.16688283755741,10412400.0,0.9577325238218286,0.0,14.18081707373949,15.942426534786458,5.592042621672789,0.14084557737441605,29285377.525182147
60.16619472632855,4.407895601794081,1.9768463077025444,-0.26162499662006633,2.2384713043226108,71.62405989914713,78.02514688221787,21901500.0,6.026009717846594,0.0,22.455683467426084,57.51950638480336,-2.164091820098841,0.018764420263838514,142475831.32860178
44.09188629249394,0.2434381737092366,-0.058735608368904124,-0.0051904428672346625,-0.05354516550166946,62.1620576689615,52.1330801884015,-475978800.0,0.20278917982851,0.0,17.110159473512244,-89.96557224445266,-1.0893287379668746,-0.16481288611450612,22947615.35513888
46.392733808323214,2.386792816140712,-0.4343504888777545,-0.027898549471113254,-0.40645193940664126,71.67229540595926,46.515980075867354,14542000.0,1.8529798422154948,0.0,37.45522951175461,-77.15111709132232,1.2209199101496482,0.07507756738071762,1555374.3172425535
49.40857263899117,2.2894176285385157,-0.3339646755518686,0.050279034907818376,-0.38424371045968697,64.47878495092436,49.79376385650983,-9147800.0,1.9478259304093897,0.0,21.116136272011683,-45.97530021247077,3.996351138814281,0.008931710938710917,5138483.620278866
62.476923980445505,11.1516565323397,2.0760732244861515,-0.1895706690595591,2.2656438935457106,91.88131376715985,83.61547133554272,17829900.0,6.967511180288028,0.0,23.05149035811538,47.231557840859516,-1.5728094384226774,0.14751641592835343,18102124.30213405
59.75451720708626,3.245320396169717,0.08647845012943378,0.04499031004130204,0.041488140088131745,92.83010067915967,69.6074979771263,5878200.0,1.560623990840234,0.0,12.371145728662551,54.00773208847306,2.075951838945893,0.010153433693994834,-4305026.460819483
54.354956507033975,4.523357679104123,-0.3709294167549615,0.24729646935339245,-0.6182258861083539,70.40974154977518,59.161945315531284,-2523000.0,4.87729240507739,0.0,14.240996933115406,-30.52588088923013,4.503670764727231,0.005510022115178118,-6856433.450526576
45.055521849271976,2.870824485512742,-0.24145524204260482,-0.07003984689383269,-0.17141539514877213,41.255461167124544,37.91415169596137,-9705200.0,3.0994617238485036,0.0,14.956094348167836,-38.60073687085297,5.768932550728458,0.06487052382110715,-1869267.7654974055
47.6482342807976,7.24815255658649,2.8184965036597873,-1.414203318770964,4.232699822430751,55.47769232036101,63.25502792855044,2826400.0,11.160387460357558,0.0,19.283731781147864,29.9743788499999,-2.2523759977283366,0.003883526729582069,903676.4799117236
57.24519030531675,2.0660446194858935,1.3262813170036338,-0.29440093106728993,1.6206822480709238,74.32211433160546,73.97610430321451,11296800.0,3.4461948811184273,0.0,21.520807722866476,51.23270075096,0.37912169573331556,0.08755106125516511,9069727.363947684
74.8851487021307,21.73419117495274,2.210095015863203,1.1043897760637427,1.1057052397994604,98.09783453751983,90.78961841082302,-16219900.0,6.988267290830667,0.0,35.211195557489695,135.3260372961155,9.06122287038637,0.13882076399034568,20931651.575572047
82.69083415839768,5.6238315168463515,1.791544089548296,-0.02079784572229393,1.8123419352705898,96.140327394895,93.53611886664565,81963900.0,2.050133202055052,0.0,47.538449690014986,109.58588375342492,3.84211260195506,0.2514409239157867,63392645.786888756
46.41142633008822,6.169750991989872,0.9047880133361161,-0.9290125847164117,1.8338005980525278,52.98914801196157,49.625017690253436,245000.0,6.6941730620842765,0.0,28.796452316277836,17.129485239543126,-4.880525071315764,-0.012766581277249814,7042057.052681526
27.058862589766104,1.9789914516717317,-0.756161423967967,-2.240295995992635,1.4841345720246681,25.991932339188367,47.82826010364619,-971800.0,8.710111922750471,0.0,23.376954649155497,-65.73504827651075,-5.499182209252668,0.1346951169250283,2956454.297471794
66.65640873411704,18.35806169949825,1.7430291702062846,0.6548546162964302,1.0881745539098544,100.0,85.85715320104096,-2753200.0,7.604719952958296,0.0,31.739055001065093,126.48923745077568,4.173531359969571,0.1121079336787647,9261191.307871424
59.07422606720061,0.46489455838278815,0.0845913486677432,0.0008815577564776356,0.08370979091126557,82.63889532765985,81.36303307803503,-24875100.0,0.7289836303571096,0.0,10.467802932493763,36.818426459131636,-4.567968740896924,0.14746451058167062,4532523.860514403
34.46834210043677,5.843538883465271,-1.5137962024983267,-0.3738086988419653,-1.1399875036563614,59.805074059033494,48.689742443385796,3481500.0,4.757182763455278,0.0,14.363387176052864,-56.03772490117979,-8.369305070624216,-0.09993566044053237,8024510.943517627
39.387226903063834,7.459961881553227,-1.7908918401661822,-0.23976854998601183,-1.5511232901801704,62.70527512284442,52.97571342131888,-310687300.0,5.966611576410082,0.0,14.252429030676035,-41.05776817836635,-5.8305490397268205,0.0657541437492961,198377104.9909295
39.052584909836696,2.30461057194654,-0.10106310798985874,-0.5954759152993412,0.4944128073094824,38.6639279067792,52.592023866712736,3991000.0,5.457720358772172,0.0,17.43210265409017,-0.2774429986395417,-8.15810609415751,0.022669484559110296,30676671.212188635
63.34884425998619,0.657230444810935,1.2229566812948605,-0.19905160883030493,1.4220082901251654,85.90018568719155,87.61994546700413,5735000.0,1.9475106153884771,0.0,47.65585267813077,60.561065597321296,-1.91587707596578,0.21760617178861347,19418806.369162694
57.074463113998654,3.530853629469334,0.1685914895812317,0.05691866414519192,0.11167282543603979,81.28328937249213,73.27218410708154,-5431400.0,2.0974651345094597,0.0,19.29974241101057,40.817023044381024,3.6873951902986013,0.07676840083077306,5425175.409274652
46.62509485665286,0.869077502391967,-0.002837786856240143,-0.05760721833016324,0.054769431473923096,75.16762887389751,56.71482821517577,-3534200.0,1.1343993223534476,0.0,17.368093231497785,-0.5938184326661895,-1.0992649467585587,0.08330359618424855,14369130.81293909
21.428795919418555,-0.6556966650655198,-0.3142923047834216,-0.9267508243452758,0.6124585195618542,1.5099611565686661,34.25161613360194,132993500.0,3.6642988766167153,0.0,21.201481300930908,-92.7825556492956,-12.064750892737022,0.13848111598457633,59255324.27080164
60.29861811958517,12.492902493865643,1.7700159832876352,0.020890284125342884,1.7491256991622923,79.75389625762939,75.24184684063782,3803200.0,6.981970243345176,0.0,15.129444422727989,65.8626381367545,3.7192023732683652,0.21141069092861287,8036925.70607806
56.56351479522278,11.25063651690968,0.4550109503703368,0.15703471343322883,0.29797623693710795,85.72688366574428,78.33692492922908,-483800.0,5.144945653621861,0.0,15.429277703220626,35.229106866875604,1.8696895171750196,0.18957627300223528,2635092.8268130706
46.94287457889917,0.7351470517142893,0.00351292890017163,-0.00932773615599717,0.0128406650561688,39.999930641771684,38.88221561585545,207425400.0,0.5575693501398844,0.0,15.16695220302954,-17.678617520754223,3.5552140987976273,0.013880267021232864,27051407.10863428
39.98698321559153,1.8791041397655306,-0.6773152534999838,-0.15527217004464866,-0.5220430834553351,43.32671233483167,34.89001885641085,8034800.0,3.003986181068499,0.0,10.358960184083449,-86.98828555428288,1.9366071386280075,0.055410363011092596,6321119.211626942
55.14341638165563,3.706189036660703,2.9742755585062355,-0.4543563198865286,3.428631878392764,41.22084212027201,55.262542612340575,5785200.0,6.434412064628596,0.0,41.897265261666334,64.47772287660273,0.4940080574086494,0.015228352829373397,6305290.626177283
71.9817994952771,8.807474588028185,4.0511604850112235,-0.41072362121542927,4.461884106226653,62.57256781604446,73.9551981668995,4739600.0,5.091730723646765,0.0,30.33061377833243,85.38371872746586,4.75420680681745,0.39412401145174,16284397.446058583
32.351564362039895,75.69170430596569,-6.377836039149315,-17.00821681776942,10.630380778620104,18.603150732422012,25.693167321315922,600900.0,86.64292277008376,0.0,17.45189015201,-64.19490210572243,1.2124756750428836,-0.03926471223158978,-149563.8774151986
62.2481497763008,10.09919423865395,-0.7147684416807465,0.40634862177682773,-1.1211170634575742,97.97654468842981,61.26196161662279,-5779400.0,4.259199939711493,0.0,11.473908640661106,-24.568862603240802,2.1924593428215347,0.10909301384336108,3044519.0440451954
49.89692440603743,1.113983724821594,0.46018821357750994,-0.40679284992129183,0.8669810634988018,56.673789649415696,42.81692256548022,-2494100.0,3.7011951290730827,0.0,18.832242402981784,24.74779490805807,-0.47642825135590716,0.22689036660913423,5844520.808751792
49.440870112987525,30.406623318185552,16.226411747161137,-3.7207064238680303,19.947118171029167,39.683271306925896,74.00042351613664,9974800.0,21.801843664258342,0.0,32.93581316256999,62.69556907260501,0.24157531737810814,0.14939508490943687,4498862.91879276
57.82637755556821,0.8145921774117824,-0.022297849632998634,0.01258802001999796,-0.034885869652996594,84.06588109041672,66.24341209008887,-21486200.0,1.0655858918574501,0.0,12.020114422915801,16.832565590955774,-1.2684977280675322,0.009382467326304194,22594349.656794555
56.428175904364906,1.5546944506538765,0.22125529619329143,-0.061886099734971944,0.2831413959282634,90.09437781716434,64.88592151183205,6177000.0,1.261555232057072,0.0,23.27903981263691,53.614064710846165,1.2287290972263185,0.006615656223608589,13557003.662285816
62.71796580073088,1.2172616978141662,0.4350808482457964,-0.06869145961432077,0.5037723078601172,89.5735856697594,80.84236221842758,584605500.0,1.01774356445626,0.0,24.836149269541156,59.53683413592243,-1.1175681297317612,0.09551036827166198,196044572.3899664
49.51760352427759,0.6576826136194391,-0.06215202368978723,-0.009607972679202784,-0.052544051010584444,74.24244394641512,61.027804610094826,-12536800.0,0.9026443679363177,0.0,15.838844746275148,-53.467900155555256,1.2533016884564894,-0.16626698394082703,-9250080.706801135
50.70017279086268,2.273138534801859,-1.102587217007141,0.35183117667055996,-1.4544183936777009,61.78637653314269,58.33727796099489,-35105500.0,4.786699701621218,0.0,34.48141344895603,35.32318655220874,1.6372371546061832,-0.06004101256517805,-8123826.405600503
46.6404280865148,3.5763525388664448,-2.578126615161352,0.3154615206198712,-2.8935881357812234,62.42097553453947,55.69035716032264,-11938900.0,8.580272717368615,0.0,29.253213736599278,-88.21935199760107,0.5522445000006365,-0.02650526804492472,6560222.909560801
24.699772325072928,-0.8901278509563184,-0.36719078144965067,-0.5218668354047582,0.15467605395510753,23.344970891336516,62.22300217969846,12061800.0,2.758063393347734,0.0,22.769716310379106,-121.70593062951842,-9.63346471402401,-0.13737843839366376,-2112867.747665676
50.73891848872444,2.141079422034501,-0.3997375712991058,0.10598448152595852,-0.5057220528250643,80.5654105582125,71.81639321196658,12440400.0,2.156833447336613,0.0,16.50225660752159,-35.46232297232525,1.146666106755254,-0.0012294165927740901,2667529.743867202
75.65007874085315,7.1582699174343105,2.068998787827695,0.2811790063294244,1.7878197814982708,97.88180138740988,72.65804837869275,-2740800.0,3.7628615966418497,0.0,18.13302170137574,139.83594884172322,10.28495220647447,0.21965704357545857,5265995.027486196
54.81829390262911,21.26598639702047,6.93684851718649,-2.076229521560993,9.013078038747484,76.08190129797816,61.67104127233205,3466600.0,20.222924165371413,0.0,15.422134369410973,48.26637471368674,0.9575424264267471,0.03011000850322087,2237782.9561168896
43.717561645095124,5.796313698824719,-0.673961742246405,-0.269902459268997,-0.40405928297740806,84.15549817989398,63.17320623030677,-41062100.0,4.448091646700575,0.0,14.168125724743401,-29.439100872323856,-6.427700716768311,-0.03408186418377332,10708961.58716219
52.74720404691219,0.2291905797932401,0.9201983697807066,-0.2883340969398316,1.2085324667205382,49.7909098454329,60.26825937356259,67189500.0,1.7221601110648306,0.0,29.03523957810607,54.3054219674507,1.2849638640513767,0.07147425545788329,8274769.70577651
75.3095914695261,7.644062832609734,2.853375632684646,-0.3530703187519566,3.2064459514366024,69.69692185198635,41.884226703900566,141780500.0,5.380385272043314,0.0,40.40960722551348,81.30329826245536,1.6901091414844225,0.11263319149638114,32911379.686383463
82.38786460213329,318.29581148608213,89.1687173311766,5.295911702493555,83.87280562868304,96.76387938919974,91.68930625499128,2180200.0,115.45148202530143,0.0,37.6319538540397,162.33743362549518,5.472011310157519,0.16494220639248153,2023410.614084772
44.94608008092501,1.7416269268169486,0.32076854596016346,-0.18064914712482671,0.5014176930849902,31.545759546375674,44.80506491350036,47306200.0,2.020716356574772,0.0,30.702543821203555,4.4477334528913115,1.5055882444921995,0.19744979849785035,40418127.651656516
65.63888767691313,2.358184705813926,-0.06106072717200561,0.14071963787898084,-0.20178036505098645,100.0,57.44670347637467,-10253700.0,1.3238205669181993,0.0,39.82401774180109,10.721496268786213,8.45421494228714,0.06631936943875763,64639442.81931085
84.94320695159021,17.84449875039374,6.865626643229319,0.00794293553188119,6.857683707697438,79.38661094029054,86.87220758096987,331089600.0,7.84431352116718,0.0,42.819006211424316,105.7926257338159,4.243497462828558,0.24570410128718687,266687475.89550114
53.46360755635599,6.2118214239696385,0.5497271918749504,-0.09347287280412142,0.6432000646790719,78.11970181488108,72.43065385651421,1712100.0,4.269406380440275,0.0,10.28261611760256,55.98597372216795,0.9389850839863031,0.0948203589805625,3028982.0960460296
55.95794909119545,2.8854526700263676,0.02419881150972003,0.07616157648472839,-0.05196276497500836,77.01126577764266,55.569948954030444,-1998400.0,2.2860689297780907,0.0,36.1321979507287,48.78275698435658,3.1680062912382456,0.05867856794883462,8940819.324880617
39.73577620876614,0.060509224561002384,-0.23236064596602546,-0.07800168778365388,-0.15435895818237158,49.557596810511,35.63770255763324,2726100.0,0.8331894963684241,0.0,16.913945611307508,-97.24598823848721,-2.124609932713256,-0.1304904402938522,-6540338.2670321865
40.6831547126756,4.2568410777623455,-2.0103641678487634,-0.2193591160063728,-1.7910050518423906,45.31551100134645,34.28352412431082,-5441100.0,4.502092784110411,0.0,15.72669970941498,-75.57373640242834,-8.852817037852994,-0.1433002544295231,-2811400.9826861136
52.2844282811542,0.8176059817328252,0.0725226426886536,-0.008471683635439667,0.08099432632409327,67.70028132140231,67.92028324183411,3506700.0,2.1080695861087406,0.0,12.408654465680044,34.53300781876103,-2.4823438368720794,0.038085997224087356,6555839.0143904
75.317486453608,3.399920081115333,0.6645486367414861,0.23140457216466326,0.43314406457682286,99.40241435542971,89.72501256456893,2745400.0,1.7860937239717678,0.0,11.239804453685965,141.4980183072982,4.144604202802714,0.07616955343540878,11121744.811865367
45.82266411124175,1.7689277419860048,0.4102405963511444,-0.3727611378144198,0.7830017341655642,41.15225820630759,27.45722568316728,4360700.0,2.2762888748727956,0.0,20.127426676691247,22.738926029312626,-1.9687854016207347,0.1328942208654447,6671486.144345095
17.143310144301953,0.9339401963121645,-4.345407755168026,-4.135432492519522,-0.20997526264850364,16.866202879792915,42.05741072473534,2405400.0,10.744855751972382,0.0,41.34477724447196,-242.43123163722385,-10.923952862722405,-0.1422034915087053,5508503.576136584
28.056070747018854,0.5773103975670857,-0.3533566187880268,-0.16210692438971427,-0.19124969439831255,20.12576503866279,30.119486840447014,-22336300.0,1.1230461921042736,0.0,29.921091123153897,-66.16507099819691,-11.143695069339175,0.04695375951624491,26692610.998717446
57.42327058604966,5.0942088096618505,-0.3518443415179604,0.09827450727366849,-0.4501188487916289,90.92559335481378,63.3536317915509,-4683000.0,2.428538654829569,0.0,13.690079283058013,-27.005778558291006,1.010891498129269,0.11310244051952525,862611.8625598333
44.8363806096885,0.9347292691951097,-0.42717993024524503,0.01750705846128181,-0.44468698870652684,73.93933929351708,49.798042972224586,-24134400.0,0.8550216531517693,0.0,37.77163194306437,-111.29090789211774,-0.40805362501293896,0.00930992363948324,-8836058.3168622
49.83611167073719,5.687726882521815,0.18908924116107073,-0.21075196811543828,0.399841209276509,72.63777605899271,68.51840951087483,7836900.0,5.977388704855259,0.0,22.85630669487702,4.786510023055927,-2.9766188934738254,-0.04814827837346817,2726124.540335302
60.34896101438542,2.721151978842812,1.4251540687502597,-0.23985042965556103,1.6650044984058208,81.36045322817456,69.97408137069498,23031500.0,3.0153671704367957,0.0,22.32612386013323,64.83079244034984,3.7598555982512387,0.2665752607588041,22947904.522803087
29.953856001690106,4.207433153525692,-1.1642282469182703,-0.06624950729866996,-1.0979787396196004,61.71006300635169,39.54220176927762,-24145200.0,2.1262611882533076,0.0,17.198213100212186,-115.86125511507231,-7.107047650417586,-0.0861719894719993,1009473.2027959609
60.44741083042276,1.291569559378754,0.5169762497758512,-0.05882044267070996,0.5757966924465612,75.12193079578336,79.67478918362347,177504100.0,0.8394272666686887,0.0,37.529430756126324,69.10658498064588,0.7394522748430502,0.3372121363633163,233321694.66210434
42.35055302231306,1.8344738606568,0.11673882508345912,-0.34701545622554103,0.46375428130900015,51.03688497004779,34.69333522936947,29320400.0,1.9022309377164703,0.0,38.20120456011385,-37.84524940157665,-2.658120136339026,0.1351772131492367,29048880.04312907
65.38269575867149,6.499831810581327,4.552662664730747,-0.5321962776848252,5.084858942415572,90.935747136078,85.90647585156209,11482300.0,8.151107443702458,0.0,36.363291680572075,65.48190750858488,0.6091645771618792,0.033378641002547726,2636768.7256252826
50.86171571324496,10.4127284402405,1.3146471083290976,-0.2132270263212508,1.5278741346503484,37.54349548071347,49.24445084326422,4665800.0,5.553169061238385,0.0,14.317812999745248,8.849189418509965,6.420646650233794,0.27664754470082187,2348184.247311464
50.63771620143715,7.62303359400093,-0.8230119274798824,0.03308388355454028,-0.8560958110344227,91.84946905194681,65.39400747837495,3553600.0,3.4835152415934716,0.0,15.336837160388038,-47.68154755264438,-3.401518264910365,0.035218917434560314,6682203.256979512
44.181503299278276,0.7452387293246545,1.4319888409865769,-0.7773521708354618,2.2093410118220387,53.125092489978194,63.642307267860126,7169100.0,4.788707488659744,0.0,39.904170379954,24.730296646382286,-3.372618232701861,0.05317663126151135,6329680.60137211
52.28425119834263,4.8680117261030205,1.073365140613646,-0.20700515733044256,1.2803702979440885,57.439048444902625,42.14205727031851,1476700.0,5.960834269247961,0.0,14.321517704735102,5.3326584159597,4.334639159787482,-0.03765213010153899,6756865.39697195
33.45217895097043,1.9367510720577172,-1.232733675974906,-0.23611598444778692,-0.996617691527119,18.676146596216505,16.681792247770716,-11790000.0,2.005221399740687,0.0,21.725548625380203,-146.97049508208957,-4.9604854588643885,-0.014533440257809635,14951335.40727211
39.86702102252761,0.2968907833874752,-0.055526548698004774,-0.017454907467661346,-0.03807164123034343,35.38456572580527,52.06147714948717,25401100.0,0.6774213385444258,0.0,15.558575131460655,-61.79488469322547,2.0907792948529926,0.009311781401652112,18879926.011804093
62.79951341599724,4.983271592386302,1.9960441825848818,-0.14369343471431506,2.139737617299197,52.34167943487792,81.17974290355914,41849700.0,2.4025367240119184,0.0,45.13230046447085,92.71216628075909,5.428804637157891,0.34647215499140066,25241906.24927031
51.69004299514647,2.43443935248834,1.0162207605292224,-0.502800477292503,1.5190212378217254,59.64435111508178,48.359746459241045,-2280800.0,5.842314317661923,0.0,22.305495647773157,21.9337657004109,-0.8996041939213684,-0.07533361449939346,11016714.167859212
52.26748545573072,1.485643701592636,0.8286829691301705,-0.23288436250192612,1.0615673316320966,59.246727457999114,65.4959306883066,118380400.0,1.6637416822791795,0.0,35.56335834732923,54.6877109227508,0.6883873897563041,0.15931955908236284,39157303.32775921
26.60392506229485,0.38371389417852697,-0.15212815318881212,-2.6806861579215493,2.528558004732737,14.350794627329805,24.829876443438607,14234300.0,11.811866615676342,0.0,24.457724091669895,-64.29026933744875,-4.361375448664308,-0.1138730854917403,1604680.1983623935
56.12610291595824,2.6160864261461825,-0.18940216224100936,0.06519502981018094,-0.2545971920511903,82.47028785069455,69.60574280323351,-31768800.0,2.9088199094606577,0.0,14.81123455803586,9.696908234614467,-1.468347905831594,0.03470012682174438,-38732399.34268141
25.800382838916093,0.6735047210088183,-0.2821639483053744,-0.16312562750628368,-0.11903832079909071,3.4091647990567306,20.22104045061495,-82236900.0,1.2731709746942514,0.0,9.820081031836331,-112.1190223653604,-4.804751254947003,-0.10898958899586275,27072719.548907474
67.55758444617463,11.953368099371573,0.7835473515114018,0.307416307549649,0.47613104396175276,95.66134251335345,66.04987994770482,8308900.0,5.159372518066061,0.0,11.34428782419866,100.33412098313009,4.538342736538882,0.15874278906050499,8751311.311442938
74.39170825944461,4.23738747241417,0.7679477740061742,0.2266044740392814,0.5413432999668928,78.25151937116904,82.5550235150641,-2570500.0,2.048966384320902,0.0,26.338376637561066,131.37694803885475,5.680281682503831,0.14884012575736064,4431356.697496977
38.83870716677165,10.50090805263659,-2.894039724312563,-0.05397174925690029,-2.8400679750556628,42.55794807738712,26.295611704013993,1207400.0,7.78926785673661,0.0,24.50081575880167,-68.91093460806484,2.8679681933101167,-0.0560067837046431,299505.24776843656
62.02413647168797,6.18662080155363,0.8842447780619977,-0.007090222415698011,0.8913350004776958,99.5122144866839,81.83619114610656,4607600.0,3.081998057221439,0.0,19.91602052994266,66.11740412147643,2.5085427835889695,0.21914000679138573,2910095.824100216
70.78150781844776,8.153556598146793,2.6679128219024904,-0.09476529270931877,2.762678114611809,73.02805403862841,82.1326256733743,13043600.0,3.8053481331465213,0.0,29.039479172821075,104.96311393480912,5.121607479861146,0.2542123803268855,14407608.131635899
50.61365948026496,0.2655643597667634,0.6345447611168851,-0.18038714934191025,0.8149319104587953,37.333170572916664,58.791389345295585,117536600.0,1.247920895558816,0.0,33.698497094017114,50.84558137649564,2.8715912795611027,0.04258797976269293,7584882.384645222
63.7551204021722,2.6033011769520584,0.7690076780286716,-0.07089219012741133,0.839899868156083,94.63411457121856,87.96374914241936,67073400.0,1.8126152060466476,0.0,31.06373152569465,61.3869736228654,0.3187645913815304,0.12887416318264278,59036841.20171439
51.22735103367552,1.5314853769835963,0.072542465610546,-0.09610037893406598,0.16864284454461198,83.94480061420144,59.99994483839081,30697100.0,1.0572337258641216,0.0,23.071102809891215,4.594116584445629,-3.1978884976559194,0.06134469121621255,21572262.073652502
36.407888619215626,3.7878486785911036,-1.6156546948090522,0.02244653424123788,-1.63810122905029,56.46589145247428,24.74009520833003,-7413200.0,2.7397550662689656,0.0,35.641201494020976,-110.00851593250317,-1.8139555524445514,-0.030764624018398204,267675.11287322524
78.96950831135847,16.016013672002146,2.931872577486274,0.29504088395606853,2.6368316935302056,81.69626840931694,85.40742504997633,18165800.0,4.950709357065963,0.0,20.769182011378735,94.90324405819634,7.356916188860121,0.08371403500254748,5027933.981982757
42.36510649185397,1.9894327646638743,-0.591722909971935,-0.041019953860552905,-0.5507029561113821,53.15332034270514,29.62284823833163,19022900.0,1.445214705008048,0.0,19.291460878618377,-95.4512664789037,1.1048148366268162,0.033327290675498986,4326840.383759614
51.63486192145918,1.0283101364586855,0.06288109172753309,-0.01602981566897227,0.07891090739650536,58.522586881792215,53.27651935320403,85716200.0,1.1419057367034602,0.0,12.536122265514065,0.050458291508719326,3.368990859288644,0.03720349615305494,60873149.56756117
58.90487849584155,1.8005406368403527,0.545405988978402,-0.11744064631360107,0.662846635292003,86.11115316029924,75.47390235600191,28641600.0,1.6340149860294986,0.0,30.827771445679033,49.40740745856261,0.7443542761916134,0.050154086386178284,10109311.28416497
40.95843900068693,2.798939873737993,6.85497567523953,-3.372432904912845,10.227408580152375,6.87603564249558,18.430922061039798,77958300.0,13.711002965215512,0.0,36.80217326230541,35.272119403697644,-5.531303717268273,0.06322959508825753,84860107.99990246
61.17413040027389,2.972896374576706,0.4223418964046459,0.05306095932918098,0.36928093707546494,58.466563478811956,54.100173469346295,-28095900.0,1.7402524739658822,0.0,10.085766141153439,78.25711058573562,5.401397023429656,0.1421610561523697,10196500.035380632
32.23563894545062,0.4613805256558621,-0.06851917734350366,-0.0865422259473366,0.018023048603832942,31.654591360667435,35.627802237385076,43309500.0,0.7170843113159331,0.0,13.847882924409607,-73.79227424547841,-0.8101926587611042,-0.0870245209100715,24765499.31274368
45.852542274109034,0.6689833216606189,-0.17205071006423722,0.045179553432756925,-0.21723026349699415,62.16217609457695,64.70495284933584,-39775600.0,0.5119909301270769,0.0,46.033876855478624,-60.12928666653277,0.979952364712913,-0.022319903920623343,-25445776.276422918
35.32336994799967,3.0016843399525186,-1.3346826192198193,-0.15405838239453074,-1.1806242368252886,56.65230289654811,26.39989441860929,8701900.0,2.534919210844968,0.0,13.66741930134795,-106.47041135731412,-6.7424551223910605,-0.24985367521173976,-39054556.01821428
45.75158558021394,2.9515830221023123,-0.7180232601885592,0.030637855646171386,-0.7486611158347306,54.28553989955357,33.56049880953177,-18748500.0,2.219560567205916,0.0,25.175473391255093,-56.51462152872332,4.140224387363903,-0.00036408753724605924,1708646.2621433556
27.307062637951333,1.783665701326413,-2.3046889065051346,-0.7769802978946241,-1.5277086086105105,24.831553140055206,19.761958956494738,3458100.0,4.1784442392552625,0.0,14.70359532397934,-198.0999091455139,-3.774891839970953,0.01902000257537887,3808547.6917542787
65.89410672407107,26.537367015968073,9.972851807111908,-0.6018251496240907,10.574676956735999,64.97795685862908,81.34633579023875,53339300.0,11.548999489718346,0.0,53.67252453731698,104.20164037368465,5.425805769450422,0.14775979702693856,21089243.374750078
43.965238740342585,-9.816472239633583,-0.4190940372886729,0.006168546125654983,-0.4252625834143279,64.51612021110778,63.4568832650414,-12742600.0,2.026374395816915,0.0,10.564266508935324,-74.72373779733009,-0.6337792077717238,-0.0011057669864750436,5557070.368140886
5.48992844425175,2.941864955110617,-2.7484771459859516,-0.715156075366302,-2.0333210706196496,2.7722645133146124,2.0885860497178204,-25102700.0,1.6053235476921033,0.0,28.708222299407097,-201.46839965223978,-17.622557389744735,-0.33633158872763197,-18781085.467737094
77.33587434023052,2.5409946676122814,0.9656129540790133,0.025660319473375326,0.9399526346056379,90.87303569617455,88.13413815392799,38434200.0,1.1757915051328074,0.0,31.943881293592185,128.37939999250898,6.275262429839714,0.2020957379827398,33676263.22061614
41.88370203097131,8.226486829824978,-1.9492275978622615,-0.6619488050312428,-1.2872787928310188,64.37532776634798,51.94334990752776,244700.0,9.342350758589717,0.0,13.170732628320861,-39.457318693614695,-6.5625421740529655,0.04561621340955692,1511253.9650834696
63.72583816274801,2.985315323438556,1.090960674334056,-0.11122772043195583,1.202188394766012,64.02876118337998,83.00074618910564,36738900.0,1.2878471882576348,0.0,41.469114528076126,78.0317156670289,3.136562896059173,0.3340147388144069,34735479.3668861
34.29842936753602,0.8639331187758188,-0.6329666927947386,-0.002738983902125791,-0.6302277088926128,40.99998474121094,35.957589087912254,3960200.0,1.8889793190726636,0.0,23.341586261645684,-104.7258082125947,-2.140312715455546,-0.041564187253894026,-7467768.043138987
39.831528794722715,39.827434065034254,1.0236778932422794,-2.004119139396254,3.0277970326385333,20.413040843534116,24.184500886154098,9355300.0,18.815893240941868,0.0,23.53830646657991,-16.943448351164125,1.7346766230495776,0.12430196842497596,11490788.955801718
56.63065093315831,-0.012852631349346666,0.07745111824497286,0.007383117172255246,0.07006800107271761,69.44444935017687,62.77779855627287,5037100.0,0.7274832406753429,0.0,19.772273973300223,57.647230661588225,-0.12115824446880415,0.013976074680505952,719288.4306277097
58.15354764709303,48.675675588746856,9.66835688761131,0.3871856609257609,9.281171226685549,65.1367632883907,82.79445177733972,26878100.0,16.914712764100205,0.0,27.941083723754478,148.6865328367053,5.246133639745851,0.15989170137222153,32154301.064849347
44.287767328784916,1.5942355065331526,-0.6153169503097473,-0.008862513027529606,-0.6064544372822177,53.61442599141923,35.15301162498519,6110100.0,2.271322518998036,0.0,12.281659739162878,-73.98010302281854,2.158195097972436,0.056394509050542885,5956510.116782309
70.89063440137507,1.116344235432397,0.43531390539610015,-0.028048488467860233,0.4633623938639604,83.33333333333333,83.5650221501967,124549900.0,0.6395697500987916,1.0,31.15264607591781,79.30576459302907,1.2568462166237815,0.20954775475189855,112274960.47958547
54.97315846525823,6.363584133156962,2.4750070572871437,-0.7911694543656287,3.2661765116527723,82.37033671104649,72.1030059747877,3217900.0,8.293163177359787,0.0,17.134096572175558,37.715475718310834,-1.839431991677985,0.13136358207694618,4733768.747298243
57.31077664973694,4.305657016898067,-0.4875353881545976,0.2575286497936824,-0.74506403794828,84.09702700312785,65.74083802305383,34785000.0,1.985682467215495,0.0,18.136155959331308,-32.72147428614798,4.563620622898629,-0.15097868174836201,-15814953.384483404
51.20116658244265,7.519017836500495,-1.280470290932584,0.19458728642080736,-1.4750575773533914,78.6016551902499,55.37892768618959,13042900.0,6.170575434618427,0.0,15.49121224065552,-42.40802405650531,1.4109220493799157,-0.027073022240399463,-8846432.830307309
74.44224895896234,13.47366167380602,2.62122315337362,0.5338525071602653,2.0873706462133548,85.68323584042582,91.70729275825494,7548200.0,4.459089015559118,1.0,15.680917009326,137.1002483685276,3.0324986020868687,-0.02289791744172144,4446450.329725124
26.76257210116909,2.187061786083575,-1.7163292880191534,-0.42989982138017857,-1.2864294666389748,26.527144953278246,19.584656607209944,-3535100.0,3.7291568180406167,0.0,19.22762625397758,-179.85160717457347,-2.5518171702503554,0.15607665791699135,2724048.585017127
43.605618657472064,2.3995144362318257,-0.13273733692679457,-0.09974772295209218,-0.03298961397470239,58.35011697378682,61.273348261584886,-4810000.0,1.9033328514635275,0.0,8.212354280464703,-47.208238474430495,-2.8128654185446464,0.05005532466412442,6335972.407602885
36.29803101813683,8.745148503775965,-4.438912334966005,-1.3873572071144693,-3.051555127851536,36.14885960309867,32.73437082206609,7395100.0,6.606040903324678,0.0,34.34542153382915,-114.67392170606,-15.77418645650688,0.13780354869494305,31786364.426128168
33.34637221739647,7.987310038579096,2.6682972091911665,-2.6175276076769567,5.285824816868123,8.021233675852322,12.24603462694114,-2360300.0,11.969978176475664,0.0,31.99350855367554,15.368873799978104,1.1959823531721105,-0.10305629609004338,-1440262.4572885102
73.58892087564695,0.543409212368104,2.947711475500043,-0.5044599579254134,3.4521714334254563,72.48118178720533,70.33525646272933,27515800.0,3.77769748256862,0.0,31.04161286539868,65.86181793284061,2.350928381616526,0.08935190055815855,22835373.22294588
44.66001398779637,1.2551018241839245,0.22604681405462657,-0.22115620233406474,0.4472030163886913,49.84612098106971,52.964625530151245,48706600.0,1.9084213292173577,0.0,40.6381648340774,12.44631103535318,-4.112300821977482,0.008609902917178293,46545124.55487393
35.18193892177151,0.19344702199163066,-0.3415286208106316,-0.08195003777903331,-0.2595785830315983,44.26232583735648,31.44716499003323,-45507200.0,1.0355119549315877,0.0,10.19471628098432,-65.00270104385014,-8.392221881490517,-0.015576444705864724,-15717490.764251493
46.34714545596471,2.078085061062808,0.978678856408095,-0.3135674567756137,1.2922463131837088,32.9355360885375,54.083861453812155,26571400.0,2.504409638388445,0.0,47.79204289355145,50.99442309566045,-1.918627019327183,0.14413258376363652,22152439.802716658
52.68879705218826,0.5123373268985745,-0.21330857554463023,-0.07975892046156888,-0.13354965508306135,79.91448997202556,69.15224286272176,-6613000.0,4.3933135963964975,0.0,8.337359822709507,4.2118713943515695,-4.1788412317880175,0.05800285699258663,-297595.6132851511
73.12271488226233,5.1207787115218935,1.658320418472755,0.043165027349978624,1.6151553911227763,76.17230635937642,69.38163082082393,12294100.0,3.5621956246226327,1.0,43.48727287090585,187.00569772675883,3.977785000740052,-0.056870662545577544,4975891.976468971
42.71328762739905,4.8750662105497184,1.3759854814162082,-0.5042326616800343,1.8802181430962426,15.924651941771037,25.75157934253509,-7900600.0,2.7633316778246586,0.0,24.359008324890624,41.44663104136944,10.684154016689323,0.10071991079486223,17389630.86697277
63.9407289701215,4.715382768992228,1.3613795383865863,-0.0564699567147926,1.417849495101379,92.3780459438588,78.4486908756108,72906400.0,2.6276992134323476,0.0,31.092321010571638,107.43172931475294,5.25215477653657,0.05792357306466029,9268134.37835487
58.44681849034844,2.56099243852578,0.39299451076060876,-0.03801781910928376,0.4310123298698925,87.38426800044991,54.725044119700705,49497700.0,1.3048719253136587,0.0,17.596248671433298,80.11071604124402,4.995883546734704,0.1545678492176382,27889508.139053296
28.44872458238488,2.0023916331061855,-1.5101773782117789,-1.1560257176841668,-0.35415166052761204,19.31103647808713,34.40921706132023,1917400.0,9.945007120272509,0.0,13.800855836873913,-105.3807786947047,-1.8024588238793555,-0.15625697845693995,4239819.12118802
57.219569598030034,10.729929814998059,3.0584354477478826,-0.31742236017923275,3.3758578079271153,54.45763874324776,61.83699790262441,41854200.0,7.579823903461608,0.0,16.830590427805102,76.4700798947322,3.9321304801681474,0.13564532350917635,22160077.173410118
45.19842851524459,1.9900553431434673,0.35399476160290533,-0.4768562267811385,0.8308509883840438,54.880135783353616,51.56976930833128,1858400.0,4.042085358274956,0.0,15.579610489895483,8.958521131322478,-2.7073858556935577,0.028044476769769882,4123921.2519258875
44.82293736071074,-0.04009316245371508,-0.329281404096772,-0.018350901107472173,-0.3109305029892998,74.57634241748295,47.17220391024576,-89028200.0,1.018518771664886,0.0,11.972463304254482,-76.0153808014812,-4.574077418882524,-0.21547116384063666,-37425693.11638145
37.62370361291542,2.5830186179830292,-1.4943569043130793,-0.18745694873550978,-1.3068999555775695,27.210792556761955,28.614791124752458,924100.0,3.2969047121870005,0.0,14.26087963000532,-135.88169041990886,-3.112970476986847,-0.16664281948036463,2172400.977173037
51.13594704874236,2.547414176049756,0.018899306872242505,-0.0695572844729231,0.0884565913451656,67.84865286039457,54.73880679230049,8605100.0,2.660298147236273,0.0,9.623577629246416,-12.436168797719205,2.6904755443094803,0.2639918104402215,15057996.067561723
45.33091882557981,3.4224561421399926,-0.5125271286233755,0.0009225328990114523,-0.5134496615223869,57.54180181485728,40.9625527526566,-8242400.0,2.180845316322683,0.0,17.298405824811187,-64.67136258762334,3.5924290388401903,-0.05074716150250505,5616094.310121276
57.46823208553631,-0.5540350178619065,0.3423326101627424,-0.039604720715591735,0.38193733087833415,82.3130540389047,77.75288780682394,-5992000.0,1.8990402113475935,0.0,13.70235600626284,42.54557330646347,1.0992231615122503,-0.04356060140436163,6518911.154875807
52.572896650468444,-1.9883529478208004,0.4421980783483406,-0.13664404994063128,0.5788421282889719,59.57442367940783,64.03240056861003,-9343000.0,2.2817256913704465,0.0,13.63376936502477,42.53090771231274,0.8538577679153408,-0.003594335458506703,2548692.160768427
54.43434007616408,0.6510409539658895,3.4650198102220884,-0.9030693927576792,4.3680892029797675,66.55475753210489,76.713230350662,5599700.0,8.763028137962362,0.0,27.37514678326848,53.96631062474002,-1.30055572242385,0.060828561994463966,18552384.052187625
72.43460220275941,2.2972413924916424,0.7640678182838201,-0.045111037083618966,0.809178855367439,79.81640459583463,72.75449521484084,23375000.0,1.6730304829024478,0.0,29.60274814491293,102.32198648908356,5.191607026280533,0.04660690033467479,7094885.636222034
66.65856593513156,9.479475847543995,2.886799091074863,-0.07576918225015206,2.962568273325015,84.54881871645046,83.10668331491213,5174900.0,4.609811015454414,0.0,26.566294125005427,110.66812134865317,5.65261442872105,0.1209630991093317,7233076.087739615
41.67742380533279,0.7323352496559252,-0.2496271306915645,-0.16620321644082217,-0.08342391425074233,38.07695411363386,33.5795728186986,9790500.0,1.4848994170913843,0.0,15.368072634057624,-58.88717995621204,-0.8868392879168756,0.05720855044657953,2207180.0916505284
69.15452039461039,3.7776015505491927,0.3918033835418129,0.08000798618407223,0.31179539735774064,77.58250639694958,60.02994461995305,43645700.0,1.7023584573748407,0.0,24.045497936269147,92.98117900364929,1.2768773380242264,0.07329931517833088,29420409.306485552
18.334690638770276,0.8264492589215706,-1.4008404995492754,-0.5148475237801894,-0.885992975769086,16.460133375939584,14.646039913503671,11920300.0,3.3568423818775384,0.0,16.20537704204499,-155.9998644149389,-2.8560914849197614,-0.12907952221786573,-2189037.4663334745
40.41425548573279,20.21309344336447,-7.310446416568141,-0.19535536098175843,-7.115091055586382,37.6357935255909,25.20205297612401,2113200.0,14.191413625770537,0.0,27.965992190496642,-83.36023222304215,1.667153835773867,-0.10063386748330753,-1842054.5816154229
62.02873649237456,3.2620926160974193,1.6700991881669864,-0.19714547219445633,1.8672446603614428,76.42641696613394,83.1141479566384,39879500.0,3.047483442017122,1.0,32.60583140298585,60.537810725698435,-0.8406445660852335,0.10477021678523164,16496072.097305434
28.81221104134424,7.257653500957986,-2.424065680286695,-0.33868314980714187,-2.0853825304795532,51.40193135444371,28.10228552267527,-45874200.0,3.1307367150382035,0.0,22.631283889397203,-120.43070326032183,-18.707268890950473,-0.12396219439537845,-31295339.96447404
49.11101456796233,2.308637615089836,-0.1145308971219805,-0.018159813535657585,-0.09637108358632292,58.278133984104606,48.01594066001487,7905200.0,1.833491481009508,0.0,19.603905076264,-46.04445853008514,2.2978492423720507,-0.0026155396367615446,13440735.676063284
29.994158541928062,0.5668512439102784,-0.728333863279147,-0.20834194414301543,-0.5199919191361315,30.370299204469887,38.536000229653474,-23398600.0,2.912272816519553,0.0,10.235439784368303,-52.77556021882511,-4.939873055953119,0.04127622827268451,-2198606.6604182636
27.518340406972293,3.020718380052557,-0.13561878767350777,-1.3027913338947725,1.1671725462212648,11.591821787308673,17.635870508389555,71800.0,6.016145445288409,0.0,27.017417502432473,-12.553321884714043,-5.748999795423986,-0.016858450774178385,743450.591208602
44.876983867213596,0.001000990618159392,0.390105471919874,-0.16941517958701913,0.5595206515068931,13.089006281269036,33.81356322193872,80504700.0,1.6261276705319954,0.0,31.605142432692265,36.30872065941133,-1.7565678987678446,0.09587677855754327,22601154.134923063
44.90914199239039,12.986453402498313,-1.3396146840606207,-0.6281172363857501,-0.7114974476748706,60.91721185852337,36.43892998150508,1492000.0,8.264475388719259,0.0,28.832416016207763,-58.60987450922908,-2.774105014436761,0.14703900899319505,4032343.4013002203
76.31691962237095,34.22194361969241,7.098359410568605,1.1967079504232103,5.901651460145395,77.41512234680764,81.36064484936396,4800100.0,18.65871209160811,0.0,17.38823650394557,197.53781242143359,3.8404233133741656,-0.009814813820292468,2112733.822662519
59.057797441800126,3.1011981265167634,-0.2181747217957053,0.07436219750961504,-0.29253691930532033,90.17874578226257,59.67844133102562,17489300.0,1.4889022182516796,0.0,13.262070528221907,-21.085711600761613,1.3321833635445288,0.12333200421146924,12110587.413181564
50.49646107367672,18.957550198891113,-3.6731051397649708,0.20127401027683334,-3.874379150041804,98.47632379465367,51.02642335859915,404900.0,9.929168672843518,0.0,36.70438931115023,-62.954114098048876,-0.9707090496549594,0.1331344563747597,256483.503191396
59.02856692691215,16.041099399405084,-1.1372202565464136,0.4767796581965371,-1.6139999147429507,91.7962873835356,57.11183772771972,130300.0,6.708091949197909,0.0,19.084485416221966,-20.016430841098142,1.2345577601868731,0.038112298674879516,58850.55428604002
73.70034607398574,4.674668103088905,1.4369400253167441,0.18837951306040113,1.248560512256343,88.15029029192364,86.01135658743253,35302500.0,2.5486317554993514,0.0,23.357515338950464,132.55365310182452,7.112771042241212,0.027825438507651398,13650048.080201754
58.97177890862256,14.29945932885289,-1.235224646404106,0.5811783514407465,-1.8164029978448524,100.0,64.95288342383269,-3893100.0,8.0053740741622,0.0,29.65563488560702,-18.21060482836324,1.5689167458990103,-0.08528088553587858,-133185.98353334633
56.08486342519017,1.4920587620183738,-0.04825913008383509,0.07804660824627077,-0.12630573833010586,89.19584211337435,69.95293534412419,6915600.0,1.2089868380751845,0.0,20.36080006230642,-15.208237607952562,4.445858702395804,-0.004841068289558876,2198386.975328351
57.47913625196241,2.7698659171061593,0.7297672907204387,-0.11866625440973744,0.8484335451301761,69.51648401515668,55.60015582061465,14203200.0,1.5897076955858733,0.0,24.08363349064789,75.98224841977412,5.7643121662328545,0.2140681850971962,15401236.634034388
47.56649063728346,0.7276310747148216,-0.25681992434565615,0.030319246921936105,-0.28713917126759225,60.16959289300389,45.40189940680872,-42259000.0,0.9049333794417942,0.0,27.264542642918528,-57.122705791015036,3.4319544684957473,-0.02356429504145608,13494822.96935088
60.03848676775901,3.2638499752301158,1.4712001785751596,-0.18779084956362802,1.6589910281387876,51.23150672832813,62.311425702530705,19892300.0,2.6972645965244078,0.0,19.006616212078313,77.8246154566958,2.612320644768598,0.1259231197166065,9975604.562762672
57.888485978528,9.349241448231254,0.6497878058085291,0.3806133841599044,0.2691744216486247,61.89229985548708,84.35350003406757,-4326300.0,6.449427868070802,0.0,8.861521244534519,60.81584807647237,-1.8756189244173749,0.06921662714327836,11231153.620018294
47.13094669934197,2.225577349726578,-0.013062916898590515,-0.28288876018573883,0.2698258432871483,60.048917860628976,44.403627541538185,-3598000.0,2.8746800147511196,0.0,12.92005815381261,-1.3059546346168744,-0.8751203547538366,0.08620889160584487,4481877.62088327
66.90816242556782,7.84291663670831,0.5170427702281017,0.21081210820819424,0.3062306620199075,92.27222248621517,68.70007019372163,1188800.0,3.3185680198841387,0.0,12.619206316001113,84.42103001747435,3.4291201452018063,0.11825273533416639,4649527.428492593
33.178654785556354,2.1266510714692544,-1.0212147165947556,-0.13078965699185008,-0.8904250596029055,35.074713968907375,26.294979612612888,-44865800.0,2.1955839268009196,0.0,17.021422930107214,-100.64990589799707,-4.465527507449289,-0.11348364281049238,-25703474.484612294
40.00274345879794,5.053856517081897,1.7356662892898385,-0.9489376846555917,2.68460397394543,27.081155999472617,46.4729898450665,2755500.0,6.419479324988468,0.0,18.94491921952199,31.850934774971716,-0.35512625199940046,0.11769357911519288,2857871.2055650083
61.056240446306425,-0.06167713946808817,3.189326362119857,-1.0038679764891363,4.193194338608993,85.28518283866985,43.44774415693706,533700.0,10.224674095886531,0.0,21.634554133830058,21.193008980475508,1.2394833904261857,0.1221081147443499,336024.5872312074
38.62179445365266,386.64252007945356,-118.7167180200031,-8.627265259658401,-110.0894527603447,63.574161658217,31.505810928797015,874300.0,109.67500187052737,0.0,40.55985141654239,-114.05278545184842,-20.739447885465783,-0.17917341920750798,-701108.887416091
55.40001222948768,0.935359301328134,0.261698570808953,-0.0032629274588890644,0.26496149826784204,56.98930244386654,74.4771175355665,15232600.0,0.8981630745496052,0.0,7.575759620499484,66.76500349772603,2.347533647372635,0.07491296591065048,35096897.13210004
58.39313402411766,3.402509287290556,-0.09788337978275763,0.09782801648191758,-0.1957113962646752,83.18967926941961,66.23852478008372,2725200.0,2.118352017325947,0.0,10.453649601791072,22.412752090842837,0.7876496433366269,0.024337632610772892,1828429.29565245
50.17472010352161,6.4536434589875,-0.8669771207302404,-0.20806641195939424,-0.6589107087708461,83.5925747670712,58.53960516826996,-15110400.0,5.834120110234994,0.0,13.335921603515658,-21.93417176299195,-4.978433301549676,-0.12162256033106492,-3501434.9921811633
39.609600586423305,2.1106952506934533,0.1836235628338443,-0.13666135143058844,0.32028491426443273,32.61530949519231,59.866565690314,6027500.0,1.8763584979174528,0.0,11.572483224351215,5.439429513316131,0.28186237374354484,0.021427409217411195,-836260.0415211013
55.10352182245646,1.5156373190386958,0.026610335356679116,-0.04038521070652984,0.06699554606320896,99.40815847448445,67.10376120766017,12630500.0,0.8699756180541414,0.0,24.762764202131756,7.666381920425329,-2.6670034684968686,0.03777350355947842,15572497.665185615
38.55964367250136,13.699387826733528,-0.11580960142879348,-1.5472362239169586,1.431426622488165,37.209314114804236,28.079666386380083,28920200.0,9.821869295234693,0.0,23.038111839689194,7.161145128481394,-19.1885167370291,0.17002795262301124,34853533.15219694
42.25123978077101,0.6990354006822059,-0.15351783420263132,-0.07278618293220647,-0.08073165127042485,49.65992043617377,32.89569437608382,2507300.0,0.7395000640540604,0.0,19.422708591888007,-110.02194855123233,1.3612089975672728,0.029558110672816718,17935812.505745098
28.37397672920567,7.075698585766446,-5.547894329986065,0.45407030119860536,-6.00196463118467,49.552142949866884,34.214867894780156,-28989600.0,6.28746689345562,0.0,45.374054691716786,-87.96742737629981,-15.927528387206438,-0.1964622203068807,-36337580.92096563
28.718042678577792,0.3318408108749402,-0.04130616467788073,-0.046417254447261094,0.005111089769380361,28.20525987602245,15.927374050936047,105067900.0,0.2536504919649464,0.0,27.208537634015293,-58.13647071501414,-4.0375527408779925,0.005358818600266935,335347983.3502118
36.34946261945912,0.007680909360331611,0.09333099687219715,-0.2028977129962129,0.29622870986841005,22.093028413602216,52.67685877007915,19003600.0,3.2492546933335222,0.0,12.77391231399105,-28.518835760533964,-1.1527679964240956,0.21263310378608188,40689422.108744726
50.6422222639429,1.0930463577491025,0.10335960744559713,-0.04933150982480927,0.1526911172704064,58.88886534141483,60.77628185967634,7791200.0,1.6831620784276558,0.0,12.997648077681454,23.59051102097776,-2.2420871001939986,0.04284128312433828,11921615.580153136
44.32368026355506,0.47720305364790505,0.688253779358746,-0.21057363170541898,0.898827411064165,24.896203821978673,55.19264125341825,12527400.0,1.356404184826574,0.0,27.798849787605548,47.51787874977114,0.2013188352494787,0.1476313403327034,10196295.099238437
41.424651462559666,0.3699596984715754,0.4790143083694929,-0.20260404706166601,0.6816183554311589,23.931518037485105,51.04205215526264,3729000.0,1.2816633634751577,0.0,24.038608298235737,38.31880051366338,-0.7320988125830361,0.1496381055173992,5818142.356896734
52.490423743909275,0.3253224353636952,0.23563368748380498,-0.07883324304672956,0.31446693053053454,56.410239690129224,65.75755526540748,25755500.0,0.5325922012459151,0.0,38.30471829704964,42.134178279031,-0.9541162636869162,0.10923372219505526,9738014.114576632
56.811955175027045,0.9988445285024099,0.3562142044297687,-0.006727952660162018,0.3629421570899307,64.87453187873352,70.4898450101019,35005300.0,1.2883197672284765,0.0,17.629818109264523,82.680443977304,-0.07681155386404111,0.1196697705007827,59732226.88936966
54.96733312721568,3.5786794514152973,1.4952857268672801,-0.27059612763289165,1.7658818545001718,66.45727342782547,73.82744259098095,3973500.0,5.106971130409237,0.0,11.087525350897938,56.43350501682619,1.126729726894456,0.11744473961499366,6503344.039577391
35.56397670118144,3.1003928271967425,-0.040546551316765544,-1.5071521936175873,1.4666056423008218,24.672904662519098,28.69945251538084,33200.0,9.063509903811134,0.0,9.39650450532031,-43.55517815877781,-2.360456990635735,-0.07030035623449865,2192477.680091969
86.2228052460688,20.515377364967293,7.011562099868172,0.13415149747267385,6.877410602395498,89.77211908806923,91.10553995804041,99724500.0,5.457810840883259,0.0,46.98974831632077,117.10345319683503,9.37107940072413,0.3653215755572013,38461788.20901872
58.76782152311866,2.127228344626033,0.11000189596850873,0.018077751789127516,0.09192414417938122,87.55623067149573,78.49711337789054,4989900.0,2.2452273247193384,0.0,12.698420091591814,17.251412818583482,-1.7984591219869441,-0.25145235768347085,-37051933.49237049
66.55560250053338,52.88698090888363,17.935834453625205,-0.545657773032886,18.48149222665809,55.85055386263487,78.85178793971886,61836400.0,17.147460924974236,0.0,58.07484832278535,115.28619452312917,8.8554702463129,0.1563611828874682,29658587.457111366
49.646906967560355,1.15560678879433,0.11987319079436531,-0.05650063930326438,0.1763738300976297,71.81824014204541,74.12447231100829,24419300.0,0.6555149470377564,0.0,26.04121776106415,17.101475108734157,-1.6712729589543656,0.07430576718808336,22724018.266421333
45.96798899351629,0.7445825917381512,0.5857558756514294,-0.3860960827276958,0.9718519583791252,52.22548603446812,57.034892751308774,-556000.0,4.001466210371879,0.0,24.325925922644775,29.375464077943573,-3.2915694563461,0.006142306171800183,3257218.841195074
45.347878467700895,5.872611870138712,0.1495908517641169,-0.5050666596259084,0.6546575113900253,45.51658203030282,37.496463019275126,4800900.0,5.281498793536059,0.0,8.803583474157755,-18.719281492628145,1.6661161198966852,0.1272402225397363,7462231.619217881
51.20950311584202,1.5058086717398353,-0.30597086256124584,0.058177502966036576,-0.3641483655272824,83.76976003355337,61.128969000957476,-51036600.0,1.0938623613980931,0.0,30.17685956495983,-69.59400687642581,1.3325880544986222,-0.06044429381236735,-9723250.595487243
42.760950013076524,1.691062526384556,0.06014495101084094,-0.1912720612728428,0.25141701228368374,36.25726689064083,25.147925655708224,9635500.0,1.1790040785649267,0.0,20.11850181377871,4.533380977765212,-3.4188057518445096,0.04596513182991042,51996911.91773845
53.96290606061125,1.8002219653682658,1.205603673060054,-0.34151263892865935,1.5471163119887132,47.120502501522886,46.85124886670511,3180300.0,2.7495768097125413,0.0,22.97003017967033,49.54115754829513,1.714427655695932,0.11887871541372719,6653084.506383133
75.13632508041692,9.341426698215287,1.9800123061635162,0.26083037637227213,1.719181929791244,97.70322712831276,86.05215176762339,-30420700.0,3.185520073517092,0.0,25.54313486547723,125.72201824061065,12.939625647825805,0.1459385046609987,37334586.24729655
39.478101683661784,4.099841001307155,-1.3121967847932723,-0.09930313352802966,-1.2128936512652426,68.88879469899264,38.06432546780769,-11928800.0,2.42502329543605,0.0,18.368696034716397,-95.55435894269672,-8.79028964174875,-0.037377458611790156,-9330812.99962344
51.8568157451466,3.10427437864557,-0.12000009840718917,0.041858835021926666,-0.16185893342911584,55.411261130340584,59.403584057655756,-2536700.0,2.8871645150376217,0.0,20.145275193013983,-8.691681652704371,1.4168364006552785,-0.029754041233885357,1846516.2654230134
33.18714581596003,5.299733878497307,-1.3880219899041322,-0.5554693180570107,-0.8325526718471215,34.31222259432383,13.362189483517229,1701600.0,4.177413527343641,0.0,14.304212760818913,-88.59013462588027,-3.9289699258501853,0.12139334104337093,11040297.813044723
52.753917977013835,9.471122901214812,7.0258271620737105,-1.507134050079305,8.532961212153015,61.88757910243026,76.05593095914809,13632300.0,15.996548271580714,0.0,23.693676575371267,47.07710207813894,-1.1020259161910229,0.01206923973748269,6466108.583066552
44.08317673160278,0.27303972181226754,-0.19700066222108248,-0.007530540339054592,-0.1894701218820279,72.91667080587384,51.48939229516467,-49822900.0,0.7143310468193063,0.0,16.390508464297575,-48.215978941713765,-5.416861249772475,-0.08426367657100978,-11503213.361353453
56.61801116206484,1.6856445743881636,0.816682989861647,-0.1817528442574603,0.9984358341191073,70.79635860330606,61.53788700153117,9579200.0,2.325139815441927,0.0,15.562959466981342,61.37314364151856,3.258284945487994,0.10299048316927711,5972646.286100533
58.867450705364355,1.3377767289285174,0.982929361010406,-0.2022116982428972,1.1851410592533032,69.12761300067845,65.66134564878631,27313300.0,1.7891616357552376,0.0,36.455673493620125,70.51871133752954,3.498098391878087,0.07564645337462027,9324020.084506014
56.69040873716917,8.046986971203125,3.8399025458742813,-1.2164908767042126,5.056393422578494,40.000048440576734,37.55988434104843,11706800.0,8.769431351684542,0.0,33.1748190916807,64.59034621416596,3.0340119446215987,0.08362214343793076,6854071.294560272
64.27259130287216,0.776451955461674,-0.013673926975833695,0.05915893913099883,-0.07283286610683253,85.43693994818682,80.34665825111419,-9891400.0,0.42370959337438346,0.0,27.01336666593812,45.57616860141672,3.8383980433150326,-0.035790327532646354,-4420822.169104916
49.498540610437175,-0.7135895572879889,0.9421134246088201,-0.16075686356686858,1.1028702881756887,36.941169289981616,61.25488281249999,4216100.0,1.8733882647801878,0.0,25.874890982950276,70.88672838191486,2.7111893211123674,0.05357526909988191,7906489.519790754
63.79714362896331,10.078312807957928,-0.907207497713614,0.8040970844974711,-1.711304582211085,90.02395371465244,78.04218303909889,-885000.0,4.466337979414157,1.0,23.62160764099316,-24.496301516807176,0.5945891530725007,0.16024142124064988,9296794.363433862
61.91004765426981,3.2217868631567796,-0.055220472560762346,0.16552011100918562,-0.22074058356994797,99.81325066259006,80.92327377632807,-4532100.0,3.075702554883965,0.0,13.357203242481221,26.130029647132037,-0.8680155999871852,0.13092866217106994,-4501305.726804895
52.96762749042484,-0.06414386472983935,0.17154128721919903,-0.036114718584771305,0.20765600580397034,63.58973355765092,71.51712888120518,186443200.0,0.5313234674992778,1.0,29.739977930105916,53.678581293208346,-1.1204524294972902,-0.09321487838869971,57746942.333471894
46.248969738893514,5.329613557223439,1.5184057686911672,-0.6531119501495386,2.1715177188407058,48.459302739745546,67.04811132962179,627500.0,6.0285161423921085,0.0,34.41990128275519,22.759857487586377,-1.8138109685722088,0.024868161387778743,8349196.276429433
76.52510045267317,11.358602273752254,1.729926592577975,0.7226012535620714,1.0073253390159036,63.568001080526614,63.659140093073724,33100900.0,2.40497544139535,0.0,24.676839717836923,200.1295025955593,13.656064803547228,0.10610044184930045,17400447.22064965
45.576166403399476,7.970172065908514,-0.2983904942973368,-0.5467068455271008,0.248316351229764,71.400146484375,47.98800760512305,-22645700.0,7.658381628216365,0.0,19.594372944141632,-18.009899130504163,-1.2124108911434108,-0.03833072708631841,14301977.879987951
62.64944334971077,6.188568928596368,2.7138427277742494,-0.30410458838374543,3.017947316157995,61.810467066230125,70.12230369115476,13818900.0,4.188112036774813,0.0,29.38992290214893,86.0327769158263,4.217974253491428,0.12402969903305956,14705140.502373872
67.41067749221682,1.46078059939018,0.142004011320072,0.05388410339733765,0.08811990792273436,93.60461312411633,82.61182732045417,-7450900.0,0.691668654017782,0.0,13.795658852792343,52.98211378598332,4.183811110214271,0.16468732912758868,13605190.000949621
64.47996514891047,0.9039997716495876,0.12643478726368862,0.023601906118117202,0.10283288114557142,88.6956384727274,91.5666491195022,14001500.0,0.43155201816984795,0.0,31.2711809816107,67.78164839483698,-0.12903521137852822,-0.049375793069700157,44478818.23011519
82.88571182351146,10.615307783125502,4.134583633211548,-0.05300097438560236,4.187584607597151,87.57596245625199,91.97528048594178,47787100.0,4.294616993272082,0.0,40.51341135971305,132.02758084656898,6.666241801367626,0.25578291476030585,25032542.811231706
13.243676188507468,-0.8353421226608795,-0.3243522686665976,-0.41787350452202005,0.09352123585542244,26.356601755204363,22.327211967899135,-12406900.0,1.01999602379645,0.0,30.87062251736186,-134.20883772518255,-12.914481343300723,-0.12134884196219267,15379740.41902123
68.84667190582127,9.157968076050565,6.951256706067227,-0.38316267638212587,7.334419382449353,82.33375245580523,82.60571695532518,5877352.0,10.216804089476906,0.0,26.233395875672194,86.06318490558083,2.9195212582472045,0.030601138202364778,2845508.508673412
41.77689124093696,18.642166936553764,-5.322877482316869,0.07353860494145792,-5.396416087258327,52.4855504585133,29.722780413833664,5585600.0,10.160166273894898,0.0,19.508297686473604,-73.60711607123666,-0.1692191554574452,-0.04021682349473499,-369742.17051648
54.94320129308246,0.5141107968957623,0.06299637108010003,-0.02247730033818697,0.085473671418287,92.95771999317653,73.78426404854521,127426600.0,0.38032022922090625,0.0,29.811219355716847,21.457861272051527,-2.299564214109543,0.12365587868378838,118392765.79778224
36.80780113107231,1.1425191514357493,-0.6452396139645202,-0.23279789197879308,-0.41244172198572715,34.588084501378674,56.14612499196297,1311500.0,5.394000806211458,0.0,17.79257964707041,-110.9357785825653,0.2554758029090525,0.001856262474820049,2777575.295052994
43.18041380776571,3.759376236936646,1.4942866035177644,-0.890543201987422,2.3848298055051864,31.487590024304698,43.92382509707522,16284900.0,5.792544689850553,0.0,14.543165319525878,26.5936619133188,0.33744282541015025,0.21512286799197738,34150615.04199326
45.59295957427012,4.423802490808612,-0.45152285378367196,-0.4007213365178313,-0.050801517265840646,62.8798828125,48.055127951885176,3388200.0,4.410275336033746,0.0,20.006343088500067,-40.959941928669686,-2.9977524901429176,-0.06473886103536884,1027892.6973172746
63.080542905979726,14.947194468511782,6.917880133074618,-0.9558156881546669,7.873695821229285,80.97473527093956,79.08780930583737,3134500.0,13.003770605096067,0.0,51.83971237176986,75.34671725034089,1.2033242125662904,0.24595277096224075,5822136.110299
50.81217448155583,4.54777544416396,0.04207635294963552,-0.25721803037562396,0.2992943833252595,72.30533074756556,54.51932107221504,-2093700.0,4.968244340707535,0.0,7.786797892106246,-6.832026808312645,0.24067730250452912,-0.09687022381349353,1032593.7410657189
76.10277888125482,2.4512169007795066,1.0961097714301715,0.01688755386336238,1.0792222175668091,91.99996670814278,74.92594440274001,14591000.0,1.724273657407946,0.0,24.137094338589375,110.83567101150481,7.979073054758557,0.13105283722561975,15641013.1304556
54.35052836197959,1.5300011287911985,0.48153380062254314,-0.14546649458783045,0.6270002952103736,76.63819955093106,74.03726566940819,16875900.0,1.9670479741133606,0.0,20.622323947484503,33.72186518533159,-1.2857482325511294,0.029734136360567164,8752133.630708773
63.44791981731603,5.090258356603272,7.7244627494111455,-1.798799163811239,9.523261913222385,60.197126396890404,65.69417007736811,8796000.0,9.161791434659978,0.0,39.65911137626062,55.90910136401746,0.7591557243412268,0.20571927868645185,8603170.248583868
34.20001758512115,-0.17997345315469104,-0.22339580680680626,-0.057294361118120085,-0.16610144568868618,32.29164183137433,31.276698229407923,-491263400.0,0.7488157734228614,0.0,9.023333298093275,-66.70285898602133,-5.901488990468398,-0.10044453364111533,171478553.80668408
68.76816263984958,6.401279609205716,1.4495575519961506,0.07752651977010228,1.3720310322260483,92.89243441876654,88.92548754538753,301000.0,3.1809378400054698,0.0,15.688699414211293,110.55160178952993,3.8327301641957146,0.03512964655352831,3401674.8775766483
49.16716345562157,2.026192185909082,-0.11585664958928987,-0.06878344827911692,-0.04707320131017295,59.09101042603313,48.939364402223,5170400.0,1.9260811888756462,0.0,9.068479625046239,-43.205174386195566,1.9429246027076736,-0.1452907907225738,214493.76297138457
47.25555117228399,0.7801140992506888,0.1888144950251558,-0.15548416753759609,0.3442986625627519,40.666707356770836,34.43194432471585,-11692100.0,1.4614127391350007,0.0,20.6556600465088,29.928738330711,-3.7938861099407255,0.09999332182434205,20736802.900029022
37.84017952442818,0.3938392466994891,-0.22528112654993748,-0.011957551171349196,-0.2133235753785883,67.32674763139457,53.51714013693371,-30330600.0,0.6045713019457253,0.0,12.674485514086705,-116.36925051571913,-3.1088110079786317,-0.06570664879032984,-742621.2958020912
92.31161872064536,135.4533782969952,29.604879187195593,5.155728372974977,24.449150814220616,97.73131413246269,97.80044957784092,18722800.0,17.952404251728353,0.0,42.695162490769256,191.68941218166896,15.990372819961019,0.06796659150316918,4994807.652416767
62.52294050821211,14.750042598151595,2.8044462558478926,-0.32301824991417494,3.1274645057620676,86.7863209397633,78.79925509829486,17579900.0,13.038249558731993,0.0,22.46599767648816,52.02195577276002,-1.8005446509254763,0.19491599686839026,11795101.87161107
50.626828192409924,0.3149592843015565,-0.01676738023074087,-0.03471603017560595,0.01794864994486508,90.2778108915009,61.25669211259939,10831300.0,0.4315194649335187,0.0,17.257120915567217,-4.76252580040165,-4.715759456223267,-0.0325344581119311,-10206730.656798348
47.37292376750047,1.0537108907372854,-0.23843042388877933,0.008585124617597473,-0.2470155485063768,81.05261467171545,49.6037661304718,-1754000.0,0.640650020485393,0.0,14.263680604792494,-88.71099950519049,0.0896288562974985,0.07599996177626168,11425743.680988984
50.11108163707732,5.03614889385824,-2.081868785830892,0.427931552048193,-2.509800337879085,87.26037963015219,60.3842166963128,292700.0,5.500568461913504,0.0,31.885458190179378,-66.12251347119579,-0.5640974548315336,0.09525059283276631,10008991.305754934
55.44827730971396,4.331734397416966,0.3871643096810118,-0.16916872892294532,0.5563330386039571,74.23893738899868,54.821939713284564,20432100.0,2.413236510018185,0.0,32.223368292234824,30.983959587996743,0.6794355221909825,0.25490865540785185,12565315.74519379
47.052071236189505,4.5299228960469975,-0.2985037379584128,-0.3762790221870161,0.0777752842286033,78.63437455887394,47.721504579468395,-2322500.0,4.242507229879779,0.0,16.234999306451027,-6.780366438398823,-5.335045927521112,-0.005895166549209066,6241248.7701729685
69.84890868405499,3.683050765020994,2.839384589371008,-0.37915659650120803,3.218541185872216,81.74425887450343,78.54215326822616,7008400.0,4.5272547607385505,1.0,32.76138645749159,68.6846738020595,1.0612809002374546,0.04814361894544428,9332015.083418066
41.48085904948808,2.262391096173303,0.8698872199522327,-0.4794594516186592,1.349346671570892,32.737300261076676,42.00481521035433,517500.0,3.642974749368745,0.0,12.84894368908911,19.808906260446165,1.5431356795091948,0.33291610774943814,6768512.493701859
45.85888476367568,1.3169037957473364,0.7138571729132082,-0.2810698694837729,0.994927042396981,23.9436140452678,52.296478897696,-2087759.0,2.788135058094275,0.0,9.532628387686445,35.074293319169335,1.09507005789664,0.21389478782599908,6712111.594483536
65.42754973417182,6.525986503771435,0.41681921391125343,0.25467959423150116,0.16213961967975227,88.37422942585569,75.90568754004936,-22809200.0,2.6696335399748983,0.0,10.981550965541938,40.96783659973502,5.832623052141895,0.0782123514014407,31703280.347233355
94.50098579395441,6.2711246612139036,2.6105435171331095,0.021839194600384637,2.588704322532725,96.36361802099911,98.52868817755467,100226900.0,2.149455248306976,0.0,50.31485617646775,117.54072414157123,6.009341989852232,0.45049381038494657,54202144.571701705
59.962074271596066,4.823531052931116,2.0258688611244793,-0.37956148097892894,2.4054303421034082,78.07830376943289,78.36529185240069,97374100.0,5.41510058571337,0.0,25.356499441499665,56.649837912584466,-0.4780979751604114,0.06264259499490285,24877341.42497771
38.224827216366776,0.08240838409439277,-0.05027984789940376,-0.01223412574189331,-0.03804572215751045,56.89668780089974,59.28375166182639,-1676500.0,0.3710822074823373,0.0,13.0425899942837,-95.36841335238789,-0.41550614271956016,-0.05465159984986854,3906973.5316793527
59.15806997860388,0.6236856864837392,0.01573285366983157,0.02502324526715259,-0.009290391597321021,83.33354526149816,70.00029669943076,20263000.0,0.3471784616102526,0.0,20.004673382503398,7.9502651862703715,0.8557419585904834,0.021248224474974417,6994133.266010266
42.93402052182481,0.4864837252748231,0.004639630485090862,-0.045444048742063946,0.05008367922715481,28.571428571428573,33.18046015893802,37986800.0,0.5554107052172069,0.0,15.749820721049673,-35.49433719513795,1.637927363233653,-0.08702272971485134,9375722.075247409
57.997727393920165,1.1410284944635833,-0.19689077014815837,0.03337170318927807,-0.23026247333743644,75.92603712272398,32.98288490319368,51183000.0,0.5982017967088179,0.0,28.127161394826086,-58.711715592316885,2.231049862475039,-0.09475072789484888,15284883.44799525
61.17752922372296,0.6779604336973453,0.05664629349446315,-0.006638361722952388,0.06328465521741554,87.0019833908692,69.90126056267549,67326900.0,0.43236649490018375,0.0,23.12842736980785,27.96315060519239,-2.5816681818880793,0.11009346968818323,54030176.53229137
37.412355869474595,-0.5298385226743676,0.8270089033853196,-0.83078484244554,1.6577937458308596,22.514070757444763,17.428758505243774,11030300.0,4.405652838637569,0.0,32.56076181715976,10.58427491972926,-3.5266951325429803,0.061155192152556805,6187894.694195304
78.84486598659197,6.369966391980654,2.0518287338061043,0.08196123511606501,1.9698674986900393,92.47998046875,89.13880594393436,-2327100.0,2.819066382994844,0.0,30.6307577170543,107.52986685822687,7.737249836023156,0.25109707686925686,12990293.761362916
64.45978482612682,0.9866771095527476,0.034264167989029204,0.02893207296776401,0.005332095021265191,91.74310642303936,71.92272736599594,-31639600.0,0.48025644493918623,0.0,12.036273678807833,51.649232952673394,1.1848341018019743,0.23019896338389095,16538492.12351184
55.714316951579896,0.6681743109850942,0.1659565690737459,-0.012449616838751731,0.17840618591249763,66.40624417923704,75.9060892342322,110504100.0,0.5998330073473096,0.0,11.30143982452712,62.30476858549679,1.6751675424541368,0.18779761268750736,62023649.4818644
58.78611713938653,6.014676003666324,0.3658250174655677,-0.05195513830813958,0.4177801557737073,94.94819523340804,76.1412873165537,38636200.0,4.153218924863561,0.0,14.270063594295463,23.20239030798883,-5.192588554311616,-0.045630865981734804,9569950.012006147
50.56923079943203,0.7094498792260993,9.308264028353733,-3.0217800438997546,12.330044072253488,56.581722205146036,65.54549750641173,684000.0,26.063078048299122,0.0,36.015631946240696,48.49349980737981,-3.623210765979963,0.14732519718268952,9335741.246559035
50.364814190608314,0.816787498043027,-0.35709394131626837,0.057167677913151416,-0.4142616192294198,99.0195858437396,54.404190842334195,-68611300.0,0.5723470099035459,0.0,39.96139475891845,-80.09602183365328,-0.552078093886902,-0.0013368146328177229,-39537080.3122305
28.536467436835554,1.450929876694559,-0.6010418298382092,-0.07584420783378354,-0.5251976220044257,27.19294527591815,26.12057589940859,-12037500.0,1.551473176876362,0.0,23.81896477103895,-101.05899265625746,1.4086645750737892,-0.04896775080995621,27198478.50003721
70.97041522828313,21.50312639078689,6.01956349556346,0.2520155421894579,5.767547953374002,65.18290532764044,78.48948719284398,2389100.0,5.867235629226122,0.0,32.96843632759738,117.28015335385815,10.8217641397537,0.24400912475100195,8572639.116875144
57.511137846543384,9.709488621459542,0.7886534614389973,0.034057347215883604,0.7545961142231137,84.15091351094038,77.48917679204573,4726100.0,5.455468363433612,0.0,18.615230365475234,33.07990766412037,2.104754842633358,0.07628421199794976,5526052.733726433
65.13347655040869,-0.6580719823653567,1.3883490095927868,-0.20854912619515775,1.5968981357879446,67.59263292859103,77.05789393440634,84212000.0,2.642673246067701,0.0,30.985962613045142,68.68575831930515,-0.9532747404461521,0.09708047401075207,65127096.0492001
70.637863825718,5.657083528081905,0.43638607151373066,0.20588414914911124,0.23050192236461942,99.0741411190839,86.36489012908264,12626200.0,1.5145005629191075,0.0,17.133710566640428,147.94222206303118,5.504769187812291,0.14493596577569953,8296657.759457336
55.647390465660216,1.8216892368154163,0.2899227612055171,-0.07500014515800885,0.3649229063635259,67.01396339476591,63.64013746169119,56335500.0,1.2111933316184598,0.0,38.501495803978095,28.1167866736322,-2.828847241961168,0.15014482024044082,31209717.878037907
15.839124931445198,1.8161990668603494,-1.3297417160214877,-1.1696423607393713,-0.16009935528211627,6.494537639543908,13.630045964934686,2850100.0,3.786115253174106,0.0,35.684528240604656,-118.31647488678368,-3.6325608567093415,0.13329153464404647,8824588.533809558
42.724114193413016,3.3036276816550867,-0.9184800771694626,-0.10850787574628395,-0.8099722014231786,54.824590756381255,48.07796649797714,-3516300.0,2.9808751098976867,0.0,12.768875273187374,-102.56630076582354,-2.122361348588555,-0.06933957166692745,667227.562888215
39.45501954200614,11.156665751654145,-2.408770620225937,-1.9482736647728,-0.46049695545313685,38.995286572865375,33.45855573919928,2678500.0,15.803949663139532,0.0,13.552391167839675,-47.56558206658175,-3.698191537914209,-0.02662641521729292,969610.26338185
41.373385063489295,37.15126471944677,-12.364845306974757,1.6142988344466254,-13.979144141421383,60.82478175346828,38.53676805833779,-5153400.0,25.950704971415753,0.0,31.299274084833993,-78.30774363535448,1.1866404359134761,-0.22984775091222143,-5686496.10130344
61.900820809805026,15.24025029282933,3.047718269839322,0.2008866647715859,2.8468316050677362,72.18393551064553,77.44961594515777,-249100.0,7.782626899928654,0.0,13.104078744009334,125.59034075216908,4.060807969592593,0.19709087115432788,8178934.741769878
18.90811806452862,-0.027703180216235523,-0.26016440426940335,-1.1944031776004538,0.9342387733310504,11.361722166823846,8.818333217290077,8868400.0,4.04069839554784,0.0,18.511682892460755,-58.828519090984386,-4.268040551342038,0.1135283317471012,19074158.170260835
39.215387318266615,1.1671087694785953,-0.10218398101551429,-0.11412991298962771,0.011945931974113422,50.0,43.54479498423043,3340400.0,0.9409646578457835,0.0,15.360525011425299,-13.650081041260139,-3.4515877259650307,0.2317639160865771,15240217.500534298
55.970040070324,17.950683267590648,1.2201578146982683,0.16198092743516002,1.0581768872631083,61.27373992149433,54.49533894908645,7844800.0,10.07813191173707,0.0,9.291392273858891,15.736491023479319,5.456612085417696,0.09636901211617772,7650587.350623987
56.40956994876862,2.0694691115339623,0.17113247023686995,-0.005447208110435642,0.1765796783473056,84.53653602782421,76.17502717456843,4981500.0,1.4865457815822043,0.0,10.198384606700895,46.24423566381246,1.6055701055807228,0.14937729075497916,2728530.6085964846
44.016652436443955,6.767526098368137,-0.8368045386533254,-0.32080936805341786,-0.5159951705999075,64.95127375828729,43.38131556211665,-1069500.0,5.295881230036887,0.0,13.65804720052584,-53.413191397723246,-1.5666718818058485,-0.04109485293617823,8511899.987301184
53.68925912756108,5.846461309946221,5.250357197549533,-1.5738065812331614,6.824163778782695,55.51324092188657,48.81712360561399,26167900.0,9.803486334874048,0.0,40.175642474951204,57.00413095474354,0.39577001472059614,-0.06999123128489725,12140401.607124323
50.86693160930838,1.0825997115439208,-0.28241801919599396,0.03422425257595341,-0.31664227177194737,69.36937246546154,62.76202784997026,-32280100.0,1.967556471922583,0.0,10.294176091865827,-20.28696568360624,-2.6364671402212356,-0.1604836831122584,-11583051.348162726
53.3837140422691,5.073061750974574,0.7939613608841114,-0.32446608017497036,1.1184274410590818,73.58501068115645,65.16187974879576,7945300.0,4.187553702932688,0.0,37.847968698928945,26.25617697854465,-1.321394153417447,0.0020759412640033947,2502757.489540791
54.58531500974708,4.663756291115334,2.121380697093656,-0.6108321479361631,2.732212845029819,61.13686692475585,65.63372894404598,38341200.0,4.6458839827723954,0.0,37.32003123281898,37.66831707255801,-1.647482928515699,0.14137560102150418,16714577.473325241
33.99989444176351,4.807838349027975,-1.1930542980340988,-0.2700795344177461,-0.9229747636163527,12.679252774170104,18.18074095813994,-3043400.0,5.400479310549019,0.0,14.077991819121976,-79.59867910078628,1.8940897355515196,-0.0339788976738499,-2263481.7269267887
49.92562605732137,8.449431475521976,1.354668655202829,-0.5825631105976683,1.9372317658004974,71.12654300259238,72.97845776380812,-1382200.0,6.296606886617986,0.0,32.94925654987594,17.832088355486672,-3.045142184456822,-0.025324763957739034,3324355.3745896686
62.523749816625724,6.571089464064244,1.0437706608199733,0.029283045487813242,1.01448761533216,93.0273958027876,78.6944162009441,-9117100.0,4.240342432745425,0.0,19.622302202548706,78.42254767420579,4.03577871017935,0.12308012633292927,6918949.049942827
36.02256183317922,0.8107787892662373,3.019240271632725,-2.6986330057111223,5.717873277343847,16.74464810676628,35.93359232978363,567100.0,12.447949399265585,0.0,37.92291705226453,-7.09979313486148,1.3788696662211228,0.057622380906378994,3637700.9426771645
48.987524964713344,2.099789168929803,-0.284952429179242,-0.10563841766272714,-0.17931401151651488,74.67525551025261,53.513888477235305,-5758300.0,1.9133185294735813,0.0,19.317431324542614,-13.897486122296444,-4.313675790625695,0.08356250441521573,10548367.851344414
60.12586914817359,22.70610085964472,2.61604595336928,-0.3476677253466134,2.9637136787158935,93.50890110670488,76.96096331643982,16850100.0,9.983773619021761,0.0,30.66112459997874,51.122207444183786,0.7849567000474841,0.11103846167900865,12545561.150966821
60.63130358761406,1.297755787053049,0.2766991206167333,0.07478172859478494,0.20191739202194836,60.81422911089412,76.98371327157169,8227200.0,0.9607509949106664,0.0,13.668245634909084,76.63808461517172,2.6181586594990307,-0.1029191465872933,-598138.8322022916
48.9526783251037,2.8248875233072397,-0.8412842004264149,0.0732061998718283,-0.9144904002982432,100.0,57.51935526289668,-19343900.0,1.5666828356674443,0.0,26.649635164236845,-97.28075957492005,-1.3730213979839148,0.08403594964453305,-1278705.2119763214
32.428089053677716,3.7428996044462224,-0.5753338981909906,-0.47641811980455306,-0.09891577838643753,27.659278429408246,22.429605338865453,3647800.0,4.8913136360507545,0.0,11.238630816882994,-69.79586142812765,1.4178814151422765,0.1295276679198381,24160305.511300776
48.94629748789257,14.528504400871157,2.6985440178542603,-0.9018585412076341,3.6004025590618944,47.61029140266147,42.890318232139954,6469000.0,15.25759049515672,0.0,9.48622644003809,16.16788128393994,4.4820242043727605,0.09007609685761074,5686876.910788097
45.89617013544552,4.312175260735799,-0.8443096655706199,-0.08111734294624418,-0.7631923226243758,67.02717303893469,32.56194401261,849700.0,1.7190773412415585,0.0,15.35366866226477,-81.32802371280161,-2.1839719144102374,-0.03903341504637835,-5453272.746268189
40.933022544460485,1.8718121638295457,-0.47204449383148983,0.010471195000567812,-0.48251568883205764,29.242019445286033,28.86017423996395,-58654500.0,2.1983291080258267,0.0,16.86932640296752,-59.90128093745449,3.988022671149944,-0.18114661557105696,-10739088.730373379
66.35943763216477,18.50993075551355,8.516674640884503,-1.1299735597477163,9.64664820063222,73.03546090822432,76.42389737980062,49400400.0,18.444631504819547,0.0,33.96285167566162,66.28321977268078,-2.1702860162137134,0.035717156750397945,44831826.0915984
52.836550028970365,2.139325033811218,0.03776919183368932,-0.0846491256425245,0.12241831747621382,84.88379571821764,64.26029956218402,26071500.0,1.882007904184002,0.0,11.730984512950517,1.2514638698798135,-1.3633475665999886,0.0014705566380176127,6484278.194764166
62.84299374666133,42.97099618933089,12.416730962568863,0.6424305739485554,11.774300388620308,91.76927058041761,78.47680581136592,1440200.0,41.0970635230571,0.0,10.785669086764322,92.6226896629529,4.953435039477564,0.1255429761972582,765240.0080882945
36.25987032328091,1.4344035270368032,-0.29599607348529133,-0.0640300203423037,-0.23196605314298763,68.45242352716782,60.1057479730644,2106500.0,1.0913983717270586,0.0,23.40108546043687,-48.92389770134297,-9.213164951108025,0.07655298010170858,20189328.122363318
52.286405939805185,1.9721054252495236,0.9489001674829893,-0.41123732673659186,1.3601374942195812,68.12979294338957,59.48989088163895,67889800.0,2.6613423536916136,0.0,36.448348425175745,38.45164011768999,-3.446498497173723,0.0177380745027395,51075602.97292137
64.02700827450869,1.1703211406752985,2.0176046585193745,-0.39593656114410924,2.413541219663484,67.47131960509539,67.69533119058089,115259100.0,3.564026491498025,0.0,32.18486285333416,68.47701666565442,1.552668235073396,0.18741447017871649,105672787.22221762
63.295501207122015,10.869219684437212,5.9825538604775375,-0.9371716284678238,6.919725488945361,71.78544841380176,77.23751121320845,152492400.0,8.723520171511298,1.0,46.366685252108546,84.46441613034622,1.453187838598585,0.002845571138591443,95815993.56013237
43.87767241850593,6.251661542148639,-1.7064292910985444,0.05430205025581558,-1.76073134135436,66.42061226443246,41.78077452257154,-4976200.0,3.3302714438061143,0.0,15.818642499203227,-94.40596796925739,-1.6357183262551593,0.03428966467269279,-1071980.1596093287
58.58975812978539,2.682314927912973,0.27188533874898013,0.03928473010719141,0.23260060864178872,65.01902271266928,41.49583093239226,46419600.0,1.6881330217265396,0.0,19.03768189676098,44.876355163019234,12.114903380326739,-0.15682755586570413,-22932962.246944353
40.29259455222043,1.6733400993357748,-1.1851184967283928,-0.17403368227406757,-1.0110848144543252,46.56644771740483,42.001193445343006,-4677800.0,3.2903117778679003,0.0,11.177549267330308,-78.24176564975491,-4.782775294276894,0.1892957404770485,4279986.117028148
33.10937421851221,9.455254926007228,-4.8047888258456055,-0.90038135095421,-3.9044074748913955,29.296339193919913,24.058346136644932,-162600.0,11.108020503688495,0.0,24.294524929799834,-125.7450294026075,-2.487003440548012,-0.025778183897208536,459605.6562892266
35.232125445376475,1.239678319658502,-0.7966002505134995,-0.10212027361263298,-0.6944799769008665,40.419228357590164,17.583522295285547,-5257200.0,1.329486784391602,0.0,50.17442809286677,-122.1528689043994,-3.225808003934452,0.01830977196653592,-2231400.905500311
74.04417122398904,2.9774589936179154,0.3164394082881188,0.19270954531950668,0.12372986296861209,94.40292877619402,88.56283384035787,3603600.0,1.1996113752586204,0.0,12.60993689251952,64.28258141070049,6.1850806555707845,0.13707675591542418,3522134.5194469364
49.60282483628777,6.72114021272489,4.109769755414391,-2.824294256173186,6.9340640115875765,63.033577129655534,60.58437663788706,7169100.0,29.015012468717394,0.0,28.634113939234265,25.340679533642174,-7.294227877208854,0.034211161979587026,4389929.026948294
64.50561549756175,1.7929680243046064,0.7426396520168126,-0.04892073775694339,0.791560389773756,60.09861843984425,74.2991818269772,63564600.0,1.1333028668941478,0.0,25.174738594336354,91.27116241191858,4.327867851882685,0.19340442613698272,27139968.36298212
57.930250583698076,13.007162261026679,2.330513322706281,-0.42447774382404546,2.7549910665303265,91.21087302301852,70.4803291292097,-1041200.0,10.133188772894135,0.0,23.54190299371408,39.63063509896972,0.7349607129070407,0.060296032370623004,3154882.8075478505
54.492578278062325,4.1207533401200465,1.0364567785089633,-0.305711601556931,1.3421683800658943,75.75230535934439,73.95810681129102,61977800.0,3.2522052639391608,0.0,23.384106620362605,37.049468369893425,-2.197794392231711,0.10954719794301115,35342146.58753095
74.26247085627567,1.5748954484212803,0.8950755272141038,-0.09718395601305363,0.9922594832271574,81.36651407883389,88.11407095349749,97362000.0,0.8921799941845695,0.0,67.50472520621788,85.21727170223197,6.6211387233676255,0.2542732097745718,57010269.91733479
40.385359240856495,-1.6990387652591608,-0.01947212796687836,-0.43526017758900193,0.41578804962212357,37.46915277992321,33.02190339672828,4048500.0,8.745682605936432,0.0,17.29414609109628,-4.415080120709142,0.7779336160374278,0.02570101448056664,2163686.665090699
54.73452111837373,7.585303517909779,1.7027225160759372,-0.5359799469719402,2.2387024630478773,72.97721660532079,58.00430149886383,1446400.0,10.978184775813146,0.0,21.25730310629823,37.399571235078994,0.2111130898760813,0.04880300952899335,553597.8701226538
74.35573967002567,3.1803367496686263,1.0095696380732022,0.009064318209935252,1.000505319863267,96.02274081925037,88.50309636781401,46190400.0,1.5263970857158922,0.0,34.07094513642518,114.51261403589731,2.8620771831965826,0.21992977313810055,29578910.28325499
49.814184861431485,1.0885382401441035,1.0194247230155895,-0.34852098073749516,1.3679457037530847,54.717001502487655,57.75922514416457,15765200.0,2.4254436437501474,0.0,44.26015055571199,42.220749349441675,-0.441547852151294,0.25125394442342414,17175380.638758253
46.79659543866666,34.291939195768464,14.975835615108736,-3.135032870650061,18.110868485758797,21.65015139427505,66.95278719090355,79708100.0,27.25682343084906,0.0,43.620944967337714,63.51236529917725,2.9426837248420017,0.21433020392195085,34709587.60568482
55.178222470795085,3.362854948936345,0.3491788424424982,0.05541413833278408,0.2937647041097141,37.70362647985713,56.24948002703652,79465100.0,1.4398099818809706,0.0,14.764446503713655,45.525526952807034,8.437893095940632,0.2827422247040541,104876908.66952817
66.4487685088589,0.5513091575522644,0.12879303543598652,0.012978822664271611,0.11581421277171491,90.62493946406512,88.1295197194243,29563900.0,0.5868573147252318,0.0,10.009709780227073,51.29303844643633,0.4598484565319504,0.18965147549927266,23247506.883622933
65.32310461144249,0.6552591209715786,0.15151144165934483,0.013065282768514264,0.13844615889083056,88.14817954478023,83.61933443062894,10503600.0,0.6169518047239351,0.0,10.047044215430343,58.239909088375995,0.0,0.08026693887384964,5418203.316208744
46.81737825601876,6.2149910988935915,-0.634061332899222,-0.2510073215170847,-0.38305401138213724,97.89270756677003,55.481651170448195,34743300.0,2.2729715711724663,0.0,27.656027089131715,-31.86129392491028,-4.432753109038935,0.3025893075806477,73322645.7205348
50.07919794653452,0.8982105972961207,0.39682367649950834,-0.09366269490412032,0.49048637140362866,53.86733490628171,69.13243028051502,-5179500.0,2.004756139924544,0.0,15.764282626717293,47.604184827970606,-0.4697892721170717,-0.11217293680357321,4719714.228189891
50.32984364711115,1.2780172801446739,-0.017292827629802332,-0.0032439411085602686,-0.014048886521242063,65.6490239015981,56.1034431649389,2744300.0,0.8297690936822333,0.0,17.937258708635433,-29.998786408501125,2.930307758850314,0.06863392695737375,15214645.498566445
73.67229701678735,21.43694772334399,1.677919633469287,0.644664910251058,1.033254723218229,65.28258098276947,51.26481199365988,-1150100.0,6.017128805765291,0.0,17.91774978780985,178.70680943388436,3.8979745177546055,-0.05830237946619423,206375.62945533736
70.07752531840691,8.939757993449945,3.176202305296954,-0.16769737152027275,3.3438996768172267,95.20613979263862,82.97962417417509,13410200.0,5.076375856985237,0.0,28.709944388129493,75.85351380550537,2.1229001291410614,0.21154207754873014,8376107.387341755
57.06446928246339,1.6691786635134775,1.4469892007674048,-0.2885371807308794,1.7355263814982842,65.38465102487119,72.87232657466681,7479800.0,2.527685007074791,0.0,40.93027235348406,56.13479801502115,0.8741425984689578,0.22980000821220412,7836716.096334267
65.32425376686486,16.61372749669539,-0.399023801393696,1.0491239894919502,-1.4481477908856462,92.8094818897437,67.88401648845114,992800.0,10.495555306301714,0.0,29.7885583047116,-13.302811353182891,5.0602733888183,0.15103815149737926,1153131.6712330347
42.476140896466646,1.0519487920331336,-0.14330373391878126,-0.047640324465026807,-0.09566340945375446,50.694461001306,56.61378815063578,56181200.0,0.7835076570195502,0.0,15.541233576646778,-30.740293705967577,-9.465021101024817,0.09763733787525326,56643118.52324121
52.3577248368719,3.120621027297176,5.098650994699597,-1.573512072296925,6.6721630669965215,28.205122925079433,42.73367988617344,39607900.0,5.504166617734986,0.0,56.07163281321918,49.806734857335535,0.42910322643880633,0.28820102024561683,33197212.088157654
23.772915181023393,3.4148463025304636,-2.0519203438515063,-0.16577686075700404,-1.8861434830945023,46.41441014254211,33.84438776715374,-1665000.0,3.3494076933105874,0.0,18.754973725916916,-138.69915018150965,-6.968399777151312,-0.16105520644981436,1353184.9701322126
78.05907501748432,4.836967871388026,3.695406776381958,-0.11555358803813753,3.8109603644200956,69.99300417087711,71.83425561485855,1423206400.0,4.881006922006964,1.0,36.08707534637299,102.02209011207164,2.8446920405581193,0.15934889466098978,2000312837.0795689
46.367836447528546,180.02992434300813,-33.37039617193932,-7.843061761325956,-25.527334410613364,39.05758037423337,35.095791410044264,-7400.0,185.29114958276688,0.0,8.919135039972373,-66.38977203373761,-0.9757817930727034,-0.11105780763939163,22210.198979602435
38.39740242647224,2.8726424041785776,-0.8259357676992352,-1.09111118844512,0.26517542074588474,30.30440168353486,32.93839257675868,8582000.0,7.773990821602925,0.0,22.432584553610436,-10.674161997098906,-7.30611002111739,-0.03550952290147146,21533038.379037168
34.718716294017085,21.158834511990108,-3.880021554638688,-1.7574753374743128,-2.122546217164375,17.911950230150374,11.71486608495749,-4589900.0,27.76526851850821,0.0,12.770543336679438,-67.16038120989482,1.9860815183262464,-0.12294810476250491,-1424113.241890615
46.142498979280305,0.5100685747656044,-0.13482832248958232,-0.05861416922491852,-0.0762141532646638,68.78305062851699,61.980080373071225,-55587300.0,1.2350577579629367,0.0,12.041885913994374,-15.4601794509041,-5.385670074822737,0.057056592278880866,-6119265.506963554
37.04111178839022,1.8314156749844699,-0.4351694509571473,-0.6479564731474036,0.21278702219025622,52.43884851924562,44.54071803617114,-1710300.0,5.18616515889664,0.0,23.70183101023468,-13.761781643584838,-5.616079075110225,0.04565046791403376,9919213.810197288
40.50404767864977,1.537483493126274,-0.588498276520113,0.008341835791849439,-0.5968401123119624,76.07145484617209,58.60776117250305,-15066700.0,1.7283624983178878,0.0,13.554986603419136,-105.06390068417782,-2.5124916036010503,-0.01611939872724848,-756180.5058691257
49.82008089253761,0.7081178077357251,0.20146000669708997,-0.13651248587967857,0.33797249257676854,58.585807987931695,53.890752916695384,82358100.0,2.014208468503961,0.0,22.40294246392512,27.35930583045082,-5.000004641777568,0.008167206357309118,53711500.00907737
27.62128218147106,2.0629125988610753,-0.8642767368793329,-0.17588577939126382,-0.6883909574880691,45.859959277491335,28.86506982044695,13907500.0,2.2727127787433457,0.0,20.39612787525755,-79.75825273066204,-6.846784740083505,0.0686697032419225,1119078.3920914768
67.44730769975133,10.493123836630076,2.6541526759768033,0.011098460411558264,2.643054215565245,78.11925295483486,89.14258069403297,32615600.0,4.299072937159642,1.0,29.11410319824157,96.7265496168274,-0.03068613236838229,0.10542163881939517,35398847.007166244
25.245345337290257,0.5441414389457293,-0.395576046440695,-0.2764024867310505,-0.1191735597096445,19.97145556868531,17.50056074894277,21124600.0,1.6337001064097758,0.0,15.883304086061488,-181.36754393009502,-0.48920032656437473,-0.003279108051791223,5933218.184370567
48.52912496240998,1.1888683258525674,0.2766016827122826,-0.20043951230175278,0.47704119501403536,59.47524005898878,52.134327818215475,-19773200.0,2.298016427639699,0.0,13.276471406323687,27.019541949642004,-0.3803492916512339,-0.060089973321670175,6332914.022310139
57.02607687470549,3.3269478823094687,1.2186552005945543,-0.1655822330244341,1.3842374336189884,70.10874673124022,70.19726234319643,-4424800.0,4.505798963469052,0.0,16.19164311842491,65.9983058737522,0.5679726523322627,0.13674913046036463,5783701.86865543
43.449870692932535,12.589517916237057,0.8359425332537995,-0.5205038878203734,1.356446421074173,22.777778955153977,39.80474825936384,1032106600.0,6.1784727937721415,0.0,22.63203146431067,21.407268555409285,-6.03778877183737,0.03694759169927865,858757213.9952639
39.22349045686515,11.82726425324313,-0.37949561916136076,-0.3815314006672194,0.002035781505858647,45.52852756613702,60.486003506511764,55158500.0,5.374201411838016,0.0,20.583935385812985,-76.35095102637106,-2.661072150175264,0.07303623117103407,25088039.80135918
81.24331491546047,0.4457716842857895,0.11411780981216424,0.015870776181736712,0.09824703363042753,100.0,91.17645958853647,53485200.0,0.23930522736159476,0.0,15.3566727081669,118.21924618164287,3.1329371076439863,0.03599565409810603,33409174.3524258
55.157736318976404,13.159409216767585,5.6146077129827745,-1.649960351419404,7.264568064402178,80.91638342606515,77.11707949483856,8263700.0,16.933689205885557,0.0,28.194475404786093,41.13509770686796,-1.1232816818463893,0.08663949490367938,3939533.437477762
61.1467478317249,3.572349631387141,1.6709059064390033,-0.2245455102562386,1.8954514166952419,58.243708486126266,67.75655752067487,1235800.0,2.7232740890085454,0.0,21.549206797907893,78.46638981786522,3.5589789208669997,0.24937454499222075,15060235.07048877
43.686821919152,4.230715988928608,3.2068298352563716,-1.1971808517069373,4.404010686963309,24.294901711565895,58.89699852419256,3056800.0,6.887719116301158,0.0,29.874929934662855,44.845384829107154,-0.453962766902292,0.2613920591916414,5447276.137642532
45.54645769630453,0.20511295751852288,0.3372895750077163,-0.19401551110868387,0.5313050861164001,50.01644377609351,52.69393547795821,38057600.0,1.8015134984642265,0.0,39.926216665773715,24.979829973689405,-2.4078150696917056,0.005525958002234501,46251322.29924224
61.16259294900474,3.072064269024338,1.11756094612781,-0.13872902373538176,1.2562899698631917,90.76584432923968,80.72476708854357,3959400.0,2.278747439682268,0.0,32.15493250939541,69.78133018914102,2.4696455220643614,0.12920378614976047,6379700.318698341
60.290986096709275,2.149888406633721,-0.3187702029108834,0.2523002513559236,-0.571070454266807,93.91882603615369,80.52829678198462,-60614200.0,2.3029902022382625,0.0,42.916021386990785,13.075636531298887,2.7014412636392136,0.018340289779253983,-28929649.141634967
59.17391269896321,0.9373294586021714,0.16358265248800308,0.011971598517252185,0.1516110539707509,75.29423644380617,69.57045514927363,224026300.0,0.5621395624124953,0.0,12.403857326842369,60.973017223413954,6.494097527012543,0.05894821070181642,133112737.87301719
43.57850949517037,0.23631719843817578,-0.06792023476931419,-0.03348769679654568,-0.03443253797276851,60.37722268806253,27.397032103521045,60716300.0,0.37906129329643207,0.0,17.873015742443968,-61.048816703377256,0.23487379075725545,-0.1404813300115809,-40818448.522444814
69.44912637352,12.142504304935812,2.4939939846134394,0.08774406830289783,2.4062499163105415,70.61458392908207,82.18252911784914,93604600.0,3.240319750011312,0.0,28.10649978246001,91.80100565503913,8.437478778813139,0.279022052879691,66860400.374642126
48.27521956091487,6.0012691681129695,-0.08363914029330033,-0.4745886295728804,0.39094948927958006,84.70791346535769,53.78310688480327,12208500.0,3.847150426372634,0.0,19.757082128205223,2.175468255750926,-7.14908812824764,0.081277962007438,14809276.099360205
48.69784382352378,1.8182950945006695,-0.2753283444652084,0.013342329788208818,-0.2886706742534172,62.97698364627499,51.40990368173879,-2557300.0,1.6661015623080546,0.0,23.251547705919343,-47.47379476944503,2.8765494885022522,0.008326475390425558,924375.7483362274
54.36154285880419,3.6416528485621598,1.0774881732423012,-0.3484976462319511,1.4259858194742523,76.0527071332917,70.54853039487591,11606800.0,3.74943682796552,0.0,31.890916149775215,34.87319984514961,-1.5462467841577654,0.11048692476867367,10232411.01876561
37.31480898189401,9.234651277013427,-2.0138528409204355,-0.9021821310758702,-1.1116707098445653,38.47869827661622,22.381019410514497,49200.0,8.946861802357628,0.0,11.62165512908751,-50.235374950284275,-2.2679210832476366,0.08357614924110097,1725398.3110886056
48.98977962230411,1.5113400935373136,0.28599015730010535,-0.2535460366707185,0.5395361939708239,66.9565102012835,53.939654655615904,-47100.0,2.6350542466219973,0.0,19.675365469465255,-0.834747945919239,-0.3223789883178097,-0.02293056598855828,3150002.218021661
43.732382807863985,0.6389584184436572,-0.1903997178097967,0.006641033150071557,-0.19704075095986825,41.99981689453125,45.993782627607324,19244700.0,0.6448602489751806,0.0,21.685771819880866,-66.15502054976707,2.6849573355933214,0.04024553379249101,21966795.56948357
49.73674699407112,2.2528929554869705,-0.1727841138902022,-0.10136893567535683,-0.07141517821484537,78.79755087061913,56.23881517849324,1268200.0,1.811143086555153,0.0,14.99927425420142,-15.123440246082962,-3.072554091361622,0.06749993824849658,972720.8618931605
81.08414178581525,7.923852305791428,1.7676081478778372,0.19287848621466064,1.5747296616631765,92.19587708804112,86.56503454273536,43978400.0,2.799074769296799,0.0,23.05712349555065,123.41302665768426,6.670037337778808,0.18193798387759855,53689855.29844389
37.072242434632976,12.03515982747507,-1.0501057496821886,-0.4473185850089536,-0.602787164673235,51.18708757916266,38.24465838641046,20993900.0,5.634920648205593,0.0,14.490599477078705,-117.06595569225438,-0.3127675855656701,0.11674904324226755,13530900.16451697
65.20362747631535,5.538456199904061,0.3772045741922909,0.1815743367352998,0.19563023745699112,74.28237153688484,71.8970329119855,26133400.0,2.8832484792277238,0.0,12.491382696411836,87.17264046055496,1.5148744478881502,0.07024668867887152,16523318.330313267
55.1604002543182,3.180391198733858,0.04714658082298229,-0.01440145477506756,0.06154803559804985,87.12275186206304,68.49659151835807,-6043300.0,2.571792509978988,0.0,10.96705671585086,15.1432100782718,-0.629342416164463,-0.11298931086925347,-2343447.649432215
57.9960335633788,3.7755809901559445,-0.027741508564758988,0.11313073808586743,-0.14087224665062642,90.3538468331886,75.24118858256834,-10793400.0,1.7173268144313636,0.0,21.675624098735735,20.27670952104862,2.9240549999481766,0.08587500205929816,12564865.183723494
42.78964365339166,1.8185275274238961,0.8460488246947477,-0.7152904709535051,1.5613392956482528,29.127870931578904,30.51571776513066,11155100.0,4.069814267413023,0.0,30.677589813797578,8.974488836449838,-2.0645060475420687,0.1639738117811104,7431502.09973517
66.56904640511293,15.940079076549921,0.5913988295985746,0.4079117901362108,0.18348703946236378,88.80356449021113,69.10362531076196,4347700.0,6.184942650667509,0.0,12.186063074866043,80.92686422443202,2.6258380590087698,0.17311899924433038,3794181.7699492057
39.895653278619434,2.0827232268005105,-1.1119712502311927,-0.13004395772081412,-0.9819272925103786,41.23986945712012,37.956465416212225,2498700.0,2.8592545415223376,0.0,11.631830867755017,-122.94076186000989,-3.448948390426463,-0.07870800655334063,6919609.632116956
54.472666969504,10.591515779848237,3.8393061017998775,-1.0263470047252792,4.865653106525157,81.82589879726383,76.14618136768628,10110000.0,9.890320685332389,0.0,32.14314903545721,50.17593560235034,-0.9937356033111417,0.03792946325281588,8484534.81896462
47.079222678536325,0.7855848137317594,-0.05383537253825921,-0.3497354034909454,0.2959000309526862,66.97241284911682,51.780966544031514,708000.0,4.417196001098236,0.0,11.69074497880247,20.474030656594422,-3.0330759048473137,-0.04993469900718654,20335554.514958475
43.42019214431992,5.958763369727507,-0.9539666458753686,-0.08605772864624184,-0.8679089172291268,64.48086672299551,47.23380526631937,5592800.0,3.5712063792347704,0.0,18.649506081136625,-96.86997510050524,-0.27829066525331775,0.00844675874903021,3808365.0006569545
53.52446878470517,8.943312915639751,7.280266886157051,-1.2320765191164895,8.51234340527354,61.678764600638814,83.33697137872078,2459500.0,9.63268369623154,0.0,45.66704529177646,74.90164474530127,3.0346961839382995,0.1901312694730972,9459303.606579658
48.10872066188248,3.8485760305285055,0.028730155058440232,-0.4115661300727084,0.44029628513114866,81.01680274554327,54.53128224119873,11316900.0,3.4020796342624795,0.0,19.342900938066233,-4.515266452387233,-2.930551706630209,0.15785789463243252,10893276.1666118
61.21461234762683,4.637051864596856,1.0116070262372716,-0.19334429959669208,1.2049513258339637,93.07892321810951,54.11129771446804,13230400.0,3.0881768913599053,0.0,15.457565096017339,59.26320163260097,3.591401901904308,0.1740577790702463,23047824.589640774
62.59917518651815,1.6506868569615776,0.004447059879659321,0.09418635386387993,-0.0897392939842206,99.42206218619697,86.63616698916525,-36294600.0,0.8969116274237364,0.0,17.964403381488225,2.738717565639987,3.336999751142416,0.01603732221355724,5527507.306352864
55.28515822218512,1.903094125711931,-0.14150954478346023,0.02777358400477775,-0.16928312878823798,93.46746769005456,62.15674641187144,-3169800.0,1.399091869702786,0.0,13.254635237683692,-29.602130930735726,0.2631612873092731,0.12608249863579452,4106172.282166601
60.15096543448979,-90.1301878115845,5.338640328811039,-0.07242608390935423,5.411066412720393,89.22492412001694,58.54199606577871,-3414200.0,21.089058891563553,0.0,12.098750954919467,65.13665212114667,6.112500512177084,0.15041474337387226,9256081.90768449
48.079090579281605,0.6676672079317534,-0.026671984350215894,-0.04989196299705424,0.02321997864683835,78.35044045933617,57.171481538435756,55114800.0,0.5549494180929861,0.0,40.31489105934895,-11.58696080988784,-3.8770089952225337,0.14777462281871714,47421707.34310274
70.95932596782433,11.736819721583885,2.178497456427266,0.14936327262353988,2.029134183803726,85.98736143156765,86.45445586317224,8676200.0,4.177545080651885,0.0,15.911642851791196,91.52847246019988,6.876126607117632,0.23275316048442155,15652090.85223259
46.27858746654575,3.7885132310503025,0.5176477911177813,-0.5265682647511234,1.0442160558689046,55.13302138843522,45.24866070922426,3023500.0,4.986230232819629,0.0,40.03121154062665,0.24224881972857853,-0.7571198568309351,0.11240468235519839,8456620.451481486
51.508225799298934,1.9454380045523578,-0.45507893655371845,0.12779268266287447,-0.5828716192165929,70.1439431362863,67.86768966683903,-5394300.0,3.2565006367210643,0.0,9.539054325962795,-10.288052733697453,0.9778148229702955,-0.07928406558112883,-2564023.8495088555
79.4435640291194,14.600619254153742,7.651035126953332,-0.6734208396410732,8.324455966594405,99.26608381427366,94.24573190426923,13355500.0,7.653671360265961,0.0,42.25247001999552,75.3986850811726,2.8388435990714274,0.1817257301388376,8024210.114068909
52.742157423005295,0.8952729210548043,0.1980058247547234,-0.041808056014908446,0.23981388076963184,55.72509747851687,59.421809210675924,17030900.0,0.9771172579542348,0.0,8.963438633103253,37.477896391025034,3.566228379043763,0.18782484993916024,17161099.38954327
33.82826654817761,8.463919776737953,-1.1380713226946,-1.0697679770662207,-0.0683033456283792,12.348610264006274,29.509119918880895,-2620100.0,10.192392952974918,0.0,14.927525498252727,-90.79091789731301,-0.2950812635530476,-0.008253857571200831,1357306.8108473122
27.502448744162496,6.213398658650249,-2.097320498099805,-1.1857904349868618,-0.911530063112943,40.23983678528089,42.85429836538271,-3901400.0,4.681579220129953,0.0,30.453942656595494,-69.60640118723187,-7.785749834863568,0.12080796085334211,15624261.541900013
65.27206752604431,21.945049691076008,4.514005609564606,0.1212853664385829,4.392720243126023,90.54726682895476,87.03702766489027,28332700.0,8.307614010039778,0.0,39.38617135444198,88.10776302626564,1.2213101737888514,0.24085476142727605,17858638.582445182
53.07455283679516,7.746455668407123,1.6058750608713694,-0.6745185898123633,2.280393650683733,72.34872092616999,57.1296539429409,1776300.0,9.301639904575751,0.0,18.852615725996063,20.36284105254878,0.6088419413592252,-0.03229152514484814,1117609.171167331
21.16688486006792,-0.8641832748876936,-2.5202624560535583,-1.8089366729487024,-0.7113257831048558,38.99532511035672,36.704812230162524,9017000.0,8.119959389091575,0.0,19.27009810991624,-167.4954847421744,-8.192879413471317,0.09102635510206278,25760386.08860483
49.62413442099082,5.130301113068725,-0.4163243160226955,0.025140369583750655,-0.44146468560644614,68.69699406074125,55.96657192554763,3021500.0,5.459410613070449,0.0,12.076516257945391,-51.05245305175392,3.8689705661161846,0.02347005370737143,3556455.2310448913
32.535907794524036,0.33548891045691676,-0.3463236532180076,-0.048676813879404146,-0.2976468393386035,46.03181331024335,39.914339518191504,-216389100.0,1.0149926422947424,0.0,12.445410685824537,-74.9058077576903,-6.4704196749826925,-0.02653145856285046,-24254086.99405471
86.26614910796052,16.377516275347872,5.21813719256788,0.22751542791727708,4.990621764650603,96.31025671076549,95.12605054505322,48250600.0,3.7056982245692036,0.0,58.45147795520283,129.0174068997399,12.311052997128407,0.18905251061568978,23738571.63625005
56.995560468372275,2.439093049444736,0.628582075643422,-0.06742953090414905,0.696011606547571,63.172705345332886,67.98866324892727,10178000.0,1.6594179888166614,0.0,17.739606462032842,74.59987983940738,4.127700123827335,0.15577313207733517,31077344.138535775
48.62115815536243,8.867215730169278,8.52413320554615,-2.977764023757457,11.501897229303607,47.898704758665644,66.87376814119978,20099900.0,25.313670833814175,0.0,43.25945261232975,26.600815773637446,-1.1287242580550516,-0.05949440153178334,9122441.685399085
49.94597851311583,8.882014241281922,0.6964829234506738,-0.35568557961219405,1.0521685030628678,63.88665472093828,64.9800840182398,-2221100.0,6.988631729552996,0.0,20.353330486223804,-9.607842879562881,1.4683257479396619,-0.08700884320012735,-862811.7339524021
63.211337227484535,7.3209699554795975,0.09638045597856149,0.26793565921108164,-0.1715552032325202,83.75570447146183,75.36234504099976,7802000.0,4.1011929525204565,0.0,8.276251089005267,40.58436574597001,1.2718719102323448,0.09383641652133526,6234788.8742714
43.59506105028235,0.8314839143688459,0.4201750966601878,-0.3345383571768791,0.7547134538370669,56.52431004985441,61.796543419339685,35469200.0,2.4053318241802923,0.0,24.321091131320813,14.329742822371966,-2.8124887310759425,0.10316646287839219,20345419.313504733
50.21661579014307,2.0575560755068096,-0.053385841870451145,-0.06344128714239203,0.010055445271940886,57.06807537522843,45.8313560718917,-9678400.0,2.328735262092902,0.0,21.178300135849152,-16.011180966481003,2.991760753037494,0.07854337512533888,2996161.2254934786
42.10877693904754,0.6894283306169982,-0.02284192938671481,-0.20470621695135266,0.18186428756463785,34.7825486027991,21.596809532337048,16265800.0,1.3563705115975528,0.0,19.00604788474973,9.934820115882818,-5.792749898269284,0.05368683886389093,18303341.6902482
49.669368996030926,3.6098308334983926,0.5937835233406759,-0.47767967041020354,1.0714631937508794,57.975700074867135,52.356760934568634,-1100500.0,6.6856812062945385,0.0,12.605779443896571,27.030892568525527,-0.1932339671129035,0.02817578407542975,-162665.26580006364
52.118887973950315,2.5492601984533394,0.49208231194097607,-0.19647238920016696,0.688554701141143,76.38885577516577,61.92195967269089,-2870000.0,2.2258447216708994,0.0,15.935373627483704,41.0559722803705,2.066349779751368,0.15687867126237184,4646130.87658387
47.84754509953414,3.2440261462955533,0.03389338484127791,-0.05020983456085287,0.08410321940213078,46.85313379483281,42.88925575676311,-4752700.0,1.7300742164065732,0.0,15.030350103209523,-25.44682017731342,5.4016649864821105,0.09595444558760567,12563281.883478712
78.79300852485282,2.6792389251042543,0.7053558314670312,0.0847172154744874,0.6206386159925438,84.53859310995645,87.86760730176796,165809700.0,1.156920380742554,1.0,37.416023172361626,166.51679498458455,7.425111491459752,0.016955220265530715,11916898.503503544
44.09542299482079,1.73557230299361,-0.03479495560252133,-0.31487203021493154,0.2800770746124102,53.9149773592699,42.57636381758653,-29888900.0,2.7869604610539525,0.0,16.20352568980108,11.65557781151361,-7.417202596414801,-0.0458432095045568,-7918991.920661873
43.08221064275431,1.3101573314040138,0.2934959712983982,-0.0978789532188496,0.3913749245172478,29.423533123411175,65.41425176960581,-39203000.0,2.767128698438075,1.0,13.318122607996845,22.128734193769393,-2.1935554437507396,0.12246568036345204,72668496.23443493
57.072484474202994,0.9471461853367202,0.8341478979835415,-0.21853371731403115,1.0526816152975726,65.2174292578005,68.56460159727517,31713800.0,2.187435768609748,0.0,21.48616472790013,46.61987641240679,-0.6857007217511925,0.09886101866370507,7631859.321096224
28.650109353895242,0.2435503893134694,-1.637023317890339,-0.646448486361906,-0.9905748315284331,20.120470963703365,25.82226813179292,-1987600.0,3.762349549982591,0.0,18.62229039164101,-158.1544307160835,-6.4089138622423025,-0.19094069935147792,1151194.3060474074
55.94297526988734,4.426816956636117,2.938956586336218,-0.7616148408716121,3.70057142720783,56.420121417226994,45.6630342780087,703000.0,4.978691232345163,0.0,26.19420257915719,56.7654889673998,7.6923076923076925,0.19078694318344405,4855013.182632105
48.99524717242263,10.475535120336872,-0.18999582791616376,-0.4650854839759989,0.27508965605983515,78.41481430286905,62.57149203785334,2460700.0,8.022200939022973,0.0,20.7370956505012,-19.13238387413814,-1.027645771752977,0.17985809177983397,10436761.928939883
49.156216928718145,1.0374434272191166,0.8727087394783481,-0.33151056694298786,1.204219306421336,41.97532220844257,46.52664972730445,152605100.0,2.8846457456396757,0.0,20.600167035264842,47.567625328661705,-8.555552164713541,-0.025935951632285004,93133202.89864054
49.75899502569443,1.554702153042136,0.37640900905333297,-0.18189728541395467,0.5583062944672876,73.087816860085,72.2384719424222,24292000.0,1.8285779974469616,0.0,32.73007241829104,26.439977468083004,-4.66448207085997,0.13141977244107547,32844131.7394704
19.46284998649513,7.080168180601106,-6.407155649042352,-6.565559996294687,0.15840434725233532,22.35428933765945,43.10562001028882,-967900.0,20.122409113372683,0.0,38.46947812591804,-126.00511800840498,-12.106399212105726,-0.028547793377533486,4348505.087082668
51.559355610111545,1.9602018500302165,0.06491500237059711,-0.064271775419776,0.1291867777903731,51.941794317205414,37.812913699261486,-11466700.0,1.3379532853277023,0.0,13.533860935266254,27.93769460534595,1.3215274535401176,0.045497067362335705,2516663.5283130575
34.45984613364124,3.450904499927333,-0.9741933241054426,-0.0047449591625523535,-0.9694483649428902,27.97813405730638,44.48333620457893,16428100.0,5.512185845003151,0.0,22.60922103730242,-71.5085676094156,1.7042840239909753,0.11220755521280126,12631095.62919054
44.39889274269397,1.3537669926903249,0.05790973531851762,-0.276808730402752,0.3347184657212696,55.521361120537335,47.601088083343285,5840200.0,2.194153479155741,0.0,20.765068405330247,-0.30500271162994447,-3.0928916416658705,-0.031064135442414736,-2944416.173331518
41.32636471406103,5.661541093867498,-0.30743078176323024,-0.42459720620182817,0.1171664244385979,33.57989634873054,38.818126766015695,4729100.0,6.72528489616705,0.0,9.235350819405683,-38.90857890901877,-1.7908499391510075,0.057726628425539724,16607714.517413508
40.46499627373102,1.9596289351376868,0.3435050769355996,-0.38713845209473663,0.7306435290303362,41.50581851762935,60.82139978388108,48210600.0,2.708294201196342,0.0,36.22329600334727,3.6933959686350186,-5.789093888008445,-0.1586620991257362,8597199.848842487
29.583868539647234,1.5459322692559283,-1.6674246115920823,-0.13752687841177025,-1.529897733180312,32.17760282742347,39.09313832090862,-8442100.0,5.164464341430396,0.0,22.056606049223447,-88.27369789093802,-5.985286646278771,-0.04966050849439928,-4007359.7667516638
43.376446604674,1.333427429092822,-0.195208758420236,-0.09795536701603733,-0.09725339140419867,49.300749202047136,68.09102764476795,-17947600.0,3.260750396081268,0.0,12.232925036437889,-12.501861495653865,-0.4094051867547755,-0.0328292848586888,28101367.78397375
62.31277597735149,2.5663929731729525,1.8047633698264747,-0.3325552211677576,2.1373185909942323,88.03424748349683,78.44171986232021,20222600.0,3.435181257592646,0.0,40.90149533828486,60.88052019439255,0.9439052372534417,0.08948785786106082,7899903.780610148
68.55635051341416,13.338242063364987,3.058226831517061,0.01607874978312651,3.0421480817339344,94.00128749321048,88.562160340187,1571000.0,8.604532942923488,0.0,16.369960712355343,85.27453169704758,1.2990989947486722,0.24993920456414848,2525922.813622823
55.9586903634597,1.6533675875354845,0.3846227737495127,-0.011326540463862722,0.3959493142133754,77.00621771784677,77.5302286493371,-4892900.0,2.934044002617179,0.0,12.902281895072683,43.57038328970879,-3.757883440909159,-0.03611231113677497,10921563.16443243
69.90687822402343,17.029980404877847,12.573335180196011,-0.4498558803556314,13.023191060551643,74.44932625177186,82.5238559594401,880753600.0,15.731725301990359,0.0,41.43163211997521,92.48296306246061,3.0919236730497164,0.11148645236779728,941669346.1277527
59.65118869606434,5.75630513198243,2.109595104815412,-0.4657834847194393,2.5753785895348513,85.41035232023968,69.5227632741612,52910300.0,5.602365155561122,0.0,23.166171425241583,46.975238260203184,-1.254398895411563,0.14971419289076324,36587531.02547222
11.77135843895057,-39.06992623453698,-39.51955002467639,-12.84545014413414,-26.67409988054225,6.978394762790151,4.159150741657805,554800.0,55.90483675579394,0.0,18.61372270032587,-181.89910472730512,-14.765426297507132,-0.00872513975074916,447374.49686378095
47.418510117118466,1.9312079113292384,0.21738862842484252,-0.17739078252678264,0.39477941095162516,62.30531372031725,57.8797394422565,11926600.0,1.773755227942191,0.0,17.718975706113774,16.71095969043136,-1.6088274155057987,-0.13166280123486954,-957459.0453659259
48.13501948665226,10.98845632535506,-3.807427319172291,0.6590114719767985,-4.4664387911490895,76.59449469201168,60.27755987887836,-25661200.0,12.619401587163562,0.0,24.51286706953256,-55.82370257092732,-0.5664297160726518,-0.058306049160312186,-2709727.2910702885
38.25966631021357,3.299527514927348,-0.9355765613697713,-0.4342387151806464,-0.5013378461891249,33.38510420516903,25.76253105188174,51621500.0,2.609293163944207,0.0,19.204022666705953,-75.80557475716672,-2.870244480038891,-0.048127911496383215,8679887.925374039
31.387637981816795,3.1150423721536242,-1.2307075688138127,-0.24041333485012184,-0.9902942339636909,36.635597716032834,43.77670102704659,10913900.0,4.154430185203293,0.0,15.454365835984532,-119.34224410140725,-3.3721724889340625,-0.08762889778728697,4091032.254767449
28.41692434386738,0.6448589733074712,-0.5916511031652618,-0.13852378098196827,-0.45312732218329355,21.865519411184312,24.73328283772212,-9556600.0,1.3630042998064695,0.0,18.367555751409597,-131.1945984994935,-4.253427697651212,0.019953269283345388,18352192.093448855
66.1346162859417,10.571768686319956,7.356683820134265,-0.9138683388419029,8.270552158976168,76.78678018799236,85.07977321972454,14823900.0,9.365004392795145,0.0,45.58797646046016,90.33195299596808,3.0095803204018434,0.18776164502527107,11817039.808335286
73.13960840964259,77.87059061634523,14.887277166447575,2.7061447469931856,12.18113241945439,86.20360810171479,89.19304041523992,4260000.0,34.881994692486835,0.0,12.451932019846717,117.15793128743236,4.995012559855424,-0.0596809913069064,499330.53439497465
61.94810150301332,6.126693093902361,1.8434269744581115,-0.06518024639950948,1.908607220857621,77.75044984213088,81.2798503914068,1496000.0,4.9061024657506085,0.0,10.638513929675103,92.71419247558741,4.501316687254614,0.17160733130329742,6543838.917347893
63.23984790497506,0.9374408651680142,0.9847424886318237,-0.19062227630479445,1.1753647649366181,80.62291775563757,79.55468066404472,11725400.0,1.6468247848551878,0.0,31.767629569271545,55.53121080807407,0.547224691192561,0.21106456907553722,12814103.561447285
45.27720180464531,1.102214583364919,-0.04548632165899136,-0.09726630948582164,0.051779987826830284,70.74453514490769,59.85939624275617,-16282700.0,0.9942632973260958,0.0,20.321350329419055,-20.217577109305008,-3.9534346015343726,0.11185482076830397,59281983.575080276
54.21628093380639,12.432047271628903,2.8842630796176536,-0.36781696770300165,3.2520800473206553,58.46213782498724,70.9647271329381,-369900.0,12.57326589858999,0.0,10.492597732820785,58.79673284564511,1.7224186255838523,0.08891935961392419,1009735.0548229414
55.23251703052628,1.0625829558976108,-0.2900459033442786,0.09650158464936431,-0.3865474879936429,76.88171160898135,51.051002545292725,-4295200.0,1.1463132283136206,0.0,33.17084529858966,-30.60020173864877,2.9724751043757167,0.015079044426712979,3060826.795539506
56.0957101002095,1.2434112989345465,0.215420623625306,-0.07736266136618641,0.2927832849914924,93.37345659862257,69.15155077355018,27197000.0,0.9529745518930796,0.0,36.81115655316249,32.595108417893286,-1.0626299470211595,0.20470514130408612,65622102.94807656
24.32111442768936,-0.4125500769323196,-0.019683203209169164,-0.7189695054616273,0.6992863022524581,19.36422430425857,29.547460545469093,29218700.0,3.072305578538276,0.0,33.93536654512352,-48.45684147231494,-6.758102381221614,0.10267088400933135,107352106.30916043
58.041592690772134,2.31427125413596,-0.3217559667051475,0.09441991810183459,-0.4161758848069821,98.57148566217744,59.827743222642475,-2932400.0,0.915525383709471,0.0,18.14323998053127,-51.716859597146254,0.3643466906735327,0.1192827850351086,1842845.7244067816
67.35138209781431,68.97827959678858,5.310049111887736,0.3097001966534547,5.000348915234281,78.31279151836958,78.45701026564505,3649700.0,11.159730795226865,1.0,34.166865715835925,108.76289615672675,2.5305079339174044,-0.12893390356246706,2276351.197428253
40.39772458329221,3.1014216520422053,-0.21643818973893758,-0.5012934499764131,0.28485526023747554,48.239326893113116,41.23573224687946,-19416400.0,4.408920289352583,0.0,15.39819398191062,-9.533997629814117,-2.5532109680984783,0.04932241405029378,9039098.972471233
60.242832387767294,6.008436227952473,0.6746432542986724,0.10769942350069517,0.5669438307979773,71.88700662356729,73.93705857510422,46182500.0,3.8072844092026292,1.0,39.32520530329622,59.74580175604199,-0.5317105713430507,-0.15163459977811905,10839240.804521583
58.33400803169008,2.6051105167603907,0.19598562461675328,0.03163048383215725,0.16435514078459604,92.58053322110734,69.27621773346554,-52222800.0,2.2567217381423053,0.0,14.064901655045963,46.84379410189891,0.06422613076667463,-0.024466525474733065,-18176665.112362996
60.073425322665926,14.625513388765398,8.575050058876286,-1.436435769335004,10.01148582821129,77.77453286168766,76.68779621196158,6088400.0,20.033246307024182,0.0,31.056154587165196,56.69459651321045,0.22850002643844386,0.03435085052817129,4408526.889802867
35.70782007777737,27.410690278851007,-16.535791027408095,3.18255729246469,-19.718348319872785,54.65540432079973,38.09892418895477,-185133400.0,18.47187477356326,0.0,52.742569960459484,-57.89208107557439,-3.1947001804838107,0.15661038633469546,48157522.45427823
52.91002013036355,5.917108058693714,1.0308210376842624,-0.3600998600903309,1.3909208977745933,72.8796827857073,64.7122984409979,-468400.0,5.701914823529981,0.0,19.168602239194446,47.39120055482537,1.7143167701182171,0.006989426032959651,2323420.4418740887
50.961323783997486,3.637448948739916,0.8869885661090962,-0.5421029506537347,1.4290915167628309,57.44348315605463,47.671529998652524,2542000.0,4.120958872399667,0.0,20.639315230728233,20.446117595726616,-3.0258183707029622,0.07135980803748174,4532481.864028115
41.859867687552935,1.045735554405475,-0.36471136706946083,0.05449655645623397,-0.4192079235256948,50.0,64.38267323879755,22391700.0,1.2872446694494772,0.0,31.680107254110403,-75.62125387401126,0.6432378986752036,-0.0538093415017827,954048.0637411325
58.32516556385972,0.9612436449675528,0.8159787495557111,-0.19401633290899234,1.0099950824647035,81.59638931274466,66.77506989389106,8316800.0,1.9231729025937438,0.0,17.984713276117297,54.80826270844359,1.7896629757507831,0.08998766817887054,6312109.001415829
16.554437226936763,6.0925050683181325,-2.265396180880657,-1.3167945525285836,-0.9486016283520736,19.53435174033221,22.001776758594968,5197600.0,5.795505796761355,0.0,29.582199669712416,-216.3793215517665,-2.527975816954968,0.027740703059786168,4161217.5610073023
60.44830812796866,6.251396262104379,3.1622058439619423,-0.35767041563842605,3.5198762596003683,55.54156024398493,72.93644951503693,-2174200.0,5.462599549682215,0.0,26.56695368719853,80.99081168107898,4.331668863955333,0.24595267147305205,5896621.270824507
46.574720054482675,1.163276511195214,-0.050812300662826715,-0.03637498439278718,-0.014437316270039541,47.959330637093665,35.1790752518615,73269300.0,0.7481129531567648,0.0,22.02806087947676,-48.317450285065924,2.314057596796483,-0.07914461527712853,26537537.755825024
61.447324451182745,11.987259043416827,-1.2875231376099237,1.9251605775397955,-3.212683715149719,81.20605460133062,81.48983971031727,-7314000.0,12.614408980367527,0.0,32.29778460946612,-1.5080132321091009,6.156803222127548,0.02240948117140142,9582722.521306379
67.85064774011435,0.5510751925403881,0.05713527917974659,0.024482646692591134,0.032652632487155456,97.1294756315498,79.2012909699781,116324000.0,0.30314591228411536,0.0,16.956910338743178,71.20220820059644,6.371067849291706,-0.045172954715774115,18462125.84724822
52.920371299447936,0.6191137349936291,-0.02755090905278834,0.013769056025700888,-0.04131996507848923,75.86214456404973,65.18061191816271,-42616400.0,0.5335948059762637,0.0,11.521836699605267,-7.77802271848004,1.832796423899213,-0.028325010975584857,-1403217.1077660804
62.59454359549384,12.283490637622094,1.992897389195548,-0.29416696628397787,2.287064355479526,94.08489634748273,64.26365649371265,34715500.0,6.273863976392224,0.0,26.995806651666957,67.36464376503483,1.6663868551303667,0.039754992904536206,20595941.359297324
59.30832366910199,10.585049687012116,4.530028230689197,-0.37953437770569654,4.909562608394894,61.80087904896124,80.26909254080856,78016100.0,6.803142277774104,0.0,27.88956722713635,98.2992353463849,3.2381039731827177,0.2536454141728801,58627428.9889194
40.37894021594813,2.5804691536926043,-0.15756300367377207,-1.0320718998916592,0.874508896217887,36.27290268522964,31.223912109225566,5144200.0,5.937063207828776,0.0,34.84089479735233,-116.35655176912097,-0.19925301643260532,-0.02012849497499285,8385838.014673869
60.841631923743954,2.498291773884347,0.42830162320829857,0.018314274721696555,0.409987348486602,84.50190734927718,81.29561397711387,17770800.0,1.3407232451216806,0.0,9.80962236481246,100.65621360513416,4.139682596976409,0.20079710876462153,12312318.695590721
56.80089843827929,18.87484673277436,6.892565779409097,-1.570846509639928,8.463412289049025,67.20788085361235,60.85867263090373,1038300.0,19.224197811243798,0.0,26.446927328831592,53.80035258011221,1.4890429859637577,-0.0011321517503608842,1765712.5880365137
51.91946065918382,4.541516530513604,1.5258667546977165,-0.539518796883744,2.0653855515814605,70.74070624871155,70.18448948150824,8360100.0,4.37354344197052,0.0,32.794022619510926,39.31024389851413,-1.0192398885154828,0.14378466936392556,5192353.440942578
57.32346747044165,0.10510254786312423,0.018000807137974917,-0.0037547070126761617,0.02175551415065108,73.68405202053918,63.26733568328783,-8571100.0,0.12280250617346397,0.0,18.70619534795093,35.59075325782061,0.9883167614214494,0.26837613149738676,84218839.1389937
51.41170430511007,3.1608641621613174,0.12482748113066577,-0.008230178115192055,0.13305765924585783,64.8148104541612,67.16330430610033,154120800.0,2.0121532033666805,0.0,11.375184560924156,1.0668787841430298,0.2788357306214722,0.13746791268135672,117129316.79842086
61.65396189378128,3.3375746542012763,1.9874504457811355,-0.4492383313451005,2.436688777126236,78.83205310503317,74.32927631674907,55267200.0,2.626283257866538,0.0,42.64227428699967,51.580125530234405,-0.8145969350559795,0.27620636787446423,58755099.92512407
85.43726501723964,1.436161411017439,0.2745243737923104,0.07855661916702697,0.19596775462528346,88.97061350024508,89.79932616551936,442425700.0,0.4407192378847954,0.0,22.028123902499505,194.83048227390705,9.011942673922599,0.23002323699846003,88309306.03187256
73.3355993492478,13.378866404907853,2.092459129717298,0.28023232694256905,1.812226802774729,91.11428236575597,90.19087125418355,12483300.0,3.8267606314006426,0.0,17.025131153083652,90.91488751673018,6.872833731395656,0.18554018238126077,14603461.669970803
54.24165935480208,5.522712593521192,1.3546884944872204,-0.012435990501225458,1.3671244849884459,72.84665636049618,72.79283083944172,96900.0,11.760792852723856,0.0,9.208010651405257,57.46203746291669,2.8721937488888805,0.04685404615028999,1286429.656189432
47.956147463040466,2.8416033201287263,-0.0413308838120372,-0.04276084269878816,0.001429958886750956,39.541492782675796,46.99695262793469,-9524700.0,1.9279932331975775,0.0,14.515563099525108,-35.6533777381147,3.6971819818830234,0.09706431305180904,5439515.576129811
57.08034821202458,2.6537319713414576,0.16216637323869065,-0.07522203170139374,0.2373884049400844,82.07548301500208,63.79222974512573,93799500.0,1.7129335639140644,0.0,24.607423051440513,14.313550175249567,-2.3203941680539204,0.09269810454463834,101023678.38614935
69.07698344068328,8.60152422778134,1.2480177319772565,0.34604779886992354,0.901969933107333,95.82092135588897,87.59823886436378,19339300.0,3.213088001996027,0.0,13.515199380509996,123.16919998325098,6.743384825186835,0.21855118123153452,11006161.487856299
47.93367820025026,6.390260784899482,-0.6588715261948437,0.048784273448019055,-0.7076557996428627,66.53472586276445,57.20053060934011,-1506200.0,6.3514238874772175,0.0,17.47037457184535,-14.353250330167667,1.8239896598432144,-0.025809286716013156,4444941.54812586
86.26571556896154,2.9416885157555654,1.6428782714061825,-0.01400167013669762,1.65687994154288,81.60920649007389,88.10465477226394,129904300.0,1.661173242996292,0.0,48.9126261208412,111.86746877150239,6.808939882465458,-0.04888827769691701,-154845.60686304746
57.91750824878392,1.047122721738333,-0.06474678259019839,0.0410471200133431,-0.10579390260354149,84.84856804323324,74.70097346986775,3219800.0,0.6132370370620815,0.0,24.034610037368676,-0.08475848265142102,0.07686570873100916,0.022611631028133246,2257947.8057230683
46.69517451927847,5.114784927334853,-0.10489957361585311,-0.4806293512222029,0.3757297776063498,81.75736925099321,72.62347764249331,9953600.0,7.002454073211724,0.0,27.156931751963125,-5.441020895508017,-4.142874264444904,-0.005631424589680213,5841488.336519748
69.04101806733863,3.2996268077624293,0.5221340553414464,0.17174108340956618,0.35039297193188024,83.56167533247982,88.99814679899208,67064500.0,1.4129236769277567,0.0,14.433175044451614,130.2196667631921,3.556700459946302,0.22585868562645725,55244206.12143779
68.31412204934728,9.198892010468683,1.0263139310700353,0.4134060585105166,0.6129078725595187,97.11185170903683,79.27470778051135,-3656900.0,6.293310075974596,0.0,26.50662075629928,102.22369532422759,3.9259003374769184,-0.020221218274718622,-941321.751388777
26.219311843940545,20.63143533003057,-5.461033154109003,-2.506995666391406,-2.9540374877175974,12.934771972248898,8.9527568919345,16729900.0,7.623892151835078,0.0,37.00363187879242,-92.78747663775238,-10.84560145465202,-0.07699459141704816,2731214.3469779287
39.62523763933396,2.661900798971118,0.33682925192370305,-0.5038877463755621,0.8407169982992652,40.73178810411689,44.051196792560376,12043700.0,2.735830665168154,0.0,34.044655710058926,13.98655477318754,-6.695414525360226,0.1455003757660278,15103337.212905837
43.0582924847725,2.1789222742675634,-0.3077708698105681,-0.10332645486513692,-0.2044444149454312,51.57908262627642,31.569300281460816,25621400.0,1.5395338162512262,0.0,14.290568863451828,-63.374452911216295,0.9738345046893051,0.22029300120803852,28573636.270908568
54.88365948503293,2.498233577389044,0.6260783988578424,-0.19593698397728343,0.8220153828351259,69.78456083267564,62.15346490873285,3644400.0,2.3159006088518037,0.0,29.634605170758515,33.09228462923963,0.48729649738445185,-0.13340744679652827,2421792.5557150375
37.79732234095445,1.8761501799909013,-0.8420565239091218,-0.15742363241674906,-0.6846328914923727,48.46397008660511,25.324284994951693,-5773200.0,2.621695414223012,0.0,13.629949922247084,-118.20732655145129,-0.2848173737858581,0.013038866306055824,9838501.403418096
55.930920523485376,6.687589508312783,3.8599000114020328,-1.0662470915699842,4.926147102972017,75.62156883445945,74.96175962000501,3212200.0,9.290816701162825,0.0,28.27028782281141,42.17861923273474,-2.262167695459298,0.19863111273804193,3438166.6194911804
45.795558145038484,1.639410947307411,-1.0494129551555886,0.09637709475859535,-1.145790049914184,70.72066808715375,59.75433831214619,13417800.0,2.659694922508106,0.0,33.701003470603624,-76.11335477486861,-2.0874912985848684,-0.03974028580146083,2774611.845983673
72.20148982523405,9.16148037528123,2.0977689565519597,0.18659503200632255,1.9111739245456372,92.02460879431138,87.59436212234948,24453900.0,4.006420805373848,0.0,9.707898081966897,132.82301606895015,7.887943044884893,0.10232756805575459,13978232.185660115
