RSI,BB_Dist,MACD_6_13_4,MACDh_6_13_4,MACDs_6_13_4,STOCHk_5_3_1,STOCHd_5_3_1,OBV,ATR,Golden_Cross,ADX,CCI,ROC,CMF,ADL
46.20250755082124,0.4281293591429005,0.8884361745634237,-0.40536780856757204,1.2938039831309958,45.67577933298417,53.54915378768582,17607900.0,3.4001908239735448,0.0,14.26371968654037,32.2557674168103,0.22628128815597348,0.20091321520744224,-2489680.0319219893
28.56852847892623,0.19926244736051757,-1.0215466728647868,-0.3571701400108066,-0.6643765328539802,13.833938458198135,15.896222501633929,-10748700.0,1.695313924364616,0.0,20.062806885590046,-183.90584323978703,-7.360992142228975,0.0029348020384845014,-846238.8388056363
59.17533411846861,3.138422819420242,0.22209247263575094,0.03234648824471936,0.18974598439103157,85.13510169743158,61.26789504956643,43157000.0,2.5698298032700366,0.0,10.403100694807783,20.728826824112392,0.17247522835546306,0.0490197958650465,6955846.1604927275
58.784453226523425,5.636183211508808,0.052603920613336186,0.34709539888026136,-0.2944914782669252,87.2763509947034,72.81285192867341,39646600.0,4.967875008532673,0.0,24.320654788404628,-13.36890879835069,2.438357614025186,0.1578215066684458,51104454.365633406
53.31313679575607,3.2607681867252722,1.1888838957289067,-0.2763013369726106,1.4651852327015173,80.48575662769636,73.9192543232606,5899800.0,6.252463150491316,0.0,21.819726006602146,28.50581481492222,-1.9770379319314755,0.17518004359612066,12385023.768219296
66.06624226900283,-4.486887953631481,4.989987249936121,-0.9320647025269437,5.922051952463065,74.13640314009318,54.685245049963136,25716200.0,8.005511873691242,0.0,45.957537336278456,66.8070473687868,2.5698667705511595,0.010883351627434932,-2975411.977337273
41.99952896346272,5.743034021999421,1.1892876947001554,-0.5688762814252759,1.7581639761254313,38.88188208469497,56.184821178984016,172019500.0,4.326609223352085,0.0,29.068709649854423,12.549023961992033,-3.7046652630455914,-0.16548731484532153,-148261654.21691787
40.973143775720935,1.4046883673542876,-0.316332495562488,-0.010036222399792294,-0.3062962731626957,82.35296592579296,62.15186421509466,-42266000.0,0.503938491446568,0.0,28.09522627146283,-60.218636420736374,-18.629028524245864,0.08463682399768925,-17477072.181119975
51.52351962594701,2.8600327249107664,-0.5655848984675345,0.08243021919122562,-0.6480151176587601,79.91451180108832,46.99741306976248,2172600.0,1.9370753601042279,0.0,33.070902615472995,-73.25354355536598,-1.5771221842530154,-0.0019176011778085254,-310438.2230103852
53.88481366475653,3.3013189319482734,0.4827857447307622,0.06611383167649892,0.41667191305426327,48.891122674841604,60.08814639844882,2731200.0,3.4602618027702245,0.0,10.264675265974072,33.05627330931871,-0.4270492441435404,0.04784194231392245,-786957.4947556085
69.8260821368207,11.917688590395585,1.008518484391118,0.5166510029414941,0.4918674814496238,95.71762200360595,73.46709036333664,7239800.0,6.445149662862221,0.0,16.0133125803655,84.92411125941277,1.6361744824261484,0.08816996932502148,3421547.8584826184
45.95783710706306,6.663660747847501,-0.3160223333388217,-0.21995976704202586,-0.09606256629679583,74.07415779866288,66.5605501106177,28115800.0,3.938766623128162,0.0,18.614166077897572,-29.414651125355483,-5.694856106789888,0.20998425154117,40566910.14620193
38.021424016892766,0.9083174226284711,-0.6770767471897443,-0.018958913397400412,-0.6581178337923439,35.86626069332393,29.305765004459605,-19538800.0,2.1877457404659606,0.0,16.398103250862068,-93.74120925087121,-0.7580732124696073,0.04274663195783871,1840094.4273046423
26.822264508189313,-0.4193086635986063,-0.6198616010210358,-0.22001903856146687,-0.39984256245956895,21.788936844840574,48.636091284092224,-18173400.0,2.740611125432201,0.0,9.496740951622161,-137.9631003711582,-7.559684012535379,0.04534691750873949,-6684924.132681633
47.21738807918685,2.87591890378701,-0.6518617959450523,0.2005187504753616,-0.8523805464204139,61.57212368963317,66.0300291360388,3838200.0,2.328562153092,0.0,20.135970019158457,-57.530040009095714,-1.914470603587905,-0.05173280743429356,-6596233.395389339
54.51710733199176,10.310028863323225,0.14066077007603894,0.46152441944775346,-0.3208636493717145,84.5098389250634,89.64384997946748,2438900.0,6.414091752574266,0.0,25.363451838094228,-4.709825633564218,-3.0955434562497213,0.0008612820529895287,1651668.8271132493
48.399721423614906,-1.1863574048461203,0.5653238599243195,-0.17093018101109536,0.7362540409354149,54.741241815664594,62.28447779747243,-1009300.0,2.6109500287259295,0.0,39.35239422622796,6.337144983452081,-0.14695032431999572,-0.02773972564629581,-2037553.586645361
57.50634639191686,1.1959624672509221,0.155231067124447,-0.008070409116225807,0.16330147624067282,85.87570986756323,64.20476033524345,16270900.0,1.23434873190669,0.0,13.496712666369481,70.01688859369642,0.8426518643305463,0.23613199623966086,10978294.555637863
68.6147182754647,10.959454519410485,1.4288984614097728,0.20655417718540203,1.2223442842243708,94.2028517090862,79.75008790578926,6259900.0,4.136422689784066,0.0,10.124357020790297,115.00612895347552,2.2409464359053937,0.2255949876339038,9070952.301319677
65.50009859600864,5.483077928455316,2.7867381337309496,-0.12164740188349743,2.908385535614447,54.917012084256555,55.413465849506686,165990800.0,5.253689041730923,0.0,22.919340331174404,78.53473401166679,4.745058831861385,-0.10079744684243849,-96850160.1093597
65.28963512205692,5.426123959189823,2.669276249089876,-0.1117270441582856,2.7810032932481614,54.3684627468883,53.402025004921164,104451500.0,5.224962995417594,0.0,23.05000776610377,77.87320235695775,4.504239710972325,-0.12822934771511368,-84386820.80639303
76.55108113480897,1.8826515436729352,0.37022983830511436,0.07451556223860178,0.29571427606651257,99.42206218619697,76.57921842893222,45152300.0,0.9555171246704677,0.0,11.41251805200022,78.9980720360822,4.392006849372221,0.1904882949370346,42350127.664774016
56.040516999994544,6.049289954233302,1.7877710019376991,-0.28417668105981253,2.0719476829975116,65.32841227720898,68.99434029024202,2815000.0,5.819102441121153,1.0,24.480220394023252,35.594221903317916,-0.07798589634807204,0.030020107844274245,76681178.5278439
47.564546224093554,0.17702309051995435,-0.047653867055515775,0.0017542671484993486,-0.049408134204015124,70.27009611493584,57.47734220908931,-399611000.0,0.19872033978518366,0.0,17.741092800808836,-74.04929279865536,-2.148235810151417,-0.06947120868213424,-48390806.713683754
54.44248868330481,2.6504952681901415,-0.2738966321807226,0.07058412586062823,-0.3444807580413508,90.93831556024128,62.00674392261663,10097300.0,1.8035072011669036,0.0,39.92790275738535,-18.614304968519964,0.06196814581993573,0.14272592850293828,2855336.889599612
59.845141387696685,1.6686359938096587,-0.12508776137971722,0.14209162454894408,-0.2671793859286613,90.37803570351765,59.980150205261566,-4589600.0,1.9140661469515148,0.0,22.226998079729952,-0.8622262231372928,1.8502088791705442,0.07047676040991827,4614672.106763061
56.62947224727117,12.231032412006527,2.022185126108127,-0.19873321846869363,2.2209183445768206,83.10231953830814,86.82400424677444,18749500.0,6.653719367634026,0.0,27.068323943541692,32.191987930763666,-1.836087539352956,0.1716522799729285,11960052.073283006
69.6529412794723,4.430783760561837,0.3220707537097667,0.1561641667437519,0.1659065869660148,92.61217119632501,80.71078500655015,18249400.0,1.5759429923457264,0.0,11.723569073892556,130.3069673295008,1.6940958498680416,0.09230606394979256,-8107460.654956318
59.27060791032118,3.640352711839739,-0.05772497016053535,0.3175443044762268,-0.37526927463676213,85.0311520550205,66.90043053230251,726500.0,4.714207779950024,0.0,16.19220599066763,-6.895344667846992,1.4030618497101492,0.0742039231045401,-3611949.9294998753
55.867439521051416,1.6024082958209647,-0.06309721506693222,0.05528030520354474,-0.11837752027047696,73.31837107540089,41.66680912135111,-5628500.0,3.0701021632491368,0.0,18.676850829263564,-2.4326347869710157,1.8522520438538286,0.11182452927902042,1102942.1373144104
46.1533340036804,9.070234402031076,2.2017512216851287,-1.305702235987337,3.5074534576724656,51.807836097432435,54.34746116071571,1364700.0,10.611811576661104,0.0,21.230803149378374,14.033636192713853,-1.9844091619345965,0.0619907544158846,303956.5116505609
48.144057932803044,-0.13846174080561013,1.0690331773520256,-0.3622094384808421,1.4312426158328677,53.588620379158456,61.722518313012586,9880400.0,3.3440094181414857,0.0,26.44923312776054,36.238257762409454,-0.8157156461556295,0.04010468491769586,4708675.148725023
80.90442855639841,22.431503198493715,3.4091946093106458,1.3730033841338813,2.0361912251767644,96.79875448537234,90.29231402322198,-9164200.0,7.037276309963625,0.0,34.42448812072928,183.48439018821392,7.006793393580555,0.2239189209351907,24792225.993073538
86.72009965120968,6.243360166679295,1.9014809485382926,0.04404951967943638,1.8574314288588563,99.23542745018437,94.40114442624595,100706600.0,2.0153400408898916,0.0,50.907519073614246,120.45352155620515,4.60625686663247,0.37165219030826274,73021242.84394218
40.02985785957088,8.221719994149908,0.48377136628303674,-0.8581019263046448,1.3418732925876815,63.8399658203125,53.93445977935492,406000.0,6.5176774015441925,0.0,32.99559825620631,-6.355646836053164,-5.785487703479638,0.05219049326424342,5392584.921260137
33.68461211961295,6.465865936019384,-1.4890156616625632,-1.837342041004655,0.3483263793420919,33.56389082995144,27.93794573243736,2085200.0,8.546027855876247,0.0,24.497271342434427,-60.479907116681844,-3.697013884379134,0.11232630088541254,2256835.0146191204
74.36608645878627,23.3371171190538,2.930681750113763,1.078765810237206,1.851915939876557,95.68514072961479,87.14045792060635,1974500.0,7.590707735909803,1.0,28.659727120330192,202.82212420044445,3.761953867130111,0.213407985859652,9424982.363142317
44.56548411589417,0.7522320547651837,0.06172755285299658,-0.026223076501932535,0.08795062935492912,56.71642853279358,70.29437426473099,-24976700.0,0.6983513703168338,1.0,11.257974277493815,10.471199761825748,-4.2229729185494485,0.09928524113342826,-11062559.96009854
30.10074756723182,6.010992996975389,-1.5721606088643796,-0.3002394106078925,-1.271921198256487,47.503068949847645,50.69662066557806,12693000.0,4.604116727750379,0.0,15.871960475724077,-76.1543100502141,-8.91413964704854,-0.02391594291325245,4199845.624481225
44.70693510192097,8.101066149072153,-1.4747927865857378,-0.024929607381116492,-1.4498631792046213,71.40102344548184,61.786042421738465,-170633000.0,5.848530891758332,0.0,14.645453294089096,-47.72967902294479,-5.013001181230181,0.0722217475777779,179618969.6998155
30.3401958424838,1.6263583516323763,-0.7001275255598216,-0.730102289454515,0.0299747638946935,27.174821338046243,41.40450523409254,-5612800.0,5.47488811342279,0.0,19.32388166693329,-65.15024336718278,-10.045365375291277,0.0738496954875888,20694425.44749453
46.365912935548806,-0.7168894233529954,0.9597460955888977,-0.2962015680467238,1.2559476636356215,58.13448916162729,73.89732369922426,7197900.0,1.9061625404890146,1.0,51.87160774148341,36.64236295829454,-1.8942745145839632,0.174323184736199,15467858.895543426
62.999056772552244,4.7747015703160685,0.375323811769249,0.1440814439775574,0.2312423677916916,87.5847329190835,72.51038117723326,-1204600.0,2.2771940496077607,1.0,19.054590546282956,43.81485203634596,1.6035920304882152,0.16946100989692578,5743333.997031456
43.947940218244966,0.7185703228064213,-0.012575936127241505,-0.05373254246087581,0.041156606333634306,68.45632944610146,62.96379318452486,-4034300.0,1.110296177652182,0.0,17.14668849032417,-27.182771040583876,-0.1927414041522064,0.1469180721517685,15896794.159687985
23.687772178266012,4.278104602473704,-0.8880316327842053,-0.9107996407512968,0.022768007967091608,28.71888817305587,28.531697529640383,163755800.0,3.5753183290839132,0.0,22.184687826595834,-131.60723469474152,-9.815759690986887,0.21914240570410026,54479783.43067076
72.61570355423237,14.408228584875246,2.597707329799732,0.4774773190140644,2.1202300107856678,94.20103755743915,77.94707880893903,4209900.0,7.0075613447377965,1.0,14.804872970213466,144.56681560773754,2.707817102744408,0.26102817963914676,8070358.144622104
65.12660460355326,12.609327263415537,1.0646161081586172,0.42341964337386173,0.6411964647847554,90.98008446518926,81.5818484496121,5218000.0,5.238750810780726,1.0,15.984925719861932,94.8410889890262,1.754561898417371,0.3173531985425512,5138786.343011456
64.79259591744882,0.8252585046879197,0.05853382347314451,0.025062750684946712,0.033471072788197796,100.0,65.24586826813841,202814700.0,0.5486342249162677,0.0,13.893151761707763,39.87962765383978,1.7197194096836224,0.06062050781941657,113375285.1099385
43.14761911987052,1.9417114127197692,-0.6322608277243091,-0.08838427066013399,-0.5438765570641751,49.903046151212585,34.097695311590485,8519300.0,2.920691479439612,0.0,10.939583688304353,-58.27623027697473,-0.27545206602822125,0.08396991710744002,5547838.853762295
50.133366834919855,2.791951375370502,2.4345080358259565,-0.6241570166094408,3.0586650524353973,34.58930021088653,44.61196802129256,700100.0,6.224984220654008,0.0,43.48583189646774,43.12802794005166,0.11494906325438224,0.06448958077775087,3438637.1028652308
76.99298668884724,6.548325826675864,3.8708537375702576,-0.37765829327387124,4.248512030844129,76.20897169892066,67.18257329583074,6881200.0,4.95514461734922,0.0,30.18966306946086,90.78584519089026,3.064743545583077,0.38187263455059317,14138485.385339556
44.33188625693767,98.68156050028847,-7.8300229799856425,-11.502666744051545,3.672643764065902,37.91230081127263,31.611798774052748,460400.0,85.74776646761316,0.0,17.750616142797785,-24.64182708880146,-0.6739644403078441,-0.02847831769761643,-255414.0219017972
64.78572469065652,10.496476644895978,-0.04079201021505696,0.5923288935996377,-0.6331209038146947,95.03352711681369,80.456619651465,-2148400.0,4.134987374652641,0.0,11.88889322215745,17.51638375575101,0.5788512651070954,0.17778464528900398,3400044.117619522
41.54879029572813,0.3202381278525195,0.14704240343579045,-0.4612413729652418,0.6082837764010323,34.2326486186054,34.33903822358254,-3049900.0,3.712338871705097,0.0,17.997140354657976,-4.589396813118075,-2.27635096541397,0.24807962928352947,4586556.62907725
64.88395757226833,37.36497475046724,15.934411131175125,-2.415690340801156,18.35010147197628,88.57489930311361,72.79739345359964,10399300.0,21.814042295022162,0.0,31.6337191875078,67.06858734405621,3.0162372165039852,0.21162123438682123,3817983.8639808046
49.233958314867465,1.0879611821222497,-0.004091554605452075,0.0018659873502325057,-0.00595754195568458,62.96288447138276,64.5773287522484,-34030300.0,1.0328609927414953,0.0,10.8243347133387,-18.14708902486481,-1.8022801840073288,0.03133040872175469,8862341.79500171
56.853358293551615,0.10472747954680273,0.2544632570559031,-0.027738306360493126,0.28220156341639624,84.34796021435288,72.81410157987128,13978000.0,1.2413717686502557,0.0,25.638201142543327,62.73708263252124,0.3934849229394684,0.06216418562389778,10283443.357824162
58.67895840694782,1.1761879296169866,0.41027984201269874,-0.0701882711454872,0.48046811315818594,84.36028810899545,84.61347722045049,710035500.0,0.9690336792081173,0.0,32.19246102823739,47.67708623904374,-0.56331679581597,0.11057478475013516,163510865.49781153
48.56539483283438,-0.0922005147198206,-0.04182217096387575,-0.004488010645418858,-0.03733416031845689,71.95694189761144,64.8379961123503,-3969200.0,0.8838067100600413,0.0,19.7208703570594,-47.427886440465684,-1.1925517542745256,-0.04973387421018723,-7984741.182500051
43.33530384590938,-1.0035294587337944,-1.041950524036622,0.21503943037760087,-1.256989954414223,43.77739550054735,51.1075724464204,-34973300.0,4.592396769387132,0.0,31.702579016994765,23.143051750462792,0.1857503091040681,0.10909442030904613,-9923041.699776698
40.78806317361491,3.0798418165778116,-2.479738972146606,0.2026923895417081,-2.682431361688314,39.435041594575786,43.72973340735467,-23617500.0,8.363387547236982,0.0,29.123365798405484,-98.05077573790555,-0.6642609753775056,0.015202692185700282,2194610.9676167304
24.577576427365003,2.4659190883203763,-0.794934708576335,-0.6032721929646732,-0.19166251561166175,22.8803842166358,40.03530887642257,19057600.0,2.6044139267241744,0.0,31.46619782454751,-120.55232039321535,-9.006037738062469,-0.14648572024638362,-9038396.302829986
51.57229755651509,2.331884748695309,-0.2943157558438827,0.11937178660808218,-0.4136875424519649,77.65966944697705,74.9639305876151,26944400.0,2.127037087050492,0.0,13.864061532209478,-40.89768930235913,0.495245874059939,0.05785524345702811,5487427.9313621195
58.18835212621069,7.257532020514546,1.9627353085091244,0.07543554100941119,1.8872997674997132,64.8828458573329,73.708401521734,-1437700.0,3.702392013580357,0.0,19.42191557366877,115.61165092913112,4.923198454433887,0.1346774698331957,2695720.116373727
58.66904525940945,19.66003103791718,6.923361428180783,-1.4644168414295358,8.387778269610319,86.52051547918826,69.27917219808174,5316400.0,19.3533010446565,0.0,17.67117447660116,49.31303168129455,-0.32449061988356087,0.10529314775421804,1981232.1187452418
42.93994687383544,5.750359961995343,-0.6129787786175882,-0.1471331800912743,-0.4658455985263139,82.36162176463611,73.4785374144639,-38414800.0,4.2659460379632925,0.0,14.513174170751139,-47.488807888327784,-5.444637474047061,0.04374454028188247,5822469.16813363
45.322796266103204,0.8014888348066762,0.7215054167503467,-0.30652371200639084,1.0280291287567376,30.544081312128505,39.609655815260076,66813100.0,1.6641803052074704,0.0,29.595912881812886,31.999661828971764,-0.8725794659611561,0.09176571536739045,4589863.26411582
69.38703143473319,11.885591779735364,2.9808593827559378,-0.19433040477027452,3.1751897875262123,63.34078416424007,55.29772042145928,160995000.0,5.206612875153946,0.0,49.454225903127835,69.70292869860548,0.5236626271766099,0.16288295847729564,32964819.29204361
83.8664011393226,310.3113686550041,91.23368662838129,3.8108055715171645,87.42288105686413,94.77761992814084,93.11762622394959,2426700.0,109.97603611358952,0.0,44.13269337564022,160.84700175393937,5.368535452766747,0.16799763711945118,1612093.7559446322
55.650926753948454,0.5887420999379742,0.3475508659723374,-0.10882946464809995,0.45638033062043737,55.52060419063389,38.47907657224817,77100400.0,1.9565858169200283,0.0,33.49414853887366,33.83568796101023,0.3814624485510626,0.23178764656691694,33854206.96815807
71.28118872348594,2.525119864464564,0.10905575633896092,0.1787428558637752,-0.06968709952481426,96.88890245225694,81.9217966737637,26695000.0,1.2947464499120536,0.0,34.75688826939089,52.45708676589023,5.391830019559795,0.10994914437250489,85619853.54829505
85.0788873531924,25.09782457273016,6.782364425008893,-0.048688468862425616,6.831052893871319,79.8894064649961,82.91417220449979,371202600.0,7.841112944693917,0.0,47.43201708398025,91.87372941135685,4.0534765987408745,0.33526559345413187,223930724.64478746
71.04086971288841,5.888209144919983,0.9777286572900437,0.16523961869513482,0.8124890385949088,98.58792696160431,84.31362534877546,2754400.0,4.25066808042601,0.0,9.27227794014793,100.09329772442614,1.044438428070482,0.24638897857645556,2855040.7515218854
66.58949710186155,3.312156020382261,0.2582573570118143,0.17530562178402617,0.08295173522778812,90.48986412207027,65.71647020013039,-1557300.0,2.2784184528299076,1.0,34.77167903691055,125.31154239634391,2.116501464324851,0.1697670412099053,8767348.49042721
28.039547330356488,0.27755950031637866,-0.33423481998053006,-0.11185908077777779,-0.22237573920275228,1.492571304939463,22.775917424490274,4919100.0,0.8214817411530915,0.0,18.116886704098196,-149.63435184133527,-6.295676119138629,-0.18227970104732913,-8147051.055819139
36.701011012581375,2.8622157428655584,-2.0536490886377408,-0.1668644465992548,-1.886784642038486,21.414952728418527,26.370039936345023,-9657400.0,4.295332657930205,0.0,16.25815240855849,-79.45197615776866,-8.714817615364034,-0.07852858915374282,-5481978.4278233545
37.75494427680941,1.2693145867713866,-0.056448775302541776,-0.09801878491441772,0.041570009611875944,40.05173001819619,61.801856269789546,-3947000.0,2.0650612154090218,0.0,12.437617711496857,-17.957831223135944,-1.4912378811196902,0.013771190200463137,2062714.8307952457
54.48727522494099,3.6399350479395878,0.6112858054425487,0.08843479339570282,0.5228510120468459,69.12357651664713,88.84031045871752,1751800.0,1.7856368379880048,1.0,11.571375780947925,84.25694813257418,0.5225417386976927,0.03182275291473836,8002372.039145071
44.606581237321365,2.2778491586654184,0.2967295318282339,-0.3149420617013404,0.6116715935295743,35.80257766754054,27.83739649676969,1443400.0,2.1609291783896674,0.0,19.416698027797523,19.232059748010442,-2.8151886372626582,0.14317881383726236,4345730.828687134
23.10696403313639,13.225413187911897,-5.947835702006387,-3.4713860139752595,-2.4764496880311273,22.36001586547745,16.75068091164255,5757000.0,10.495699019694342,0.0,42.699010871928685,-208.56246208884664,-9.944468670823818,-0.04707744549047758,2972619.3087984705
23.492493352207863,0.07246424766609749,-0.4460897862707043,-0.15651673266696176,-0.2895730536037425,10.512104713872223,17.15139971432591,-14915100.0,1.073192434368718,0.0,29.10501168693959,-90.88434660037898,-11.316398434879146,0.0437855747104181,12510882.96783728
61.56898665874835,5.42872996462458,-0.0466455204987426,0.21334049566457314,-0.25998601616331574,94.26637521437569,80.50926886587092,-2182900.0,2.3951306507638876,0.0,12.02467122985573,-15.600706909578276,-0.4237647334965602,0.14189608001701354,1148393.6221672094
42.307852028957996,1.2449455213092904,-0.38875957102723646,0.031785083328825514,-0.420544654356062,66.06070694530179,56.7749854944254,-29736800.0,0.8176975359128389,0.0,38.16100338528683,-82.71050732680519,-2.631573778713072,-0.05887025904213232,-9115646.854033472
43.21434618469168,8.195361568434663,0.009264619839228772,-0.2880072861244157,0.29727190596364444,56.79129527142203,66.47737911526401,22346100.0,5.76464191739784,0.0,25.943049395406184,-43.14564216532153,-3.9221297124035064,-0.02330059000752392,-2555330.988432299
63.64376184820613,3.0145068064049667,1.381934713644256,-0.1873646364206336,1.5692993500648895,81.41602778987452,74.108105346519,32402300.0,2.9518582281018535,1.0,22.462913481770908,84.47134347585983,1.6387005878073286,0.22955756560781798,21578850.82567081
54.34502718366425,3.7759609281335287,-0.8610383194496336,0.13893961836490654,-0.9999779378145401,85.71418091500254,59.931785457690275,-12232600.0,2.1764522394359687,0.0,18.409232339679882,-73.77327150249604,-5.066277413992624,0.06274146658592972,594253.8031329773
61.602492214937946,1.6057453934438257,0.4898896956660259,-0.056367862919756595,0.5462575585857825,78.0487351017408,73.49590772771116,267337400.0,0.800507204376656,1.0,42.71684922226557,66.95956076407215,0.9565187537151835,0.36652496430354214,200583693.27059954
40.27376456321219,1.3265252067937467,0.014254890698936151,-0.2806196814666405,0.29487457216557666,41.7732382042135,37.755896170329954,22327700.0,1.8172180620218072,0.0,38.53131030788406,-53.819297805810756,-3.102893718738874,0.08414016086476526,23872301.766681187
51.98435401667398,3.3105334439784997,3.865302249559875,-0.8153757275142297,4.6806779770741045,68.94739378191183,79.12283112601496,9352200.0,7.9067982710968305,1.0,40.887424529663804,52.32679828972642,-0.508847314747979,-0.018583892510390256,-4603324.755363569
58.514323552321486,9.819063847789693,1.3681500152774504,-0.12108627023201768,1.489236285509468,59.32783569316944,38.69758726241386,6223100.0,5.391236435608104,0.0,13.795991241337354,47.55275603219467,4.5541643494275235,0.23118986606773895,2367300.9889104795
53.13384962440273,7.051968386175787,-0.5479520951327999,0.15832832832172272,-0.7062804234545226,96.42852065622246,82.41228182800553,9219800.0,3.3532643010480903,0.0,14.471391466156017,-42.59570530150177,-4.0300970731635894,0.15224837670288033,7411872.094559245
35.75830955495603,-3.884271763041397,0.8050197564318466,-0.871662939763733,1.6766826961955796,31.68106495838362,49.53308318562341,9851100.0,4.676441578124894,0.0,43.11428574210839,-7.934133286291315,-3.9554118597270143,0.0287311013383078,5319441.861314843
54.846246415336054,3.2810061019011982,1.0001236904286088,-0.17099010938243486,1.1711137998110437,56.74202245859382,41.849664803019294,3365700.0,5.894583448457492,0.0,12.81459561846118,46.627502598534804,2.039092051305711,-0.10155465265246873,3840907.293238232
32.92009073793499,0.9662703179617864,-1.2231893175988446,-0.12565588107321624,-1.0975334365256284,25.447987508579647,15.507127954969283,-23350600.0,1.9430997510109238,0.0,26.229347662455606,-120.10091589555269,-6.02731046255331,-0.04730997993523804,8959545.857359812
46.22748266004924,0.504543002724148,-0.05539492799938017,-0.011826848245081872,-0.0435680797542983,45.384653757332295,39.7230609540146,9290500.0,0.6643453556846481,0.0,16.40190354767567,-42.53205957684797,0.02686579735012251,0.06469723530656564,24859934.608434476
67.53652474680385,6.359725831478414,1.849516029850946,-0.19355790249659144,2.0430739323475375,67.98873529233775,71.39728121537398,39724800.0,2.3355208799227656,0.0,48.578156797600315,88.59909636492979,5.1954024737711375,0.3889826720409428,23676892.866290834
42.26952012600482,2.4228379155845516,0.6348222037928508,-0.5649418213517121,1.199764025144563,26.176499627505365,40.19595882853635,-2593500.0,5.648729520660342,0.0,20.76642283064648,-5.92591117611921,-2.347177277818396,-0.06951798776479723,10967029.3000142
61.60334745394253,1.2339867060437513,0.787290332372848,-0.177389123056781,0.964679455429629,79.1095550388002,69.1781847951994,148887800.0,1.6417738693168877,0.0,39.56435030658185,53.69402284714198,0.2610324888728256,0.21617727539141313,32810873.561094947
27.89870424221544,3.422237460455108,-1.543124893644574,-2.4944856777196076,0.9513607840750333,32.5019330208283,23.67750829142723,14704000.0,11.607219054752147,0.0,21.68315665514418,-105.72358190444481,-5.553308840911025,-0.015753247565154647,396195.6378753132
46.18195424075101,3.5494243932927247,-0.1719975685866757,-0.0007831979337470929,-0.1712143706529286,55.813990999564496,61.03503135753541,-23634200.0,2.8638515100446265,0.0,10.656598036749562,-26.98153992252441,-2.737901964160514,0.07108567478473478,-35652954.30098174
37.156498435802426,0.6067865607854657,-0.2960600867891827,-0.10836388110850262,-0.1876962056806801,36.320794609038316,18.06511267825206,-78886400.0,1.2474171764876827,0.0,10.579528393587728,-113.44173281724105,-3.766331764010106,-0.04704778162602422,3018749.5129178027
74.38485994860679,15.296229459556855,1.6703414683349251,0.6757133906349558,0.9946280776999693,90.1567751963388,78.77923612615405,8284900.0,5.2480089242468075,0.0,12.480696383754337,178.89316191402796,1.7634051119061507,0.19810087911398636,8031491.3509578565
75.74386730872773,4.48130726541325,0.8372712357606105,0.16848119280949903,0.6687900429511114,81.0689295411834,77.91133689425382,2905200.0,1.9780345110097177,0.0,27.70246198210509,125.37542761122505,3.9657361429988685,0.15559933334413908,1664738.8461659849
53.622079102922534,6.833017940553987,-2.0823231119574075,0.4312392154214213,-2.513562327378829,75.96695329624009,40.90064993978472,-966300.0,7.896975204634511,0.0,24.121537862999336,-34.35260906300594,2.5189502253000873,0.021784949406759527,559862.7769941005
65.83205847707998,7.017676424118463,1.129883434039641,0.114606363330642,1.015277070708999,95.8736142186103,87.52008735019672,6742500.0,3.0372666723939536,1.0,19.823145680174015,91.9898754652781,1.0180872346894714,0.26154764245453377,2893198.4556169324
77.98200422581307,7.146670102149869,2.7136206384890045,-0.048468700604204606,2.762089339093209,85.21044609781586,78.48835014245044,14078600.0,3.7569899706749847,0.0,31.264037534702197,116.3607744873251,3.666069067441416,0.24703158777276138,11397809.069655834
50.354990279614334,1.0415322485589371,0.525366337667613,-0.182175144958306,0.707541482625919,43.78701831052042,45.53320827730769,106394200.0,1.210778313439761,0.0,36.765453855049635,35.75771208118255,-1.8985390291720445,0.07981797335208825,-22486176.67417759
60.013725992850446,3.0656193223726973,0.7498591356499276,-0.0781314031163296,0.8279905387662572,89.5121837754352,88.86176214268214,119156100.0,1.7239750348062153,0.0,38.72337623944939,50.58179272170579,-0.8425479164852476,0.17964807632903437,39125563.27710675
53.10737363564658,1.207761240498506,0.10062816538573571,-0.05247322474513327,0.153101390130869,89.10536135736768,70.63400253123696,47468900.0,1.0083945993453944,0.0,29.605720014785014,4.010488518873601,-3.283803227460553,0.11214534572064636,18500094.39503882
47.88034476831939,2.253888551770501,-1.2958868015602718,0.1914440816264742,-1.487330883186746,96.07004357733979,53.529933855588034,-6390200.0,2.6292758874878004,0.0,37.6560696583296,-81.672702717293,-2.3038747194576965,0.06837105042991187,1353144.4864370362
85.99718373271641,16.02774299542824,3.2934682552232744,0.3771136019177028,2.9163546533055715,88.6713998811982,86.6395553577401,20380200.0,4.910961622863705,0.0,21.28742705814078,119.25592532653994,5.474452554744525,0.11354579869985898,7930112.550993631
52.97023810333366,2.024503350379547,-0.4280604063853275,0.06623110663452714,-0.49429151301985463,93.00003051757812,50.59575926049737,19136400.0,1.4310657207194772,0.0,20.677064772318595,-50.67996236002033,-0.9449903448884402,0.13928265562737344,5851782.068336451
63.686460445699446,0.9411891806228283,0.15205253873830316,0.037027096130178544,0.11502544260812461,81.59192271924996,56.72661107575046,89007200.0,1.12432222236718,0.0,15.306298096209746,81.80188822212718,0.6842589856069625,0.10294018209457431,46117780.16096926
64.04797176947265,1.0781552985976646,0.568122175253265,-0.06863844245261341,0.6367606177058784,91.27252752130681,83.04093303259494,42566900.0,1.6057372779642627,0.0,33.7288697279095,54.306282754053115,-0.07441102333653946,0.23242588104548678,11270912.49071806
38.4280699015868,1.875156664910378,4.466734987770906,-3.5002473512002457,7.966982338971151,9.587948083691252,6.191700007877954,69539500.0,13.1179847864768,0.0,35.15273468685375,20.12003845760374,0.8918313917558593,0.07981243727231564,68210416.65518364
68.31891936538094,1.1621723458432172,0.5206434142192791,0.08104600925081146,0.4395974049684676,77.16276221099372,58.94781620445107,-28070300.0,1.6935859118120415,0.0,11.018966559438235,128.72482993861456,3.692965847839582,0.17435994259539264,10057465.516717194
44.86862666489036,0.2984155365885641,-0.06715130980229134,-0.05631837058950397,-0.010832939212787364,57.031268626469256,39.154320271980595,102734200.0,0.7123888821285821,0.0,13.322576978427838,-52.855748851906945,-2.1511522695773966,-0.028584256442818,12339492.358657418
56.66649017314728,0.5355544935985392,-0.11819378930217539,0.0587101113426044,-0.1769039006447798,81.48140953073923,69.80309132959253,-25147900.0,0.5016733920160196,0.0,49.17954356063938,-30.072239532574404,0.5270045211784382,0.041424126740894095,-16769206.061201237
33.3357375084977,4.365547765934551,-1.2101746339708512,-0.06038561065920245,-1.1497890233116488,45.92269759461424,36.0856259283462,-4969800.0,2.4277248369440456,0.0,14.0836826749143,-91.52472577371334,-7.404927364525535,-0.24857640654037327,-53567437.26939159
55.87654118472294,1.7039920750228958,-0.4682169161910963,0.16057610364125008,-0.6287930198323464,83.14913168099814,47.31909616633579,-10747600.0,2.2117103380682837,0.0,28.610399102417215,-18.16323566233809,2.431129963341362,0.04138084376298406,3357871.76025197
24.023117035033927,-0.31677565812026387,-2.6388597196778107,-0.6856946247217339,-1.9531650949560768,13.075966963774635,13.580050540245217,4653200.0,4.108276247369648,0.0,15.822819975571612,-176.93981805676242,-6.483084713374063,0.03576743353394321,3060312.8307912005
69.95062939835533,30.566576633595673,9.34590440799542,-0.7629135958615709,10.10881800385699,60.963065052760136,69.78647129039607,57548900.0,11.169055459947398,0.0,56.92578176222041,96.02715833170028,7.79474142011421,0.16462919006660076,16921530.402527932
9.659872161475414,-4.552976742998112,-2.0330188825354583,-0.9838032586846179,-1.0492156238508403,15.533345540364584,47.75842459696309,-13967000.0,2.9241697502704604,0.0,17.18211610885872,-457.62072968505925,-16.169427455367806,-0.03267706227684593,5334774.481624322
6.534816051660751,3.668439792866117,-2.8077176036932343,-0.4675386826822878,-2.3401789210109465,9.849536052535312,4.414083711383064,-12923800.0,1.554847735994989,0.0,32.8322744616814,-160.32658974285,-18.246786494724002,-0.23632913035728395,-20559537.317683388
74.33666390746845,3.021170419303999,0.9339967677854375,-0.011092462782966273,0.9450892305684038,87.28161937806036,84.31488627399567,36931900.0,1.129978872002113,0.0,37.033462006147595,112.01283565648778,4.767845187841092,0.2793928124934607,25877878.381009836
33.36339581186949,6.572350805542385,-2.409470966076981,-0.7814693580285006,-1.6280016080484803,34.63310339263383,48.3967751455264,-1069700.0,8.947869082611751,0.0,12.536724607788232,-65.02465751355994,-6.365025963365722,0.04169452425589486,-90904.86425525567
76.09825421643325,3.039699213879075,1.128181783728735,-0.058667719847981914,1.1868495035767168,93.18185196010919,81.0606173200364,36733700.0,1.3207986197877508,0.0,46.132480293388234,92.58754775909004,3.6755046164595386,0.37105608639875426,29957437.237328477
27.794590434650186,0.9047323905578821,-0.6614637963766512,-0.029837515781179658,-0.6316262805954715,48.94248676955985,40.55771477987844,2714900.0,1.8973823122648164,0.0,24.09201587008864,-153.2258868809291,-3.2741688274087566,-0.031344151823058906,-6218312.266768865
70.71804348475057,55.786424512134886,4.620687930921804,0.9011769931591771,3.7195109377626268,75.619055447833,38.31397377500484,7900400.0,21.05814521690219,0.0,27.266290984300106,135.95075558355822,2.940224239136869,0.16749085527067784,13253400.231208488
40.598868851753224,0.8496807982176939,0.027458966498734583,-0.03254780062647115,0.06000676712520573,16.66663134538072,46.60492704292434,6348400.0,0.7087287276603426,0.0,15.71047815689724,18.107597594306093,-1.539088942469067,-0.04872091617545258,-14336725.96829541
69.08325363243223,52.779495227085306,10.30833595311276,0.5934065150808596,9.7149294380319,92.23455188151596,81.72078500784055,31518000.0,16.81214658411792,0.0,28.399231717704463,152.55838956069266,9.153853073944282,0.2211415570637203,29042353.36208956
44.280158569201404,1.2138516920055622,-0.5244141865432539,0.02912264115036156,-0.5535368276936155,68.72571632246073,46.41496490117235,1480800.0,2.1887737843799764,0.0,13.540344597180995,-56.08233807740375,-0.4167889083424029,0.05322568888583828,9141890.775607916
77.5440145311554,0.9401731369915716,0.45457541344040564,-0.007959019180123317,0.46253443262052896,89.56416343207422,83.63248109790213,145737800.0,0.628822057044098,0.0,34.23325755026932,88.46980172104428,1.3458435144688183,0.21166692276997195,95600329.83170205
45.456914388557216,2.903361434456997,1.8443559920575012,-0.9101897044914011,2.7545456965489024,62.23946925978098,71.40737170084158,2292800.0,7.99783701229478,0.0,16.868699371808997,26.734324163680075,-2.6501361377000285,0.0863209307024754,1749290.8537224357
68.01175071318941,3.6052807452911395,-0.14341814081987536,0.36424419786422435,-0.5076623386840997,89.20572717377539,82.83498458209482,49996100.0,2.016988724390044,1.0,16.04757862917184,1.0695656300425616,5.903753303715756,-0.034137417831418375,-22641408.27599829
48.82819779573081,6.973558387307946,-1.0147954188421977,0.2378301696383185,-1.2526255884805162,72.56344357159021,66.0437124804934,13590900.0,5.943397932268334,0.0,15.244021442051562,-54.703496508813,-0.5498837750923978,0.0381464216046408,-9680850.095424132
75.80031171959509,16.19511700795792,2.8032586347052018,0.3888241479993497,2.414434486705852,89.3169582212858,88.39176799977615,9468900.0,4.253101414759315,0.0,18.750096831101224,124.11064409507624,2.492826178883822,0.0025094078022509215,2851032.5617860616
26.49010624656378,1.3694634769941274,-1.826632486495896,-0.3035878286362135,-1.5230446578596826,29.01018380849961,19.147378549043253,-3587700.0,3.6217884691074462,0.0,20.335443902580653,-156.8516454375868,-5.11142847124154,0.18439745149746264,2405422.7399828457
60.90084459588045,1.5470494906007417,0.05165386081649359,0.042724814226227766,0.008929046590265825,93.3994379928893,68.50298933984612,8010000.0,1.8919830512192746,0.0,7.069450336870256,26.206908598288454,-0.08455815348785448,0.22998163857767254,13487302.409094408
33.82341115030235,10.739351796621548,-4.5951422210712,-0.9407791856174659,-3.6543630354537338,72.85381242546885,44.93705144490641,12299400.0,6.337741086099299,0.0,39.55561456344848,-121.09207670013163,-16.87411799777381,0.1727744086081414,29368495.07240528
42.58042472669439,11.59065457878819,1.9154868281064523,-2.090412191268449,4.005899019374901,28.454825152743357,16.40040551956692,2546400.0,11.812814604708752,0.0,34.51142079865319,20.654947078633786,-1.9484035900000791,-0.16482868817182228,-4315421.409554212
44.45875226087443,-2.829017303854286,2.318939312376216,-0.7164847846023452,3.035424096978561,30.14703407420705,56.79592300689339,50814800.0,4.012273640682694,0.0,36.52024953186213,53.261192984932244,0.36077738484290445,0.05549185401750054,-1131841.1319636405
43.21666074484149,1.5289426781100772,0.14260741656282505,-0.19155342451822693,0.334160841081052,46.46148681640625,49.743534968449524,61635900.0,1.8141111175006213,0.0,43.11668655651421,-10.493140023128591,-3.758948758023155,0.05124141475033066,15657944.646707471
22.357545792494115,1.2993373451566619,-0.42583957791331883,-0.12030625884558399,-0.30553331906773484,1.2903511610822411,20.296696753646287,-49211300.0,1.0082147497234155,0.0,12.014682440710281,-92.98402333288915,-9.401201058521337,-0.1252474178640098,-46580462.49003787
54.67638550535514,1.7762356254531824,0.8960334084232358,-0.24747678592280686,1.1435101943460426,55.36998967572302,57.75236091838817,36674600.0,2.4476692787799434,0.0,53.626995119931244,56.90809810520726,0.15175077108805837,0.18589154841451638,16908052.371789336
33.38682010470212,3.8772779026518265,-0.4896726988455953,-0.29692908165294596,-0.19274361719264932,14.625281046189208,50.886473282972794,-5067100.0,4.309054755712767,0.0,12.000689752682888,-49.782241492315066,-5.213099017665045,-0.010072284383782184,-5270307.463486071
65.40037235785192,5.949965140187999,1.6570868114339419,0.005872152860268098,1.6512146585736738,66.79346869627271,66.53280407631162,7599400.0,3.451418097979703,0.0,46.73464292701007,133.29270726422672,2.223023502937583,0.02016554641226521,625596.1318149348
44.26915856521352,3.264510212923625,1.0062809891880988,-0.533630437608501,1.5399114267965999,19.006846854379255,13.220849993476923,-9936100.0,2.6607370728857145,0.0,21.133519727701092,40.059828363254844,4.581140159258179,0.11988271930274703,10763079.397054765
60.63351399453483,5.0753374825909106,1.3061530823235188,-0.09625443239572484,1.4024075147192436,68.95671435199655,71.96924888222578,81602500.0,2.561502391862557,0.0,37.36462743213437,104.65296484073913,4.250404512992088,0.05410148105634817,4375533.717582663
65.5666578074248,2.307658901088793,0.49084497822816076,0.028287315645296962,0.4625576625828638,91.65900481336715,69.5321932844977,50553900.0,1.2919928048654323,1.0,16.782029398147756,121.88088445877983,4.207190750008102,0.2596962367372947,24662912.53000006
27.40914964968183,-2.8942074825599775,-2.308517215189056,-1.2343846455004774,-1.0741325696885786,16.952906526539323,28.180739368336702,313600.0,9.482580236495949,0.0,12.495159076901636,-143.75040614476498,-2.4881143106281325,-0.05858413135379866,3180420.1310461774
69.23038757397572,12.664589090930775,3.25916561202979,-0.08864254506485914,3.347808157094649,84.69530616756319,69.51455686994704,53492500.0,7.465865729947348,0.0,17.159142195974766,82.10398292097985,5.859963183817849,0.1566606236974431,15116249.81541467
38.15692547717817,1.5509382511287981,0.0554600689197855,-0.5040946533926339,0.5595547223124194,28.746531826948093,43.732595374292835,-64700.0,3.8884759214226268,0.0,16.067838601360666,-20.192272354764818,-3.3029980906345133,0.08704700063244494,2050308.1705275849
37.646015625755055,0.21337654017234797,-0.3143155708400407,-0.020590210547758614,-0.2937253602922821,44.17601793540219,47.728072652407725,-74002000.0,0.9595428530065646,0.0,11.562211563254042,-91.66344912606841,-4.9121154150425035,-0.20089341997603863,-47134742.04380347
36.65882718312007,1.9877483745386826,-1.4616239840570842,-0.11303185370331725,-1.348592130353767,23.660642060752416,18.917926436305574,-2613500.0,3.1462122041948635,0.0,15.99216837495188,-123.86113828993965,-4.3196384288999665,-0.10762478724273805,-897657.9976601822
54.22287876734808,1.8306027455682568,0.11445553647706674,-0.0038793822469026518,0.1183349187239694,72.98043982760527,57.84835420332636,8772300.0,2.5599816809953455,0.0,10.047795676532536,26.859123231802222,0.25677977761574877,0.32421720034890417,14666094.348087557
63.81911378996599,2.741018606618937,-0.1345923478415756,0.2172922755271135,-0.3518846233686891,96.43661227534481,55.67392505664238,-1154100.0,2.243364426782368,0.0,19.649822407586786,-2.2788654192906153,2.4587639524717857,0.051531235430589725,11183997.105071956
38.693453206694144,-0.5384467042146497,0.13703604415303516,-0.17918739565379715,0.3162234398068323,21.749152454783385,52.03430145744883,-8682500.0,1.890090328659857,0.0,17.69900266933059,-22.78021721703307,-1.4382262233050442,-0.042369105832372106,1642248.7698269845
29.488637552755836,-0.3901066462747167,-0.03233352646638821,-0.39163583976385236,0.35930231329746415,13.565970558837968,38.86847900384717,-16942900.0,2.377343343977396,0.0,15.556096161144776,-31.29388622834584,-3.544612004206731,-0.13288883681697478,-5166950.058697896
38.20635597727497,0.7140906048239799,2.3284423824342753,-1.242236446630148,3.5706788290644234,40.77184873662723,60.66340844785393,2886800.0,8.611847774226142,0.0,27.177335069326425,12.501330417017208,-2.025578290444194,0.11523930983835645,11478888.557815054
80.43229252184041,3.467679196088824,0.8394430227722722,0.005679289524222697,0.8337637332480495,91.88618976526666,78.64088396834299,37156500.0,1.6098166110764593,0.0,33.27177299692725,119.79475763413635,4.055066454257235,0.17551836965570944,10971615.528592423
70.92646523982587,7.20464899279574,2.958396624779539,-0.03811477295983323,2.996511397739372,91.6948095985094,80.58549535558923,9296400.0,4.5472256614654425,0.0,25.841431375578424,123.11128772157991,3.7942992912065705,0.16410236211857732,5854227.25079339
39.127278260981036,0.8218711868333628,-0.2969682860632119,-0.1369998684463125,-0.1599684176168994,29.230825661152476,24.664915036196543,5428900.0,1.4306764567113508,0.0,17.05235372486103,-69.23633645245879,-3.3854114581587966,0.10865615753063362,1551900.284614094
73.14163744399133,3.6954341711015672,0.5699751235716803,0.1488240902517186,0.42115103331996173,88.35168299300108,73.33341158348117,47923200.0,1.6760436891980097,0.0,24.710441935183294,106.73879186108454,1.7429812892268044,0.14494797988524205,31533228.076402
28.206917771584823,4.048234081077624,-1.5444689264127192,-0.4146902076705792,-1.12977871874214,38.888812518615254,23.690864139287015,21666300.0,3.297684816292477,0.0,17.76149672422832,-160.76929178586158,-3.7466202457050346,-0.05708814117738223,-3892606.5960508753
46.54988877365759,14.304651624417374,-6.160047530568988,0.6247343469783573,-6.784781877547346,73.07506439728135,44.10914306606673,6187400.0,13.894877734369402,0.0,31.118867949040645,-56.57375881674104,-1.5794881184895833,-0.06979491779464414,-1213693.433529942
56.14802573753128,2.750749880937036,1.469781533241246,-0.260680649344021,1.730462182585267,67.93309316565656,72.69440606767678,35381300.0,2.9211344269725985,0.0,36.879331437978585,46.31286400540167,-0.2856641789342248,0.14199140000001667,13669101.701064967
45.507348576785986,7.385508797692836,-2.00092728168714,0.034269106476137345,-2.0351963881632775,90.0237127217801,51.335327972359465,-36003200.0,3.162149466447687,0.0,21.75670277617203,-86.35686204937035,-16.770561490764987,-0.07661782550359754,-29461747.0018411
59.694344659222374,1.980653870595873,0.044706607037525714,0.07290716187742853,-0.028200554839902817,87.12105886772824,59.02485469527253,10995300.0,1.8395916228131362,0.0,20.043119404868442,4.082909467456877,1.7844036787071915,0.06275108888274662,7247116.405250015
22.00263913443507,3.7769522521694654,-0.9097046406483855,-0.27846347110804004,-0.6312411695403455,21.18322639072708,30.429511529596766,-24776200.0,2.8493723575678267,0.0,11.858361986884661,-92.0232123637822,-6.292077401280468,0.03494967757200472,-4745357.408753346
33.25564024188661,0.21771559539050145,-0.41289412890088784,-0.9835862693435891,0.5706921404427012,47.60608597091442,24.096683929724787,5757800.0,5.867277975997592,0.0,29.949691247429598,-23.7291904020279,-5.522766155941865,0.09543134579204775,2527607.3915692326
40.25363684036145,1.7108874272605306,0.26556060034738493,-0.1851715872210895,0.45073218756847444,25.490263543301314,20.564942173922464,75263400.0,1.5801815398429515,0.0,32.01780149600807,3.496650117540792,-1.5535695212227958,0.10026630663903094,17657188.277241204
48.76603798996617,10.64453807007527,-0.9623814775234223,-0.22961333790719762,-0.7327681396162247,66.5750951579818,54.87456766169487,2723000.0,7.985553720947752,0.0,30.608588400157643,-45.42943261011591,-3.8041729338012793,0.16183286821193052,2779615.9871074525
77.48300580660269,35.189170621251606,7.993347012269055,1.1378874138820283,6.855459598387027,81.01525956113547,82.59365531372383,5831900.0,18.4980394611878,0.0,19.236055161369002,174.38879182153974,3.0400887921681075,0.08551482423526807,830102.020260894
60.96972089491757,2.875948590216666,-0.04293675947361919,0.13074600449340193,-0.17368276396702112,94.94053160521524,78.78771102480243,21989500.0,1.4549127130156942,0.0,14.52764660455873,-9.391883133451147,-1.0160897749102529,0.1530600417624501,13209235.291065596
55.56773870789893,20.21181025301155,-2.5343612398141317,0.7970342075706105,-3.3313954473847422,95.81265797561625,71.05480495624543,441800.0,9.73712953014279,0.0,37.93929075580904,-31.638118758199482,-2.5946823497026266,0.22039746412146746,300826.62188504345
63.03505269601848,16.740693650498486,-0.1153795630290233,0.8129058993036447,-0.928285462332668,94.56864897751448,79.47720653736793,1532600.0,6.673119550340197,0.0,15.018617693934518,0.005176512141960663,-0.5360329392695582,0.07989689532356654,187860.69981632574
60.48599392727435,4.292616627464945,1.3938123575514538,0.06086889900661063,1.3329434585448432,68.10597941880316,76.80151501729567,43021800.0,2.435783692458117,0.0,31.006224721058754,106.28470184133398,5.674470321465517,-0.03622463371766935,1674986.0138521316
60.37901090314349,18.897735433663968,-0.21168641765962093,0.9078152903523729,-1.1195017080119938,88.3994008816571,71.40652813170367,-2956700.0,7.892933506724128,0.0,28.03965202155273,44.72319131507724,0.959605586786916,-0.059824761946993266,-266445.70976257115
59.36057049741508,1.26675836604106,0.030339057321953078,0.08540177364983541,-0.05506271632788233,85.56709139531226,78.03392723121613,8179800.0,1.1790560849804006,1.0,21.647360268569408,8.420637481309782,2.11546795311119,0.03119043395001421,-567138.7620791384
63.97739962273088,2.4870694817967234,0.7862486694026671,-0.047889845363679795,0.8341385147663469,89.93051416340165,65.3570454089636,24929600.0,1.6127605590868186,1.0,24.589820600354756,92.56436769707122,3.8954736275574997,0.3208020865984684,15684719.196456145
50.86094222971657,0.6089008129850626,-0.1985697815945855,0.050087641090719115,-0.2486574226853046,71.551562546245,50.43852006817631,-32711500.0,0.8733247586942892,0.0,31.879516018306834,-34.619981184286836,0.8979953647432032,0.050424230258476734,15719210.249916285
63.94501833452987,6.236373342221739,1.384670785527419,-0.18603648651130822,1.5707072720387272,58.31051794567963,51.12810103882859,25288800.0,2.6304450555072596,0.0,19.567302531235793,80.19220814895883,1.7880629161260089,0.17136099937379162,6493973.916623946
61.731702748469985,9.843583508200709,0.9648377560939139,0.3728996644779423,0.5919380916159716,68.46564634151717,75.43948335516278,2617400.0,6.170137578474118,1.0,9.2585508362366,34.33679000902095,0.5647683632539463,0.14601881285780424,8178367.951000753
43.50129683469898,1.088853363310477,-0.09666462219195182,-0.24309193543175192,0.1464273132398001,46.813794238313754,44.852733693830636,355800.0,2.7296085856624464,0.0,13.966387602407822,-7.447657392305422,-1.9739101244055706,0.07336762348561901,1971528.8594423982
68.41574604256985,9.595734809773631,0.8446981200238213,0.2874536981524729,0.5572444218713484,94.22032535665357,83.97678915177232,6616700.0,3.241943116697515,0.0,13.263147627751332,89.85084098141817,1.729702539882816,0.153280667886617,4376523.090315878
29.8167275528555,2.8071626428330774,-0.9813146672232165,-0.09178345577174074,-0.8895312114514757,34.25930068546858,26.465632391235783,-52564200.0,2.1317269025927184,0.0,17.89782650444244,-103.99312669719374,-5.783752692386443,-0.020305451891139404,-19988220.00133804
58.535681137955265,5.296813646051191,1.8431476433434,-0.5367981304214506,2.3799457737648506,78.1089159528656,49.32205969362125,3586300.0,6.451614294911488,0.0,20.092244123904408,41.562304496292704,0.9587120410177304,0.24956087436496005,3025248.297253495
41.01179280205974,1.0182483265228939,2.1827642226384683,-1.2652581631928825,3.448022385831351,61.61705553395055,53.10197351156871,369400.0,10.454480695247051,0.0,21.81386503816533,20.122944984922803,-2.144117883766903,0.15503030353874292,100541.37166964826
44.80561527135095,408.29627613743423,-98.83974453133146,6.569680021989683,-105.40942455332114,91.07298400879131,60.96310199830041,1192800.0,107.46657314228301,0.0,41.97923386008994,-82.8065730299609,-20.828820069057702,-0.15313996428690999,-900735.324308662
59.46245547379256,0.4608876639243391,0.2543907670228762,-0.010790858384597257,0.2651816254074735,61.17649698751248,63.22375025167917,16764400.0,0.8737512266320158,1.0,7.684599505178909,76.22517673525057,0.9770433299866988,0.07928083208876689,21558738.42441935
53.10564313849099,3.388022706664458,-0.0026283299067557664,0.09261792365791725,-0.09524625356467302,72.6293790921677,72.43513827073416,1417200.0,2.0113958641085343,0.0,9.150514077716338,-3.0686215556277645,-1.2718392505253837,0.013819456554507835,-66707.18199606282
42.542067866489454,5.520611967533313,-0.8829228524569714,-0.2049687800724923,-0.6779540723844791,53.04107791487442,58.74582828843101,-9018500.0,5.616498521049534,0.0,16.434068974609612,-49.2916235167249,-5.629351595550648,-0.1077068299118191,-4802438.152743268
55.20689607445806,1.444603823214095,0.2552454380918334,-0.06207039026289263,0.31731582835472605,73.84620079627403,61.84823815474831,18535300.0,1.8961794976482602,0.0,10.122621224137133,24.633628408017394,1.1434398886385606,0.11642872557770376,-576687.6218679668
51.725412227609475,1.3883960127385393,0.0481980142088787,-0.02081566352476069,0.0690136777336394,91.71579869262162,80.37465238903536,16416800.0,0.828997179346756,0.0,31.4102167957493,-2.3962790588899736,-3.2919802393087294,0.06541945782708189,11327818.699185867
46.097743678851586,1.915503394643963,-0.16192170627363112,-0.9611205460949092,0.799198839821278,60.7974112438534,43.18947847981019,25955300.0,9.594217913569034,0.0,21.276544579899568,6.941484074259359,-15.092916505620789,0.21017769427306332,28728015.494331576
49.72311598163869,0.3071699880442367,-0.11306622356806884,-0.02474394745667996,-0.08832227611138888,65.98633453656537,42.03712718912339,1212200.0,0.7300034295459967,0.0,18.79232936952847,-55.19570545751406,-1.1781338741263117,0.09394792306575594,14499879.90088482
45.271061670455836,5.550861146582861,-4.560618153417238,0.8221341270519096,-5.382752280469147,99.38731160182265,62.62895508029283,-21678600.0,6.094795863339108,0.0,47.675540768485206,-70.77599116621303,2.299998926045169,-0.08593048516650675,-33835598.49820285
51.19885629463684,-0.059392150881610206,-0.025861687585228665,-0.020459887334671356,-0.0054018002505573075,71.05273064480913,34.32059308574356,556169600.0,0.2573644829852695,0.0,29.286752474260208,-27.835485866196425,-3.4418594005496,0.04410240912047172,289598904.29133743
34.69054651491525,1.0058162151841827,-0.15394549312087236,-0.27824030837129465,0.12429481525042232,22.46374307721864,36.652875463045085,5476600.0,3.1300059697310214,0.0,14.50298650211932,-63.01842139426496,-0.760529249087835,0.2623401303575529,35241408.52301026
39.69322082862,1.4122970742448047,0.00027395477239622323,-0.10909995836680694,0.10937391313920317,36.64171305381272,55.54721806692819,5621900.0,1.6347986012284785,0.0,12.234687434344346,-17.25830649676353,-3.0503598486944123,-0.05732778451599456,6350739.578192027
47.66053644383439,0.7921688206459194,0.5478242031409266,-0.22181218262084323,0.7696363857617698,32.77996476549107,46.38030945564497,22911700.0,1.2974254059481938,0.0,26.971509333942933,35.916850535272076,-0.9376135347056981,0.19109649658622033,4462855.236526507
43.613514697445524,0.8723450588596364,0.34912371078134186,-0.2107307173597538,0.5598544281410957,28.632398515202546,43.80576189686641,9013200.0,1.223506626409581,0.0,22.935707979010544,23.73214231637305,-2.0074109655555374,0.21884954530734516,4378364.488447305
46.542689536496916,0.03792342915325264,0.18327161401088787,-0.08231314349081265,0.2655847575017005,42.735039948354874,47.578346649451625,11791500.0,0.5193348453575479,0.0,42.699177950380154,18.93462235072097,-2.434629883216605,0.20773209623113523,15742444.81936391
45.68258890010662,2.667404351026775,0.26724301022367314,-0.07281238429344944,0.3400553945171226,45.16127709087329,56.63081212117897,38018700.0,1.2778128350720677,0.0,22.861810215239082,7.614437627451212,0.025989917379629298,0.13599750648995015,27137671.42875422
55.63793873784444,3.3918707776305723,1.4266528707658779,-0.277304406018708,1.7039572767845859,68.09050235207968,63.190943375007514,9127300.0,4.964191808301556,0.0,13.635794096707938,40.82361254380233,0.5200094400155852,0.23676768842841367,7218985.960424556
38.74861202486851,-1.933847479089593,-0.4283478484733223,-1.1900303181797807,0.7616824697064584,39.18922212037199,22.354501525501856,2861900.0,8.846413192656941,0.0,10.76377049915464,-60.29561041349683,-2.2553645158662157,0.10929460015128516,2362716.0693457676
88.08308927020862,21.06585696674054,7.056736060665514,0.052818303693923596,7.003917756971591,94.96023002313507,90.59356769595354,129614700.0,5.356311310541309,0.0,54.11678545920724,115.37407757491495,7.206381736604223,0.3880451103078974,38416362.70269147
44.51007524672083,1.7839874341429436,0.06424810124752867,-0.0484352570114803,0.11268335825900896,58.98876163697773,78.71266588076001,18208400.0,2.200980490947153,0.0,13.663510110614027,-26.184567513934542,-3.250586514253186,-0.15855860639263683,-37507917.141986564
68.13647498269687,56.10617915634947,16.32617888601891,-1.3402333659152141,17.666412251934123,46.76995436444672,65.59234179083872,66005900.0,16.518360887913392,0.0,60.62191290640349,95.51492517641518,10.775934991704997,0.22696457437925016,23729764.745849498
65.53256111396935,0.9760466420362128,0.17311785623979148,-0.005898847627640258,0.17901670386743174,96.21203911215919,81.76767146951168,37589300.0,0.6452074387494211,0.0,25.316933989915235,37.68412727499581,-1.263006668838674,0.18771685496436707,24740177.369116172
33.66369103247461,0.14171592939614186,0.15294027534498866,-0.5220549520313867,0.6749952273763754,14.761902455210631,41.07295796718999,1215800.0,3.893353754915118,0.0,25.46362498405371,-17.637792184504338,-4.181705530628703,0.04619777661464935,1670731.9147965205
57.459100337575734,3.0938222317715827,0.49373664514752136,-0.12562850870014475,0.6193651538476661,82.8602703283152,44.43046771328934,4617800.0,5.227518395531534,0.0,8.545505445909079,46.25399346873229,-0.007188083209952515,0.17893744140160406,6530914.820094874
56.41744127393322,1.3785018858834448,-0.19824635771754373,0.09763463759591429,-0.295880995313458,88.20210150937493,70.93504994722325,-40268600.0,1.0537296295537564,0.0,31.677150154712837,-8.43755310138889,-0.257358824299116,0.007259729648694616,-2235102.5114116715
61.294484119984375,-0.24945964410757426,0.17009096041397243,-0.05633859744399228,0.2264295578579647,83.24880959988226,41.290393094323946,22831000.0,1.2094372098617756,0.0,21.03303214533952,36.5079403524293,-1.0175545339223027,0.15700417589612153,41355188.77526423
55.30161614225379,3.655075779516821,1.067460035696996,-0.2997229925026801,1.3671830281996762,51.047044607994884,44.67716540675129,7981900.0,2.7297926038416596,0.0,22.905342489907305,48.48214223184523,-0.7530645501939995,0.15206372045038297,5185953.495930998
65.82784252337461,5.639956772374887,1.9394224225834193,0.12039815693993527,1.819024265643484,74.50329996526352,81.41560752786232,-52321800.0,3.1103856942866788,0.0,24.89793881971355,114.48542908255325,9.707002041703303,0.1461412423384747,21720754.576251246
37.58358318756287,3.1961878458411803,-1.2078142538129555,0.006439435559249862,-1.2142536893722053,60.0,49.68336291432926,-14877900.0,2.3243853173309628,0.0,16.544573305781032,-96.70820228088867,-8.881661181526347,0.005165415291032684,-9382216.22658774
58.94062682776108,3.392794146220922,0.08696450442810999,0.12295986953574953,-0.03599536510763953,74.89183422728354,55.266985053857205,-2185200.0,2.7693463195812984,0.0,16.677394473911182,57.34613500766925,1.078214360992172,-0.07864785540478449,1467280.1418159714
45.081290628832825,5.3894567704369365,-1.1543358914589419,-0.21255914853183033,-0.9417767429271116,58.908373949888556,31.61082375090039,5870700.0,4.102021395711669,0.0,14.40935861546248,-61.57721097676707,-4.106345447261664,0.15344849353563156,10608908.416415203
50.30966062384156,10.975499843952207,5.874633775532629,-1.7358814401721103,7.61051521570474,57.96560636237222,63.88314403161038,15005200.0,15.237934451339413,1.0,25.319949023502357,36.35512091217842,-2.0225763597669,0.011980872453683428,2090774.6798857262
27.584089951712702,0.8058149327082518,-0.22729186771869436,-0.03363952460033792,-0.19365234311835644,18.47826763001586,45.2798400802807,-67506900.0,0.6980587507065656,0.0,14.265671970277657,-85.92476991876771,-6.891638307246293,-0.10446940723201131,-41801958.15609381
52.26676839585571,1.581907295556391,0.7213821747935754,-0.18756996948582327,0.9089521442793986,58.70188033803324,55.3438570632018,4432100.0,2.2451527893974106,0.0,15.516582494365665,62.06897757409324,0.4564768571687621,0.03816487591426913,1308493.5076460664
57.37114190355178,-0.04857101809336939,0.8869284576403231,-0.19649315668983625,1.0834216143301594,66.1073490444066,62.076099234200505,29582100.0,1.718562108700806,0.0,45.87585536053538,61.60655432768073,1.3993855140040603,0.12504811105522146,6453906.534622587
67.01008655473943,8.832468839857427,3.687074093749004,-0.8207978408962955,4.5078719346453,61.74623435066618,46.1961579385624,10215700.0,8.86228201755993,0.0,32.55673877405546,55.22388529669627,-1.0661440600680934,0.12198525910084139,6292682.389852835
56.58134953247432,0.7587537635859718,0.007477735747162484,0.04432508505751246,-0.036847349310349976,73.9999771118164,84.06935502572158,-14756400.0,0.4072248122124861,1.0,22.736145959093875,35.75110801251874,1.159675477052855,-0.028511669580964107,-8738132.486836204
32.64984519986169,-0.5000810244478373,0.4750066078804025,-0.3846799423443339,0.8596865502247364,7.524693540248431,38.27291791415143,-75700.0,2.061131417467892,0.0,24.051123114207122,30.139490500644083,-2.1666243107656897,-0.016901209276398634,4026440.3254039655
60.65005521421635,10.495210826747666,-0.34758120442998575,0.8064538628017099,-1.1540350672316957,81.85323579098996,77.32658662274083,-2121700.0,4.279095348406954,0.0,21.09589267509548,0.10490800198844012,-1.0041829125807273,0.09051348021460506,10713960.092425963
49.84447203432343,4.5525480478622455,0.007321105356169255,0.08154052130477042,-0.07421941594860117,71.6535054652277,75.00138103637111,-2637200.0,3.0346403181550845,1.0,8.884706178190633,0.7003616888906669,-2.132231233170371,0.1193271063155424,-5895494.870015016
36.44121337323781,0.09977786852427784,0.1002324307164777,-0.07067747270997068,0.17090990342644838,25.6410657693963,50.89746121278538,152622600.0,0.524306032041172,0.0,34.82291410674243,-17.171524613398084,-1.929626199737929,-0.03974790547782812,19613386.95201093
46.98228802107054,6.443062549374758,1.1872178492468493,-0.6259560742715671,1.8131739235184163,50.140050435253386,56.86270878152797,7863100.0,5.782286593857235,0.0,35.51022628309045,0.08385797493898171,-1.5441501852619821,-0.016791102574073968,3397836.2718747724
69.25089342899936,10.863404865669409,1.7736961551058386,0.4577295664237766,1.315966588682062,58.44154895992795,63.659140093073724,28552100.0,2.3114793053935436,0.0,24.26009556738664,143.11165312648612,11.535694827512932,0.08997291908966604,14571810.83102577
45.582046089629756,8.049919953330175,-0.3171216258998584,-0.37789331582963837,0.06077168992978002,71.400146484375,61.0071729531067,-16718200.0,7.371565132641762,0.0,19.745984556936563,-22.426304213926507,-2.7308972359681043,0.026146218742505476,9473548.863292094
68.3912066975637,4.3903422045068226,2.728718300939846,-0.21561426689841845,2.9443325678382646,82.74395205238497,66.05372452279359,25183900.0,4.094557079242213,0.0,31.84830790105903,92.17753030365341,2.4914134809849164,0.19259293254709117,14243072.275045969
73.57434420909858,1.681733739105649,0.21935257707016476,0.07662319332093029,0.14272938374923447,91.3875458356833,85.63666556908287,-1600400.0,0.6782310261934039,1.0,13.831528001239912,156.73750540595492,1.7241394575414453,0.18839091385147344,15529745.768396692
64.89369223491065,0.8575490219911863,0.14163814436634325,0.02061735534299046,0.1210207890233528,85.83332472377217,87.80595396561777,74207300.0,0.4262552941294234,1.0,36.18107569775223,58.91607421269207,0.584416589722487,0.06041196854146133,34883442.59454889
80.35554812777063,12.250900833065003,3.8891166948665443,-0.200084148636674,4.089200843503218,85.83837098313712,87.66288401032277,40510400.0,4.16615279213014,0.0,42.977238223603656,116.86236150398904,5.332014670159346,0.27418928661695713,20894300.288329456
13.054461002481048,0.20446349197955271,-0.5915103132531065,-0.42163248865830855,-0.169877824594798,26.844255967793945,17.733619240999435,-4005900.0,0.9776701150752681,0.0,46.53466650461342,-129.61610064968053,-13.481587823295751,-0.030282011073300794,15487678.140250513
50.86846998903343,0.016716421235855705,5.610723710968273,-1.035425877571722,6.646149588539995,42.942578139076765,66.86415816954707,5367611.0,10.078910225901957,0.0,27.24808063821955,59.899322536804675,1.096585426736129,0.09756134740380033,1431026.4073972635
49.28487068135258,15.775177613895096,-4.356666867590064,0.6980121001019928,-5.054678967692057,94.39688032127751,55.82562982795738,8480700.0,9.829152549375662,0.0,21.21529006070861,-52.72682236997559,2.4882418040776058,0.04995749851659445,191408.6955800047
49.792458944678444,0.46665728738435597,0.05845933112040491,-0.021783353827381988,0.0802426849477869,80.28164284495809,78.32259953309891,149589300.0,0.3618560005241932,0.0,36.75756631212324,6.295097903998423,-2.9192562477809303,0.13657854316042564,87852761.29306895
41.833969035312904,2.6123870292247773,-0.6638970207181671,-0.18573184812153365,-0.4781651725966335,40.3162285780384,44.026967212101816,2666800.0,5.249583189601918,0.0,18.53022582211396,-98.85828945091357,-1.6416473489665129,0.07048602221802987,3043229.5149543583
45.051579320727896,9.211972759834453,1.1326958619897596,-0.7955109693421516,1.9282068313319112,35.50490650063703,37.37476954069886,29444800.0,5.569840717730217,0.0,13.975249025697137,18.784102724298787,-2.857355379655939,0.25130086258115464,29822285.434607636
40.22510816473164,3.179357419759981,-0.5809617793408393,-0.3445845229895719,-0.2363772563512674,43.199951171875,46.887682114101324,2242500.0,4.32994123768189,0.0,23.396711949820098,-51.38776411558898,-4.206826520741892,-0.04028049034399355,-413534.83721837064
57.3683791812594,16.26398411016436,6.230642597219571,-1.0919932133535886,7.32263581057316,71.61175506625402,78.2840136520149,2869100.0,12.722389551075144,0.0,53.704749482715044,54.5122995777257,0.2675824026482146,0.29783908638247464,5559418.495735394
47.93851017652546,2.438114479740591,0.04369333056644109,-0.20214308178514376,0.24583641235158485,62.574894753312726,58.176169783848174,-5037300.0,4.77055920535221,0.0,7.324879918119815,-10.79573209563136,-1.1654633122642217,-0.015493426773623219,-571249.608190245
57.35158427589967,2.088377401832844,0.955321773186057,-0.07720953181898582,1.0325313050050429,56.36353043499973,70.12406310145742,4426700.0,1.7525661593780348,0.0,24.28554835673476,76.12608878960403,3.6647535031424754,0.12283659169533777,14229982.356501382
47.640873786964924,1.0595521016642522,0.3912076232448385,-0.16172720132878227,0.5529348245736208,62.108233002871344,68.85086028072966,14797400.0,1.877524143591992,0.0,23.13852971983432,12.803383055670533,-1.6385549522307983,0.07178397663551321,6333025.249669577
66.68791513160797,4.5442105381703755,6.887009311699501,-1.5829290603374666,8.469938372036967,69.14324055436015,62.09009216331293,9746600.0,8.835748472481615,0.0,41.07167887305884,53.00440777863994,0.9347276157745615,0.24066501426833167,7536003.156461216
21.72780824034211,0.3350552358532397,-0.3244571972517605,-0.09786417524281163,-0.22659302200894885,17.64703407420705,25.127500540392102,-548061000.0,0.7535803331002889,0.0,9.763103116477723,-125.40724750086788,-9.280742787964957,-0.09122705279711425,76951460.84917504
74.91574347099517,6.854706610054109,1.648104502082333,0.13496538890030196,1.513139113182031,89.1332884583877,87.61737276633846,22034300.0,3.1373377813853134,0.0,17.0106239557573,154.01909478257718,2.830996154104601,0.02122111657718185,7496731.799517078
53.354026827479814,1.115164972378139,-0.015711046690839225,0.003888473586880367,-0.019599520277719593,75.40979915901433,51.50024674231313,9920700.0,1.8984815032559978,0.0,8.504116225434814,-19.505032753213086,0.5648237497558504,-0.08679116191606726,-667557.7585520567
44.89289954736721,0.3421508387731862,0.1294645791128204,-0.14053139606132004,0.2699959751741404,31.788084489322625,30.285302319117573,-12309100.0,1.395495608717962,0.0,21.295514905276868,23.004660555711222,-2.6234194890915137,0.161140109747468,12915524.077995468
27.535676476617255,-0.5528937819650253,-0.25449664754387413,-0.028773560902599304,-0.22572308664127483,32.673252368605425,50.24155123530674,-75542400.0,0.6009845799988897,0.0,12.516377462371945,-129.20698421043224,-4.845119959956284,-0.04055587089820283,-12726173.518152492
86.14934599334627,139.76984807543045,29.124246474714937,2.7295399587321256,26.39470651598281,83.94290580184222,92.44808484512164,18654100.0,17.63210580837133,0.0,45.95150071694855,149.4277055207455,13.935971554152355,0.09055039390990288,991013.6852618125
53.34058723569568,15.718136547662766,2.551697145671028,-0.36496381027984715,2.916660955950875,75.66078352108553,80.33383751921588,15615200.0,12.743058724020141,0.0,20.627049248720777,18.905212733449602,-1.4171489302180873,0.2381563405346604,8456649.766968574
39.18759697975141,0.29829762008793637,-0.04355092887524137,-0.042105079342916366,-0.001445849532325006,50.0,59.89056591379623,12835400.0,0.4200646181375014,0.0,19.103476313814763,-41.30484342105032,-5.613574894311469,-0.030315341144032906,-20455865.91832163
54.7990614306083,1.032812823582887,-0.15985656118228064,0.04443678667211182,-0.20429334785439246,94.1749874077805,68.32482676956863,4003200.0,0.6327564665562275,0.0,13.744691579292978,-56.99235974790735,-0.9697267945780405,0.11686853744818174,14325695.135173295
47.04416170964486,3.8165873893534865,-1.7300717632117255,0.4375332999488313,-2.167605063160557,77.80829534314493,68.68031273113857,-748300.0,5.370088121431592,0.0,29.794979767337114,-65.98886772823009,-0.07120333970066998,0.12375762019018952,9687382.724028565
65.02726033018399,5.094341322722883,0.5261772745282371,-0.03248629192881047,0.5586635664570476,94.89240916511481,72.18224548065697,23247900.0,2.3599304920643522,0.0,34.35202979096749,34.70874629114485,-0.7939707693742148,0.3293473962845947,13945194.82647561
40.79894646421746,2.4358435946917893,-0.40556023446586664,-0.3126575770229398,-0.09290265744292685,53.30416019681784,54.3991458350975,-2642300.0,4.071105442929524,0.0,17.426336896488696,-17.833612768451662,-6.093598315733508,0.0009455753396443957,4163405.8077757945
63.753223741927016,3.5786612763077414,2.559087695664857,-0.4210438185224197,2.980131514187277,75.46508306290353,76.51167150749308,6853700.0,4.361866615495249,0.0,38.56988421445933,55.438073530114856,0.8887261985154452,0.157959021424788,8146070.606233431
49.11382641092899,1.120407993670625,0.7153213512022205,-0.40177888776344095,1.1171002389656615,48.95711248650307,35.80287371443254,-742700.0,3.506494653352543,0.0,12.870874213210442,33.229373212594325,0.6194288437757626,0.35562799541671175,6299745.421893834
48.445567556466486,-0.6970034873057358,0.5770889943994177,-0.2692714970462389,0.8463604914456566,31.79737436099372,31.88235717101365,225410.0,2.7152578725768532,0.0,8.859086729959511,29.267024690176044,-0.7098411635181348,0.22277668491270144,5892108.943747231
74.46706864576205,5.8625413957819035,0.7730599716105644,0.34562204710917216,0.42743792450139223,89.5698567753348,79.0843726313209,-6815300.0,2.609825724364841,0.0,10.504832666914632,93.35257106615842,4.632454315944486,0.11811421786680128,52839610.46104119
77.5513558291104,4.857782693327152,2.4315046649376484,-0.10626640520773245,2.537771070145381,83.63640720012711,93.27261229215178,93495200.0,2.087704506851797,0.0,54.99749982386175,105.99800035685925,4.73189563770316,0.4521005583093067,47742555.66553695
57.214094894589365,5.294293203329971,1.8641513143940074,-0.3733821537664852,2.2375334681604926,74.62685717376513,74.19148829163264,107466400.0,5.148569123462235,0.0,30.923181185120068,51.697685864270404,-1.3047180686339204,0.03215504870056603,7630956.460617731
36.204482577538386,0.006783135394954343,-0.05011588067338835,-0.010054149834231516,-0.04006173083915683,53.44834390044987,54.02295826646673,937700.0,0.3606896842060317,0.0,13.802712948673502,-98.82676805088109,-0.9100883387560741,-0.079125953811716,2091692.3733402959
64.79638362459178,0.09525705051842692,0.05231491930985044,0.03571958442884007,0.01659533488101037,91.30362671384343,72.65699051687919,22435800.0,0.34819300147428234,0.0,18.891184981587724,61.601780992776916,0.6087909615499125,0.04994360315792943,9418338.233353697
55.86072085397989,0.2872459499157145,0.03277653839968053,-0.014895833149894226,0.04767237154957476,78.3334869807644,40.87056104841289,120259200.0,0.5466212288083785,0.0,15.709906489422861,0.36995416420802857,-0.041869019617177226,-0.048073817314117445,23196702.99516142
64.25546488156337,0.7225861982173853,-0.09586507481009932,0.07921713725313931,-0.17508221206323862,87.39481521136332,56.94651527088873,26664700.0,0.587687344957139,0.0,33.32937543382995,4.788719395032324,0.3875886996705075,-0.0396669756872717,-2311580.331157607
54.53283848108268,0.6108662887374248,0.06316611381658532,-0.004796822327519892,0.06796293614410522,78.0033491727942,77.67009114507229,75868700.0,0.415541862311103,0.0,29.185091520487067,9.33874759123187,-2.484781731440057,0.13798135601412637,40171457.146391295
29.791189186851067,2.0009172843074055,0.291199217099944,-0.8557416643218092,1.1469408814217532,24.24238769003132,16.928135692953585,8674300.0,4.282068859265504,0.0,38.7067740097194,-17.84915286932741,-4.697175355323843,0.08936042405889777,4748239.678818778
77.53594067041169,3.0192688916373527,2.0106987780358736,0.014221017420297466,1.9964777606155761,91.199951171875,87.73265110077891,-7563900.0,2.6957291243273853,0.0,32.14396099751984,103.2172255958614,4.666900705114888,0.25351128604776996,11883921.514142437
59.57261542237137,0.8957152864260784,0.06461540234827723,0.03132661100810278,0.03328879134017445,83.48621284607874,82.82838203902888,-21908500.0,0.4581332139752783,0.0,10.986427134555647,41.26988326673125,-0.6077567296683228,0.1935417766859598,14081613.967919644
60.842841976831934,1.2784995849840541,0.17066767600227806,-0.009878938768847545,0.1805466147711256,73.04351575885134,69.39993550139737,128408400.0,0.5858910294002921,1.0,10.13533264570053,88.68450448368405,0.14286041259765625,0.21187367433888962,41111741.08863041
52.37978147613283,6.3269709365849565,0.406265870323125,-0.04284080664505813,0.4491066769681831,83.67873138605916,85.05984745687955,44889900.0,4.012398196504414,0.0,16.540664805360052,-1.2961873727161763,-3.326966193474985,0.04091823454966188,3308596.7096554646
37.613763600922724,9.957915146518985,5.322302028152649,-4.2675569946904215,9.58985902284307,29.430731744626915,48.50066873174077,-609000.0,26.472298723771964,0.0,38.67385694094213,6.574145767880329,-5.868234891535777,0.1990465535909007,7368073.729717938
53.72872424013366,1.1056479386673246,-0.2600450304424946,0.08503445280878419,-0.3450794832512788,87.3522647545199,70.5366794148389,-43464200.0,0.5485056076458015,0.0,42.05996806271745,-48.41378337724125,-1.3035559323499712,0.036808093488200994,-25781035.186778076
51.33731742531744,1.2895497691641538,-0.44964379993939474,0.03662323070295592,-0.48626703064235066,64.61996979478748,39.63209825439255,-4454600.0,1.5531001407658116,0.0,22.33020633247504,-55.90102858498874,0.9319599068536681,0.026526627256399454,34173971.52110387
72.8239123462177,17.691964920933202,5.6934904563347,-0.04548997086806672,5.738980427202767,64.28033380440992,67.56384294197683,4755200.0,5.679665670404301,0.0,35.75191646209265,109.62127834261493,7.705190725782558,0.2638685361393931,10007980.107557625
65.85592873590225,8.53249502235218,1.1615949230300373,0.2394590416089719,0.9221358814210654,95.38411188773793,87.08029780117538,6987700.0,5.31411354983026,1.0,17.411260846139864,68.21296566663207,1.3918710386464859,0.10534698564764301,5361812.246988295
34.58791904200863,1.8382430393738929,0.819923588305727,-0.4782146367894968,1.2981382250952238,19.202396327074304,55.725334962701936,75495100.0,2.770308615216365,0.0,34.09081108547221,11.04389789009722,-4.717537394515456,0.10538056014365196,35452334.346609004
79.22658746200956,4.826187252658535,0.7657636016054283,0.3316393885899299,0.4341242130154984,93.26920079057135,93.47542302224592,4351000.0,1.539649662969305,1.0,25.187271415696493,198.69512617265087,7.704185737083615,0.2173808708727051,9643274.244033216
54.59038308098481,1.7464236758017861,0.29699156604580423,-0.055050957723372373,0.3520425237691766,64.05696800538674,58.968099282403024,64083500.0,1.1675638696624608,0.0,45.243530256105636,22.817472632637376,-2.325580342739782,0.21011352561348723,25525315.95554749
25.315733321537085,-3.362721332592514,-1.625968276155163,-0.8806966692004732,-0.7452716069546899,24.13797906172381,12.3347357330319,2227600.0,3.6494488692791616,0.0,33.599636512233445,-128.34099696208244,-5.256436924674473,0.19397525232371343,6570068.5924977865
42.813154862829116,2.4879700942290555,-0.8404969344780255,-0.03626734109103413,-0.8042295933869914,53.08929718707226,46.458181480788035,5547600.0,2.8536082250199644,0.0,13.499791060549352,-89.18270366761229,-3.659975258339986,-0.003437580200240731,-1443932.852260557
34.27511934651803,2.3301862011234107,-3.418255413490215,-1.8385936556719478,-1.579661757818267,11.354717910216388,23.518434777875445,2001800.0,15.060612327493455,0.0,12.94775122756459,-77.71011500152943,-5.009922244933595,-0.04923290104604369,-51474.06300248235
57.811349320281636,46.25749478901696,-8.361275988191096,3.046527921775459,-11.407803909966555,77.69637924475246,54.51508976186384,2865000.0,26.135573218297115,0.0,30.610283790539608,-43.544914556767154,0.8035098948284299,-0.09399925108861791,-7825437.756263651
69.07966998483498,11.046709395374421,3.4979599447917167,0.3149367652245276,3.183023179567189,90.21236541707688,74.59914229746694,3540400.0,7.841892607111009,0.0,13.546399102075998,144.9733821800864,2.9413027422081646,0.213747574162715,7116403.345525411
27.41851671940384,3.205209711140782,-0.7687554482150745,-1.0371775220569655,0.26842207384189093,19.742137289884067,10.654064942486631,7932300.0,3.910064919944374,0.0,18.750961469994596,-58.79605695186044,-5.659466257163379,0.24456800624153807,14713874.244704902
45.172868220399614,0.8680307687724991,-0.09460255409869234,-0.06921616433040215,-0.025386389768290198,64.39412767679103,51.082559096577604,6973100.0,0.9369461408008667,0.0,14.893101299098797,-12.624229940023229,-3.9173735826773615,0.2473409050860681,9744604.80405846
69.51625656782285,14.170748172410129,2.5203855775067154,0.8906358597136625,1.6297497177930529,100.0,63.343718624677415,6036800.0,10.176586720059575,0.0,9.367268181886711,131.4478177254479,3.706408756813869,0.1562334593833293,8781402.886620885
63.78591563531823,2.4732361349540497,0.28933226684753777,0.053004593828681584,0.23632767301885618,93.70704931068404,78.7847968673525,7322400.0,1.4779244743518476,1.0,8.670457202531232,83.07152201466424,0.611651895975592,0.2122851653361405,2678841.6072933897
48.34325106223637,6.788042165188557,-0.657178824437409,-0.10910206674350131,-0.5480767576939077,84.15386493389423,60.726578711716876,3794900.0,5.158132852583303,0.0,12.269552203655188,-44.71049149239881,-2.890944852195208,0.03024769716901637,6352384.34453512
52.70902108357012,12.511882518050356,4.490372686069406,-1.4451195090780207,5.935492195147427,52.31945305048283,47.88332815700438,34296400.0,9.42865909650285,0.0,50.29690150250906,40.377381675569964,-0.7179514950752898,0.03696315839593407,17956839.71816441
38.84068873599496,-0.7084108779725398,-0.34477010746810066,-0.04475014646410386,-0.3000199610039968,35.73578940133343,52.75276651316241,-26883100.0,1.924317392429969,0.0,8.718425286251486,-68.8723922354508,-3.3036572252144576,-0.1608412611000864,-19292779.361106385
51.61685937193267,2.4936791987669835,0.7511924996711343,-0.26062127188031026,1.0118137715514446,69.55975977474564,65.87007440022059,9217900.0,3.9863314714847253,0.0,44.748241191511156,16.3645018236616,-2.321101955855599,0.02272018619737585,1534818.8918514417
58.42634731192802,2.2385919599021236,2.0294170101310556,-0.48076075034752197,2.5101777604785775,63.38643359670004,56.82099942816865,46932300.0,4.3959970167078595,0.0,47.3430446383073,48.04039073297315,-2.201771187250259,0.20065605111057602,14291341.786722928
48.34135984919181,6.330782893427738,-0.9701053759749243,-0.04381705231321509,-0.9262883236617092,55.23824286651957,23.243796724145664,-1381100.0,5.254629331559581,0.0,15.745411802939351,-56.03277730596583,1.6958308831337812,0.02606902843519673,-652931.1131701093
50.83130504591179,5.895145357692087,1.207599474818437,-0.4728229377924491,1.6804224126108862,73.06317076119223,74.47165173474458,1664000.0,5.987309647152158,0.0,35.34259407688895,10.71909622303269,-2.5638965149937443,-0.03304514291507336,-2434.76790571562
71.37518359975985,7.085536502673364,1.3841721508573244,0.22491016392150565,1.1592619869358187,89.85321829831013,79.99231956879079,-3978100.0,4.399979542303891,0.0,18.005601422154665,116.93546985546759,2.8252059557085523,0.17954136383503516,7513461.324514013
34.78431719797555,-3.143127116930259,1.3952898177916495,-2.6198522319769015,4.015142049768551,28.881730201104094,17.93900187767306,-356700.0,12.52958897086094,0.0,36.876427491010126,-30.264986726809745,-0.9604597365130583,0.13059597843682547,2842864.6702386905
39.748310176354686,1.164492112902927,-0.3571872796826341,-0.12209643920493901,-0.23509084047769507,41.23363272909225,52.20143402076093,-4620900.0,1.8477403119811335,0.0,16.342110807538138,-36.97372156020303,-6.67919838806171,0.09038065231084502,6545914.020750241
72.01355359873364,18.697621700148602,3.922397143172475,0.4572842534104371,3.465112889762038,100.0,91.6102665830171,23856100.0,9.891187874036198,0.0,35.567680989693415,101.3718276412084,0.5839854530434495,0.20423973575218748,11852348.893364443
53.40212540531886,1.4807730420567928,0.2418603109024957,0.016961422445124497,0.22489888845737122,48.60050124924046,62.849866598849836,1963400.0,0.9400384124957564,0.0,13.247255163809546,30.170356697433068,3.3304577735399565,-0.06726830527032883,-10931775.328812748
51.590412587752226,3.4900806355495035,-0.6390164114321522,0.15363953108600614,-0.7926559425181583,92.28201150043267,74.94668125109628,-4533100.0,1.513933626862715,0.0,23.90499117244457,-64.43197777512597,-2.689315713521433,0.1370951250506107,1493856.4831743557
47.367605121808964,2.70979696655877,-0.4771397893806011,-0.25040433170606063,-0.22673545767454045,67.91457231760124,35.33973036026011,3651900.0,4.869706950355436,0.0,10.512031979033074,-27.174219859823506,-0.20033225031904783,0.20397143339997417,21598425.890778404
60.45399165505504,13.482485776752242,3.0676272119151236,-0.32776033249530245,3.395387544410426,75.35031040162168,50.37220420656269,4922000.0,15.069838021268323,0.0,10.006584581468006,62.218260051727896,1.80400699301424,0.10691838869800252,4935740.792135385
52.88114835448725,5.120604226815004,-0.61281851954773,0.08042364613101072,-0.6932421656787408,91.31755676367125,58.01110872854421,20442900.0,1.7226098865611765,0.0,13.710737840042201,-52.59266610484076,-3.6348823960427445,0.015197707012559082,-4542309.61284599
47.56400312106454,0.495311637043514,-0.39427540204899003,0.03991058134109304,-0.4341859833900831,47.89270910674719,32.69113017268176,-3141600.0,2.177310353306358,0.0,14.758454099567494,-45.86056380692531,2.7272636402450954,-0.12606279099472656,-7638438.758592853
69.575258801679,42.417508618217084,8.373950057293541,-0.8056390877411506,9.179589145034692,80.99113029530524,76.05586710733698,114698500.0,18.150874587512195,1.0,38.13639910433632,54.56564708479424,0.5606611983889024,0.1866107431010054,31005475.729179017
49.27661553414126,2.2827662952579857,0.05474392232471814,-0.061183071008202264,0.1159269933329204,76.74428404456106,69.8417275770377,22262100.0,1.7897411659818099,0.0,12.835906609437004,-8.187814407695457,-2.3365613656597404,0.01748173808541625,-1741978.8457815251
52.54211993095502,26.940369461869977,10.897094085768686,-0.7170474211705873,11.614141506939273,68.66006849490122,78.871704738145,1396300.0,40.032117439682416,0.0,11.370696536978521,62.5707969857099,1.0635350489328617,0.09568924465776636,493463.2949895882
34.40693335868106,0.8510707400882147,-0.28885680470268227,-0.040626959004397833,-0.24822984569828443,63.690518765263064,64.90234878711529,-5799900.0,1.0529828826555727,0.0,24.67545926217313,-65.52727327239343,-7.967431868995374,0.20429496229388502,15287105.432279564
51.601312137378315,4.0203388553931845,0.8337903379574527,-0.33792376864196094,1.1717141065994137,69.30694116376233,61.02434848457856,84708500.0,2.591161727591568,0.0,43.68726443094036,25.271861287861398,-3.8007243190248534,0.06182299003630318,39840820.505678095
44.69640103868757,5.159437222400555,1.5541150633739989,-0.5505291999104229,2.104644263284422,40.57471284527407,58.19532051737071,159270600.0,3.6000223019629822,0.0,38.24056256516382,32.186257223280165,-1.037190042348936,0.22218108823417454,72090302.16004084
66.83121490451293,11.981155903166893,5.668124863586058,-0.7395730640419877,6.407697927628046,84.12927268976527,72.6671181150386,208859900.0,8.509038656182671,0.0,48.443675386405616,84.09926757169241,1.5955642731316815,0.1797524982878989,70576271.10257733
51.00707167650467,5.293614948486891,-1.2902241561407664,0.25075507982004597,-1.5409792359608123,97.61386993952755,67.00509044983674,-2523200.0,3.250547788983799,0.0,16.022917989368693,-75.53307733021518,-2.6413922692466065,0.07453979747194932,40545.38340426725
53.20751575664644,2.158149945702011,0.25234608792725055,0.008163187764831437,0.24418290016241911,43.91303157987267,46.02851508988369,20625300.0,1.6560524059779684,0.0,20.177800314432375,29.50361878030406,12.304439299576407,-0.08916791332076963,-5395993.89657772
33.529512109168685,0.21102762863849023,-1.3291793098321278,-0.21215922814904697,-1.1170200816830809,26.691019353830875,31.70252524407843,-4379600.0,3.2393916228660213,0.0,11.69321976815378,-96.04385045817266,-6.626449549557715,0.17959911120991084,3245391.8726216126
36.98084640589379,3.4038840003164523,-4.598615370894493,-0.3356742314951182,-4.262941139399374,50.725586428250985,31.766879384982378,360200.0,10.76653807620323,0.0,30.78423937186222,-99.4016780956061,-2.84421844159053,0.034413154938716946,-41840.30235776733
33.92406249984838,0.8200479503925351,-0.7655505762015409,-0.04159833247975531,-0.7239522437217856,55.60537272786367,32.43445133378529,-14159000.0,1.2765828494080862,0.0,55.71819602039451,-98.33180354951226,-4.762751525455189,0.03650351253605436,-3702088.261162747
74.26684357904742,2.8870632781821683,0.4100961430424803,0.16724361655482056,0.24285252648765976,82.29157560392808,84.12338406365608,22997600.0,1.1513847130618409,0.0,13.61784910676998,92.09153708171513,3.6076120603933224,0.06128063541313348,-1022740.8564101458
35.13176750992181,18.30505478956195,0.9781519231459015,-3.732468564481721,4.710620487627622,33.01875512249419,49.380438741493776,7749800.0,29.37319355042787,0.0,32.24059953275287,-33.640212790439655,-6.816643542472458,0.05560907231516611,2829870.1404021895
69.95660700191931,1.4158478579679397,0.7113187598971251,-0.052345903344204414,0.7636646632413295,75.3696312331815,67.32362182233648,61809800.0,1.115014084945524,0.0,24.005350392363365,92.93241918502328,2.5990676789578293,0.26513367581565134,25051418.236790415
52.00598550307993,13.891646660715537,2.151981738524796,-0.45912311401456396,2.61110485253936,76.95147204465653,75.89823293275988,-2313200.0,9.788017012056017,0.0,26.00043980898154,23.244942181024033,-1.453561347336154,0.09429612286534708,1836333.356184718
53.401710161181555,4.223151542392756,0.9450041211522233,-0.26624645694201243,1.2112505780942358,73.4513346035484,71.1504988812475,76534500.0,3.1054238348479,0.0,26.037358046593383,27.31133994982456,-3.3808738308474897,0.12727718413292166,25624311.21757348
78.13914284423291,2.0016537315456517,0.8508394358249731,-0.09352845460955861,0.9443678904345317,88.50571436714452,86.23069650191768,123197600.0,0.8736607798230249,0.0,73.91693488659776,86.05692195863875,4.23998067014563,0.3128299213445608,55820316.1086999
31.20512470609356,4.136854094765567,-0.6769141999848785,-0.6998776743015117,0.02296347431663326,36.74388371097417,35.54996827386167,2834300.0,8.737320693818202,0.0,16.032627575962536,-26.473730371908697,-2.3967249427320327,0.11305442391985256,2642306.350999995
49.663025003231375,7.735844646225928,1.4757677793667199,-0.5439592335687604,2.0197270129354803,57.14319562518363,57.98019947404935,476500.0,10.735348681597939,0.0,22.38732445279933,8.352872925371777,-1.6718617292610172,0.08627366270125585,-173483.92818961054
75.75061133034966,3.5951627040791863,1.0409781176412594,0.00935158526327573,1.0316265323779836,93.89931213965245,88.9871589682055,48538500.0,1.4703121887306287,0.0,36.86829757654435,123.17878754755566,2.7805144810190647,0.25709197357035235,25518885.009265292
49.24185146515544,0.8240317798656775,0.846659424634808,-0.3322134887022514,1.1788729133370595,71.93739980980845,59.76863517237795,8047300.0,2.7345846772102225,0.0,48.08028658027533,12.611895250264162,-0.6611861698383328,0.3027019676181811,16526800.403294565
63.156454758285584,42.2215492339094,15.068608914804827,-2.046904988070075,17.115513902874902,78.0972681264997,59.855513454126104,91753600.0,27.450011970260388,0.0,42.76857994853245,80.44743377717805,2.483064269764639,0.23651350045464556,31185651.773423996
58.672102086637096,5.448101740799139,0.3406424867769786,0.022576726424491822,0.3180657603524868,52.5925478113228,49.81622269178237,102535300.0,1.3987792621616606,0.0,14.272041218132808,30.245777834870392,6.2737117316287785,0.31873008664943847,109970984.27152655
54.2097751142432,0.38455248457882973,0.11832801334841037,-0.002548634626912613,0.12087664797532298,78.12495809050662,84.89579375214514,23278500.0,0.5698383225937621,1.0,10.642026878285177,25.438665191736554,0.31971635455599196,0.19202902139384756,15302205.564784618
54.036204953165964,0.4164224299686552,0.13822286910993142,-0.003859012419133001,0.14208188152906442,74.81484621144689,83.70373510033579,6169300.0,0.5997439359977329,1.0,11.327161191529433,35.49204102208816,-0.18303099703482337,0.08584326829611583,1611354.244090479
58.66742629755378,5.617902015321619,-0.29125318183905335,0.04901943760197364,-0.340272619441027,98.9406135841981,76.22296021237145,39960100.0,2.274601009439697,0.0,26.310357161672126,6.304991649952717,-5.244806843796878,0.38787709811124055,103670631.95041126
42.760632374185086,2.1169135494977667,0.2249717530543407,-0.18066448810291963,0.4056362411572603,30.386707146026023,49.171216379457825,77645300.0,1.9262386487273655,0.0,24.249105972264328,-4.893581435524289,-2.9006431554979386,-0.11347513569609656,-11060045.91696619
62.327848174499614,1.24875463714843,0.07202856341781683,0.04657373998040401,0.02545482343741282,94.4000244140625,68.11158623627342,13515300.0,0.8347756222589239,0.0,15.958741828263609,36.16145506549819,2.1969561100774366,0.15864070512106046,14895216.160975473
77.20680499518487,22.89043365056952,3.131675650532884,1.2128021852394126,1.9188734652934714,76.89351873851264,60.80406182612307,327900.0,5.902848344179944,1.0,23.917270800910742,166.12647321973125,5.415215842431572,-0.05890033759532791,-100958.29555657099
72.18595611609058,7.330185634951533,3.3439553464477285,-0.05402364843150309,3.3979789948792316,77.56132414576656,78.87968546013691,18590200.0,4.982232525494679,1.0,34.21635535992545,89.80595908866218,1.316055679095866,0.17856489818846802,4887326.558034668
51.7271298126559,1.3095446497195269,1.2249357968558314,-0.32792539771943585,1.5528611945752673,53.6437290732298,57.69235125262034,6086000.0,2.4740680459807036,1.0,47.75065990427004,41.990996222286924,-0.6792624440698016,0.25747895306225427,7111474.3277292745
75.30053973174986,15.784376112436973,0.9400080733411755,1.4616991568686495,-0.5216910835274741,93.10733060571421,80.25103187621112,1355600.0,10.543687937902014,0.0,29.96027572522964,48.05914277218692,3.3514554162277657,0.17083399027665766,2314787.7156014047
44.21506296848759,1.059586273813398,-0.12971588295726377,-0.026589535041664197,-0.10312634791559958,54.166633552943544,50.462974000870666,94706400.0,0.7418760523553112,0.0,18.620752876386074,-39.76051516242652,-7.54321908091974,0.10143839690385853,35393804.549009554
59.168926683859596,5.4823797921210655,4.434316518786403,-1.3646420867816547,5.798958605568058,41.940281171784434,39.9360003534465,41451500.0,5.255052755467357,0.0,57.72189311541028,45.595966764929734,0.5676619789512973,0.30771678976332395,29245771.555981215
30.536923604549926,14.793005989612396,-1.8460539009289363,-0.0016914773838960784,-1.8443624235450402,70.31248137356246,47.49353527147195,7291500.0,3.297885970684565,0.0,21.179750593866828,-117.66954407824939,-5.283213686549766,-0.05262870592754323,258338.51797145326
55.17949817867457,7.06834242583335,3.158856063338078,-0.3882382040887338,3.5470942674268118,41.66085455596716,60.07394236111247,1024500600.0,5.004990602277766,0.0,38.07786139965093,65.02920385446845,0.22250467083262648,0.17447899905267497,1495291945.028199
48.52652228478849,115.60559696880591,-27.296764603500378,-1.4750003656975395,-25.82176423780284,46.37388179225751,28.49317030613175,64300.0,180.0302696217138,0.0,8.44571285657023,-59.78621050778331,-1.8034606381018954,-0.0006088006123995077,28956.001611478394
28.76415873445266,7.0208633678736305,-1.6601025232243956,-1.2137469232533924,-0.44635559997100316,24.042470903227972,27.669147925317404,12362100.0,7.707116442589783,0.0,24.590889681835748,-55.331547635648256,-9.300997125282604,0.005435376854649465,14705722.995866762
53.394193772903776,24.699215333875372,-2.377411069938489,-0.2750608234811902,-2.102350246457299,52.13927547958143,24.89663480232007,-3608000.0,27.19680262300349,0.0,12.438238716464364,-15.95395410269104,-0.19195294413229386,-0.09838460822321729,-820143.7687632809
33.26573788034974,1.1586043375518429,-0.19184984543974792,-0.0932386009139013,-0.09861124452584662,22.560918877176007,47.37919608729982,-23269900.0,1.1989796775507338,0.0,11.807160173088892,-43.914152042754424,-5.971870455094186,0.024201697156211312,-19865256.894393444
30.23989119747201,2.888740653674091,-0.8371803959414876,-0.6547262259009216,-0.1824541700405661,24.390113417504814,38.37417280669309,-2973900.0,5.005041232557462,0.0,25.639779700232626,-43.337840635619976,-5.7435384731979395,0.05553262118963946,6709562.118009746
31.091905007094116,-1.1882495522545042,-0.6059293493523796,-0.01704814658619136,-0.5888812027661883,52.14290969234416,62.10495177842594,-15495800.0,1.7256725317220407,0.0,11.911199188622891,-117.5773886800008,-3.7357431379202306,0.06917382213201088,-1700380.986624679
39.475345850553126,1.4781178992504067,0.05196440216214171,-0.182928093058204,0.23489249522034572,40.11463760939923,48.19506802611983,94764600.0,1.947300870159664,0.0,25.72354313078549,-12.299795999634684,-5.615453670922042,0.03256624409828052,42778850.649671026
31.43987167313683,3.7224447479628253,-0.7986864173274029,-0.10077044735917096,-0.6979159699682319,53.333240855695585,35.809484883972736,25748900.0,2.2115097023687538,0.0,18.509531045002284,-76.91022073322954,-6.032782186503093,0.23492019032095512,4119741.2567172903
75.19997367347759,11.95221995028703,2.9307407576752667,0.16290868228658706,2.7678320753886796,98.08528184922092,90.5108534771694,42401200.0,4.255958397818531,0.0,29.948281485602593,104.63554033731701,3.8456744777502148,0.2630034210124202,32212248.58515542
30.09310951118785,-0.15178528390947577,-0.44556507084047325,-0.215832828446643,-0.22973224239383025,32.7172472147793,18.24523236570715,22445100.0,1.6058926455481166,0.0,18.24767724531367,-150.43209042248307,-2.1449137057872525,-0.011163703761809744,614337.1983505969
43.41667079166194,-0.6370704144162573,0.17047821813898167,-0.19896475792899104,0.3694429760679727,46.647181684116404,49.69396558455539,-21998400.0,2.2117363195173785,0.0,12.303446123392163,10.50232200131569,-2.2090264870442597,-0.029688682753391468,1913650.0785925644
57.99123406501026,1.8922605501597332,1.1793291552688459,-0.1504467123921016,1.3297758676609475,72.59264073423115,66.22656446826699,-2415000.0,4.340407639025837,0.0,14.886626552723142,62.075290985588936,1.2686753179267694,0.2021359108385845,4648340.139601891
76.34936146450617,13.769240245273863,1.946316128364785,0.34336125749243274,1.6029548708723522,98.57900859899001,57.57151385799708,1121505100.0,6.447797114756491,1.0,22.899968285186347,98.64305583063937,2.856699813921847,0.16799948594973585,820710823.9312212
65.21616469711216,14.230342936197445,0.42111919566119127,0.23948098224959546,0.1816382134115958,96.84961713451,74.72130465620667,68009100.0,5.467819552800548,0.0,20.355722392254076,39.93094646591994,-0.24883138555029807,0.18961230360134118,25450271.915225513
65.2188599956848,0.28366120727295474,0.1099279886741531,0.0050048383272058294,0.10492315034694727,70.45470801282259,86.23000621000597,41971100.0,0.23523918750566777,0.0,18.785408727161524,108.44117497748027,1.6806787340397789,0.03226815543482771,10109937.638042878
50.055469497955144,9.557544966386786,4.760652627869717,-1.6379544423071382,6.398607070176856,74.09705747837445,77.00203336580974,8498700.0,16.064832894454003,0.0,30.97361274157291,24.58310736722575,-1.180423743531847,0.10611971788633166,2785674.343856854
64.71945359283667,2.301405719408905,1.5780186249354244,-0.2042570548754341,1.7822756798108585,67.02516605549494,58.60220787495454,2202700.0,2.660898113981612,0.0,21.02851999913565,84.91530978085433,2.2534553852076193,0.22407378582772108,11044064.303887185
55.782407182669935,3.944128820259948,2.908784363612739,-0.9189222770371641,3.827706640649903,61.27975215228336,50.28912257009608,4788200.0,6.789265121096566,0.0,31.732991133087175,42.35014677437879,1.1726085394893047,0.3460431247804036,5481431.505560429
37.159588204771936,1.168238688002205,0.16733196455498955,-0.2301741624546929,0.39750612700968246,28.62773550374441,44.049900078849674,32397600.0,1.7623056312071903,0.0,43.85878423212101,-25.8090199399104,-1.8024324731422818,0.009922643457537935,25359489.766308118
56.776324505629404,2.1643882387099893,1.0328221841199365,-0.15441251115255938,1.187234695272496,81.756790426817,81.98200675076194,1600700.0,2.1916806794121517,0.0,36.36442358395217,55.608693628336,1.4006776206709561,0.20438528373414103,5251038.225646763
54.2981707245305,1.6102003658295132,-0.20529498863632512,0.2123784239289095,-0.4176734125652346,74.44660039175473,78.04370493045661,-71652200.0,2.226093428397448,0.0,44.5813087112139,55.665058540432035,-0.038025134416587454,-0.01727746890721932,-29223899.712869264
60.381557159771866,0.7167601201152856,0.17404163696590658,0.008706092347141925,0.16533554461876465,78.20513761019208,65.67628833884523,346474300.0,0.5539768159149173,0.0,12.292646238879486,75.35847633909478,3.9380503302033967,0.11118669913225614,133502688.84197342
33.64336120984862,0.10103846319151089,-0.08831930232481966,-0.03447205261962964,-0.05384724970519002,24.528111763287544,30.074799733913732,28955800.0,0.37183231922740567,0.0,19.451354049166884,-84.19772562327682,-2.6528315327185084,-0.12658981134118677,-83074327.19051456
79.88798452585728,12.58805416525945,2.674270323429994,0.13760250738497515,2.5366678160450187,88.0248316907809,81.01569311053863,102032500.0,3.2686466528596636,0.0,28.609179302378806,128.6261367840398,6.769538246163043,0.3134317487654197,65676685.42280151
42.08052217177176,6.953534252427332,-0.1752681114302419,-0.39505908984086635,0.21979097841062445,49.75965550316455,58.80399485574994,19256000.0,3.643230482321053,0.0,26.302666999704584,-5.891573763113362,-8.17221854270292,0.07091428245247391,7216612.819044414
53.26117288220695,1.3051079522462459,-0.16662909203712672,0.061192927925449336,-0.22782201996257606,76.13192885512001,55.776587594155366,-1798800.0,1.628381488960427,0.0,24.669389167473984,-17.271195813723313,0.7843644942529636,0.04958456978110188,223557.7478912439
47.01638271669662,3.83605035036868,0.8532113583809178,-0.38746704166313206,1.2406784000440498,59.078890042222724,65.43860036580983,10714400.0,3.5887407411546373,0.0,39.24508080424441,20.96602759435484,-3.1483388743442253,0.07228765518049685,4430826.505453737
36.76727782600559,10.06119958853435,-2.02971785504576,-0.5709456205540375,-1.4587722344917227,38.313748224963845,29.482610158541785,919000.0,8.613559750269575,0.0,10.298522541330474,-61.44837957621389,-4.127197554233113,0.10368726028657407,1671366.4027068247
44.61596853989588,1.331029158614541,0.18587175002740253,-0.23598955162995905,0.4218613016573616,52.1740476516924,52.69177510013628,-3896000.0,2.5638928060640187,0.0,20.500297933729264,-26.476656688004994,-1.9989338012011606,0.11753215666097035,-838924.2155159232
54.59787445157281,0.5598428227680046,-0.12416278178546492,0.03848598163731323,-0.16264876342277815,75.0,44.99994913736979,18448400.0,0.6443750793901174,0.0,22.83018768634699,-33.54462939194603,0.9587502864902079,0.11136885355739529,20514275.657189306
42.81237431591962,1.4071671493888402,-0.19784946689910043,-0.09792585759932194,-0.09992360929977849,57.91138323659787,58.13794290244211,-1174100.0,1.7267631286123135,0.0,13.80976130320881,-38.21903173793194,-4.335542690595717,0.0525150424303982,-1774482.9897920443
85.51547962766439,5.199700046984134,1.9814100778679062,0.2266293881914332,1.754780689676473,85.35280062416696,83.31227342266601,44296900.0,2.7647222755876144,0.0,24.977561291541267,139.83828310691786,4.605624997768634,0.19058712144226705,45527530.4411471
68.10466470632578,15.81530721764625,0.012108959138060982,0.3607455475306746,-0.34863658839261363,97.37734207380518,59.24143569646245,19151900.0,5.831574928801281,0.0,13.608249767862041,13.687305249189873,1.344477631640504,0.207621037056413,14529542.20741301
59.23472553937383,5.6813321768278655,0.5231000382316893,0.15936792068845052,0.36373211754323875,66.74642851276099,78.54113950946392,29156100.0,2.8192260597053216,0.0,11.032401719143397,32.88713100454814,-0.5767690775892567,0.11825455212108231,14913410.572485425
51.325920596992994,2.928634486515847,0.09558607515944573,-0.005116587746350293,0.10070266290579602,78.2695862013914,73.47998182844316,-8889800.0,2.464953624704958,0.0,8.949641884153944,3.1946657722429475,-1.6772829190772167,0.0026296489667161187,-3488747.5103598693
68.64802164674941,4.831004767804998,0.2890288151612168,0.25188213054573777,0.03714668461547904,91.586567117645,75.1162388322483,-942900.0,1.7432985238941254,1.0,20.664302273652325,181.73751612317793,3.3018820210074846,0.2524222817389308,15480627.65861937
45.47479955263336,0.6972178733190049,0.6359142851207196,-0.5768233300005094,1.212737615121229,36.36376504293127,23.20456510291895,12607800.0,3.9214933063992214,0.0,33.17581329403844,3.8851930670840753,-2.0256086529233945,0.2207801703021796,6212525.07410913
71.9570800458673,17.439102497798103,1.4618005468733486,0.7125958926257505,0.7492046542475981,97.87242792119109,86.48095173838847,8672000.0,6.055599085052059,0.0,12.325100988764483,108.1381002138368,1.1246614703332187,0.2582784104605679,4687519.965866486
36.96149017787608,1.9869480810105529,-1.1054077173636472,-0.093850161396416,-1.0115575559672312,27.493177756710683,28.073238954163404,43000.0,2.7290857896142375,0.0,12.607153716378269,-111.54102686620392,-4.612238998345171,-0.05721195609263506,3577082.556466827
61.816497688933964,13.433724879790361,3.737072544947921,-0.6748941079518076,4.411966652899729,91.58384760817607,81.04485350544063,11699300.0,9.55590208768386,0.0,30.472394228362546,49.73161079727935,0.6434181839830636,0.0977416470044853,6866763.865751437
32.54513698562288,3.3821066451041872,-0.4748519014941337,-0.5057695715421908,0.030917670048057122,39.289740600458984,48.95368342297533,11599700.0,4.405268820841126,0.0,13.419393341009071,-37.208958415946235,-4.855516435668472,0.03893864036970705,1920886.4169356674
52.045964304078396,7.112562673318479,-0.6793199888024617,0.10143263306851547,-0.7807526218709772,87.55099244533298,61.326441618973,5519100.0,3.4497827475131513,0.0,17.351432830363823,-60.35762605748379,-1.7402682730504067,0.06344825649188571,5880648.608510423
51.280115403865636,5.557865200945969,6.027893370536276,-1.574283023914571,7.602176394450847,48.844423057933234,66.48641262105511,4509600.0,9.176340861702299,0.0,53.23295138913469,53.91298156990427,2.8651026682297047,0.23580046938713492,6355921.325808536
43.591681344758705,2.6148301282291584,-0.06158447500411057,-0.32303538052153286,0.2614509055174223,68.3049580642575,61.70720888401308,9681700.0,3.2611355477958712,0.0,19.666041558334722,-15.85597217132326,-3.9032372277348624,0.14582461202377095,6279007.871036134
69.89507156293145,5.723731971073789,1.2502735465318153,0.021813404996698482,1.2284601415351168,87.18740388764779,69.09669084499289,16962000.0,3.0810240967491747,0.0,15.223505661516079,97.61467750223315,1.2217769424443823,0.18088106994248934,18439530.952212863
67.37009481314242,1.546601964688648,0.11216975333663015,0.11011943234066163,0.0020503209959685242,92.44180372952928,87.82044714917531,-5389400.0,0.871080313969497,1.0,18.6734484582923,56.42267473688078,2.2021613220280583,0.09875298904569951,7232629.50938933
50.97757067443085,1.7407028241739937,-0.08518371833490335,0.03538991932965416,-0.1205736376645575,79.00009155273438,72.56529030049971,-3792000.0,1.350319865477907,0.0,11.388870983271088,-26.82370055495014,-0.6061369805883978,0.13225357643500682,1642201.1786688266
17.7482430441917,-30.53255666137386,-10.68061202301476,-9.791391014911348,-0.8892210081034122,4.286757742873325,40.16057852922726,-8537100.0,28.59750664678463,0.0,14.43221800938067,-241.15737964755786,-16.066200176649996,-0.041973396929405736,4657313.988842298
43.2523053225148,0.37342226007846335,-0.03435059661461537,-0.040854114806368066,0.006503518191752693,64.94848198835929,61.85844420156754,59635300.0,0.5261489080434395,0.0,45.33882577627163,-27.27310478737567,-4.541400676726643,0.14835018414335374,35566561.36814966
80.42871853986111,10.411945416795874,2.48551530458505,0.26424086741554786,2.221274437169502,92.22376108024125,86.53749451950159,6378400.0,4.1533532653557845,0.0,15.340553182076452,123.7792000263947,5.033475462570963,0.270626839891699,13730182.045603456
44.30565088170186,3.485937476195801,0.3627116589894399,-0.43497339208076424,0.7976850510702042,49.62538789925763,47.40714795059401,4041000.0,4.863070275037105,0.0,42.96478019142349,-31.303284689067258,-1.524663495455971,0.13411720427659687,7248738.8933160035
41.63188249237214,0.8402879067822511,-0.5394095109233774,0.014882549276072354,-0.5542920601994498,43.34527141994621,61.00297106772334,-6194500.0,3.181702239139478,0.0,8.996470260706092,-75.83846681004067,0.022120180009822,-0.07512401328112886,-3081091.9817804378
80.43132984894277,16.39542020868805,7.358423502682854,-0.6404277773234135,7.998851280006267,95.3567999458593,92.97365968039348,14698700.0,7.310511119590758,0.0,47.682842835574085,78.53764222036457,2.9342088431334585,0.23090932654735696,7025222.165094038
61.19610413957099,2.0067122715260197,0.22303347389003392,-0.014375386560126824,0.23740886045016074,80.91605054031781,59.542023262834306,14651600.0,0.9488462469635688,0.0,10.590678231597265,87.95729789953388,1.56111599217625,0.2163570437103721,13787516.188912284
49.715566356472195,5.393199012804757,-0.7843673086749732,-0.4993800763524963,-0.28498723232247686,55.17513287444454,31.32513626851183,-844300.0,10.120193185853742,0.0,12.62343272505034,-62.87013487779029,-0.7190119615725052,0.06955358931746514,703834.1359784352
34.090071334068476,10.05172897208061,-2.1809155297314646,-0.7525759440810942,-1.4283395856503704,66.76885971641663,49.83386760104164,1075400.0,4.520023246279852,0.0,29.355877257961954,-75.8068815372624,-7.76878207859286,0.1565514738265392,12794219.671800042
68.90297539705654,27.123251193234267,4.979992850892302,0.3021825941846723,4.677810256707629,92.9442943654218,86.31587229505739,34014800.0,8.057232053092791,1.0,44.487376597906184,99.76772137447185,2.7427934083446806,0.2697075174437589,12617860.313700184
49.283969860249535,8.94960171564162,1.4107644424969976,-0.619171419697071,2.0299358621940686,61.65767187015676,57.717958389081424,-597400.0,9.003996523053633,0.0,19.563994353742014,1.085082115496515,-1.0524986996702927,0.05487274855510168,-219858.04108047206
19.53750206780367,-0.6149327579126407,-3.621370655307828,-1.763795515225115,-1.8575751400827132,41.42530168684115,37.841076765210794,-3201000.0,8.164276428108403,0.0,22.132288572947346,-137.96533599480412,-8.732292542191002,0.11987854144786532,12741047.820271082
57.787907251868226,3.5519791547223747,-0.07634793337874157,0.1979102535361661,-0.27425818691490766,88.62169729425717,65.93196425982579,3105600.0,5.352988498576207,0.0,12.726378652295638,-21.50194627380315,1.7090670200025726,0.08242527027108322,4298427.513027321
21.16236195290451,0.7892228405529664,-0.4010014816452028,-0.07907128619670378,-0.321930195448499,13.815725080874067,30.475565700014517,-166234400.0,0.9919285024157095,0.0,12.141795593142682,-112.27910950132039,-7.474809329219896,-0.06388270496907045,-50984153.75887228
84.32825762924058,17.04957273236876,5.047431434333475,-0.0055051931293776946,5.052936627462853,89.03230433764541,92.22827774554834,67006300.0,3.5767797895124724,0.0,70.40014043487612,124.37541674828393,9.783116546937324,0.2563623530457907,20248635.726827215
63.89792338945372,1.530126674694074,0.6797440621938478,-0.02591398070736206,0.7056580429012098,78.77802146042774,64.12521294691881,16737200.0,1.6380593506054697,0.0,17.451324132266265,97.67511954969714,2.7723225883950198,0.20598849956931298,25430454.48602785
43.98316099589297,11.223021066514207,6.350762370429152,-3.136781752764165,9.487544123193317,38.286568602443104,49.39243639524228,15458700.0,24.532104407992325,0.0,44.915035268012005,9.301586444768132,-2.3271339868953484,0.00313902787868086,3847864.6480230987
59.54842892012818,5.458834926659165,1.0590559350198419,-0.029772801936954085,1.088828736956796,89.40792286860378,69.5580759232487,-230100.0,6.931676860837045,0.0,20.535183274862572,18.451814120579975,-0.512950170446079,0.014809510448992263,-2159342.9039633847
62.02185108350818,7.16197616411273,0.41486185046468904,0.3070873879834755,0.10777446248121354,81.72301822173748,84.13311637088661,6485500.0,3.899954516804753,0.0,10.541032096432064,18.308442891624427,0.02454060309234062,0.16795325541340986,5884453.475738272
39.58579515588526,1.163207925055886,0.231945717302807,-0.3365433533726765,0.5684890706754835,47.48289056626005,51.81722414531908,29389800.0,2.356184534618805,0.0,28.779757421392826,-21.252417759249205,-3.5231500082317586,0.17315938435186654,23743858.398042206
51.33227803144729,1.1983052059736536,-0.007842206982033417,-0.021282972832113826,0.01344076585008041,60.73298115619289,43.76596986693661,-6849400.0,2.23829082796899,0.0,21.912550843620572,39.050425318961835,0.9321510427283705,0.09685055589159901,1808713.2670841624
34.17462416392826,0.2342000009079186,-0.13150082543241126,-0.19953869855058448,0.06803787311817323,32.24311393470092,22.93975162371812,9852800.0,1.3340223387823786,0.0,19.157596755421082,-20.89469598792927,-7.076987264572524,0.1618999406257344,10963221.97429635
44.442132115652605,0.06650705450084615,0.23493146736967674,-0.4776461650502146,0.7125776324198914,40.26408291115655,42.108945013683616,-1665400.0,6.468824394281349,0.0,10.938915924437582,-4.4135118561452735,-1.5427781547739265,0.1157511624771105,-714605.6063060799
57.29360261532629,2.56094500821321,0.5163433677900713,-0.12116696472520438,0.6375103325152757,86.3678832403938,76.8821736608796,3090200.0,2.20654231584084,0.0,14.96992479050885,40.19057617374165,0.20564010346019285,0.23875530860753644,4953670.825692305
60.2260097083327,2.274257930125458,0.18778979269839624,0.05388436612698638,0.13390542657140986,90.55953476584904,52.24246712576925,8472200.0,1.7331741989080685,0.0,15.33777444602217,31.156738305584323,3.8648185186711337,0.1880182575748017,21155932.51523874
69.53850483927226,2.3538478295865914,0.7269873164931155,0.05435024020702284,0.6726370762860927,75.19581439265666,82.58267863041912,180836700.0,1.1063732508937176,0.0,44.08003385401699,127.38759774815097,4.80376975924829,0.02301708184041649,16072199.419834038
35.88792540597261,0.7003120835386198,-0.2092810192661858,-0.32353257711260747,0.11425155784642164,29.306475095196888,39.76427696977441,-31395100.0,2.706880418601406,0.0,18.09304473160965,-22.273626103681604,-7.454026691011666,0.06877045576398928,-6325931.53261097
42.39192110001899,2.6592638111283122,0.12949547629342817,-0.18282651626743585,0.312321992560864,27.43533972807193,41.80823184587715,-28825900.0,2.6074714703539392,0.0,8.565790274461936,-13.369859823127802,-3.115989071079629,0.10655788142665767,62558957.94676931
44.899025623990454,1.0240447805894775,0.6587293572515733,-0.26281307882765237,0.9215424360792257,47.8260565937596,57.97100943229327,29550900.0,2.103554521449014,0.0,25.271906124617107,22.963071573745342,-1.9551916788320034,0.0950819725715901,5333340.9304786995
23.34110405897926,14.88845255943447,-2.087464498140889,-0.6781901681185407,-1.4092743300223485,21.53045230188291,20.682093549127373,-2191800.0,3.7265529039941336,0.0,21.823584115675867,-175.5830721960802,-8.019434314050732,-0.16704027656148637,-1551483.8334928602
56.94305481211861,1.5641327049745257,2.5849130824239808,-0.6937724394979146,3.2786855219218953,60.50585563521396,52.32706513224455,2529000.0,4.843001595250634,0.0,27.00453321873335,46.9577875854696,-0.6764412410547452,0.2106078939401483,4661236.581530336
50.002178563828174,8.827581032650926,-0.05290877993712684,-0.23585254842147685,0.18294376848435,80.4672449094192,70.48234332331687,6159100.0,7.800785196167839,0.0,19.582640769390714,-28.382113484121472,-2.4375311731370624,0.1859834319224278,7538238.2981900815
39.76880557617758,2.764917375445357,0.5389392505706638,-0.39816070423935734,0.9370999548100212,19.715464016642,38.76281512512884,82415400.0,2.8281133173586057,0.0,20.50525294529939,15.149064369918566,-8.962690420302243,-0.03530774347981926,49760724.723716155
42.52174408500551,2.150046270139839,0.24916622799552357,-0.20429526413001847,0.45346149212554204,56.09070543750655,66.84331518007598,28757900.0,1.7560389382044068,0.0,37.940872687181816,-3.6281291380554523,-4.694991029565259,0.14642986460304397,24328709.432920106
30.881385122803415,17.7733416505597,-8.139417587144749,-5.034441994250114,-3.104975592894634,33.970801871986296,27.06555001188663,3188400.0,19.952449460754533,0.0,41.04357686910455,-128.86976827120344,-9.815730718309124,0.09790898789606557,5206440.127093494
63.75687741217231,2.0227520710418787,0.21194566167592654,0.03846263968032737,0.17348302199559917,71.68456429061695,47.672698355210976,-8868300.0,1.3997637982323108,0.0,15.162940963327332,107.03932222372956,0.8984126324638495,0.1092186136161173,892398.2358747735
56.74585027560771,4.811574295866592,-0.5453159417833149,0.23024937333237028,-0.7755653151156852,69.441997867596,45.834047162796686,20612000.0,5.432187030268655,1.0,22.32951556410865,-17.64001242601485,1.2216630475879884,0.1187179695022544,14314862.763037227
38.437093948499054,0.27142196808252095,-0.09428094637945605,-0.2709373502143649,0.17665640383490883,33.435448577680525,40.20079786018376,4314000.0,2.1284056072926236,0.0,22.57207823976457,-38.23343670993665,-4.157711341061588,0.07206410074785392,-4795652.545430463
45.37657112689651,7.375830169108127,-0.36594784318293705,-0.30284508965586066,-0.06310275352707638,41.55837721883964,45.42951881534514,7078500.0,6.427809107916769,0.0,8.289586261718938,-34.237041041901804,-2.6082455255705232,0.09454596728737105,14123163.233484473
41.45247839580108,2.1990264877317856,0.16215636295797253,-0.36089999091767466,0.5230563538756472,43.62938229892202,54.1104777260093,63379800.0,2.587303763810323,0.0,42.103516684536416,-22.820632588201093,-5.634304339708607,-0.10006859927037821,-908060.9521496396
27.125682802877066,6.2702070565911185,-1.67350261902763,-0.1658325163811658,-1.5076701026464643,31.273559219628208,32.692979809012336,-8598800.0,4.938291237421933,0.0,18.915890726862283,-90.97958677848914,-5.118656911186513,0.037053533826872244,-5693559.7190759685
38.42172777528413,1.1190727600497894,-0.36965255977936806,-0.18831691341516932,-0.18133564636419874,18.790567228517805,49.95593633715797,-6729600.0,3.1022718597696657,0.0,15.67019693564283,-80.24831621270903,-3.1523617680168896,-0.013117910894373688,21967089.991611063
51.003246428922225,2.479045279362481,1.5309324212366278,-0.40095116457764357,1.9318835858142713,66.95170009324809,73.97488086268642,20984800.0,3.345837420995734,0.0,46.72196316681214,39.18968013744115,-1.4401845384415626,0.1297157358969154,7399353.494833243
71.75911382083683,8.868015986796934,3.3942925374655033,0.12023242084827723,3.274060116617226,90.34673638085964,90.03645160672549,1956700.0,8.510993430320035,1.0,17.32539807502155,83.4812536062986,0.5360687382291761,0.2979938465427197,2498089.3974608677
40.95888571278727,2.7726170419626186,0.1033728293923275,-0.1923822141440506,0.2957550435363781,40.27776633107552,61.00824123316696,-6198400.0,2.984231850435862,0.0,13.779922607016621,-21.41849603466703,-5.145676263389711,0.011765157998788855,5437811.861985172
50.23579388329284,12.670378004439613,10.08456286022539,-1.781079565261578,11.865642425486968,38.405797101449274,62.91837481427027,536720700.0,15.830117843563253,0.0,41.876894416169286,66.39640264175281,1.0617770413314573,0.10042436015954885,535627008.7814182
49.88561845431171,7.398452032815101,1.7588119602532402,-0.5276010748403444,2.2864130350935845,71.48475379162457,73.76379249532908,53973900.0,5.554276308370003,0.0,24.960944455368093,26.97913891613458,-2.6513313522822424,0.19303471417716328,27502132.505435355
6.572729710066495,14.122011574130738,-53.757135294737054,-16.738202315857862,-37.01893297887919,2.9282736394203477,3.8231596350820127,181100.0,57.88595192780488,0.0,23.210548420443686,-220.3318673173509,-21.386631254703833,-0.1420784288456057,-176144.56794953716
47.9198382916569,1.5224402885560693,0.1897867154960977,-0.1418464030394953,0.331633118535593,63.23985539797643,60.02187858146988,15955500.0,1.722847103990743,0.0,20.673662105199995,0.12783904472349036,-2.592106869346217,-0.09218114044146304,55109.421645361464
46.132175693474984,4.893516834558454,-3.216407125589683,0.6716505792141341,-3.888057704803817,71.1527575646646,66.62787381389683,-25702200.0,12.234041718827761,0.0,22.20544242570545,-69.70124837507016,-0.521074109037885,-0.02585105716509256,-3498811.0033761505
37.34976528234293,5.484271703864081,-0.9765131474739093,-0.28067625757038084,-0.6958368899035284,56.41044033195526,35.29489585708105,25643900.0,2.4845063640890204,0.0,19.40009376603099,-87.20089444861767,-4.615147376810562,-0.0008105206118917819,-1858758.480365322
40.689633696452404,5.268984503979254,-1.1383579701883377,-0.11131975348508893,-1.0270382167032488,55.21228242266781,47.28262671290022,9289100.0,4.051573918046408,0.0,16.431986830207318,-110.82933259149709,-2.260627402141655,-0.026257218700710346,428990.88612832455
22.978333243508942,0.566453819931624,-0.6838427910900862,-0.14446527191603442,-0.5393775191740517,6.443257256098111,15.016628015879883,-33530000.0,1.3358381222446898,0.0,19.233934084627165,-150.97404089518423,-6.800889139161179,-0.062235301768384974,3961917.249636992
58.302332151710125,8.85724935167923,6.349602127309481,-1.1646383002873302,7.514240427596811,65.93228732789778,74.33285449723301,11617800.0,8.980486560093212,0.0,46.163896594434405,75.37696559187836,1.8752178988284676,0.16364854046599828,8712482.968028884
76.6892138041706,58.18358287389174,16.416342716293684,2.3357904608954208,14.080552255398263,95.19655763168376,89.13624308237239,4484400.0,33.66366434733363,0.0,13.539187974263742,112.76304769570899,4.468494956811814,-0.04163527813798113,450210.32577924756
67.40585930289188,6.320697160509212,1.9816846755628603,-0.013281040906439445,1.9949657164692998,77.58637018952508,74.56427698034497,5727400.0,4.918040283179346,0.0,11.403611069744466,118.13214268482943,1.7718783383882415,0.19969817818625207,5161504.977438702
54.05086081182694,0.5024907390610878,0.8439125718322629,-0.2130743886718962,1.056986960504159,67.12786234351817,73.71714453554024,11512600.0,1.5870189559671264,0.0,36.43367191958395,42.275278372063404,0.042109461252709354,0.2604836260503668,10965656.664982703
43.20211817505689,0.8927237706277609,-0.05773189465612205,-0.07661567486998029,0.018883780213858236,65.42547039451658,62.620273224446805,-1584400.0,0.9413386406399711,0.0,25.702856041063956,-27.788470153552968,-4.079651026531506,0.12247114396857928,46363760.02490197
65.96252890253285,0.3295514333055962,3.326612291237666,-0.017901155850752914,3.344513447088419,84.13911770521898,70.18041974966133,245400.0,12.231872811869005,1.0,9.564822528048238,87.51030280554835,0.7438077123426299,0.15458506684543327,1010177.7502260873
64.20973577717716,1.5488478454987273,-0.118427908028778,0.15092976879166314,-0.26935767682044115,87.4847272428507,64.25206538101392,2027400.0,1.1416233389092088,0.0,32.760871744450924,38.57654168155403,1.8236325885267604,0.0374884818468393,6276205.272047074
51.96057372549735,1.2914875595713937,0.2038007258159098,-0.06431447813709035,0.26811520395300015,83.13260210635653,76.54367588697511,39341600.0,0.9076595894145204,0.0,42.401999797637416,23.75822134583727,-2.2207304571646653,0.21897600654297167,48163205.89046952
23.834665520522233,0.5032022079696077,-0.47912327045575864,-0.722090516632393,0.2429672461766344,22.070893117742198,25.79330152128195,-966500.0,2.994244707959527,0.0,33.36974853140561,-83.5213894246391,-6.654835577077021,0.15406623290527588,89322134.38018754
59.84540265410904,2.2824004177846007,-0.1713368860270421,0.13518285674443575,-0.30651974277147787,98.19815794899993,83.84080695640297,5029600.0,0.8811354664874397,0.0,15.742684691763605,-33.22643966855161,-1.1217212496110192,0.14433997468315138,3100021.8600498703
89.5392677140237,93.02599876020184,12.558998132902786,4.464249754451503,8.094748378451284,77.00065091852025,73.74601243076744,8533000.0,15.542356717438414,0.0,39.316032424729926,388.47520876571775,14.504299469844712,-0.24266235571765885,-2005738.3142143213
44.36910081848048,1.7252302927024914,-0.21234626555735758,-0.3379786433544377,0.12563237779708014,56.918500395169495,45.566216794890956,-11596200.0,4.18084082574455,0.0,13.596991501945118,-3.8765878880616045,-3.3991901515878973,0.06162508066533553,4323157.879589866
64.40600714875862,7.860663526777003,0.9069222277102114,0.18425998726572113,0.7226622404444902,81.11589903448396,74.26855090156607,76729900.0,3.703080859347737,0.0,43.554925402666434,57.855062857031115,3.788870513706246,-0.09879923701304746,-8860362.874805178
52.96173640100984,2.427948081759908,0.23686832030230676,0.016964748216331205,0.21990357208597555,74.5160869554517,73.54751015631268,-44070900.0,2.1672166622494253,0.0,12.66447317776138,29.019509145739196,-1.2010038504116056,0.007203639250082977,-21898355.865436703
50.08138666946142,-1.9859035807378405,7.070509887511889,-1.8645684530154476,8.935078340527337,59.088309143347914,68.86556773455128,5026300.0,19.415194672788225,0.0,32.35922325861232,34.789818853738744,-0.6925366442386799,0.060903289351722546,2848416.6969435946
43.43366262633146,21.130566953358198,-14.332081689112272,3.5984772320227663,-17.930558921135038,77.40757855822551,58.39127154946221,-173557300.0,17.868173776229295,0.0,54.656170244501105,-50.212461709395726,10.045561124644198,0.1742194675750662,51466039.12429162
49.73804026977678,3.1949687629745824,0.8363454769951488,-0.3259261419607966,1.1622716189559454,65.97635940921096,65.02663127804084,-109800.0,5.525688395193716,0.0,16.954668769143137,22.831725101234777,-2.8231563413556486,0.04224898116980317,1221819.5109601454
49.882866725167254,2.967931961219847,0.7983618106675863,-0.43192067739572293,1.2302824880633092,54.369006350429125,44.305482914564145,14979100.0,3.915676770599298,0.0,26.18041755663796,28.341396736469328,-3.9195387416521057,0.10603635709077143,-540255.5101508901
44.953113942776454,0.9117885461988138,-0.31903766960552105,0.051087072638898556,-0.3701247422444196,38.70950276134317,49.7858116858819,12353900.0,1.248872371518014,0.0,35.08129689924214,-68.10172384114568,-0.8483773503371267,0.07032812569300723,1030545.8714294992
54.48687252155161,0.19253538728243313,0.7203425261129155,-0.18986320138054635,0.9102057274934618,70.25851154439354,68.82448204112863,4281100.0,1.8728449641214309,0.0,17.524907182480298,56.04955816041909,0.09907705718689643,0.12136981645899508,4083391.660966338
40.767578384142546,10.19232962456681,-2.0335007662995395,-0.6753397013703699,-1.3581610649291695,41.05624344721816,27.57907384461639,7260900.0,5.7278562221470635,0.0,28.459232691392295,-131.6989259636416,-2.992117719842993,0.12318406731685039,4778538.860863714
58.934839707829646,6.750245839195088,2.735272963031207,-0.4913181794651118,3.2265911424963187,40.99707090183841,57.65723091228566,-5999300.0,5.247909456746047,0.0,25.920263679824746,80.2138498120009,2.205891989850244,0.1799526594533187,3943397.104821848
63.84287757984466,1.2738140741379524,0.041834027583703914,0.03094474732053153,0.010889280263172384,91.66648123011193,53.11129661433995,78248400.0,0.7472232364176412,0.0,20.65268235693042,44.85174859310704,1.103954800574591,0.04400720743519856,68986616.24000406
49.03523534830521,13.797830585212523,-1.2143383904530651,1.1900739286602997,-2.404412319113365,60.38819433414764,71.52686914218918,-9889700.0,12.330308700835019,0.0,32.76889451076915,-3.5080531809893043,1.7657311165198468,0.028148836362228636,7601388.671164169
64.12610991971324,0.4582767624694739,0.07708038199792,0.024343477203867835,0.052736904794052165,90.90903836511521,87.2910166904964,41345700.0,0.3022500780733885,1.0,18.939695623481324,56.70604450969795,1.4319796462166638,0.09674411682270037,64617178.67564158
54.76502057665652,0.6704606544732634,-0.0012699734090624304,0.017364853729727684,-0.018634827138790114,80.23251945609432,69.90099886110916,-7850300.0,0.5205750757553235,0.0,10.160996192109181,15.386960110067253,0.25292420432715484,0.04982155674673685,-3469107.514917953
69.66737210842804,12.428855901545433,2.500494536991482,0.08208371641019241,2.4184108205812898,87.5168340808283,78.71356581320092,64232300.0,6.19036562668915,0.0,30.699760307820704,99.02356363022797,0.7976855494924715,0.07635689659281032,14048698.700998567
61.85644450211131,15.907561510097793,4.116351676919095,-0.5064988260505583,4.622850502969653,52.15868056582517,64.34530938307955,87235100.0,6.491559080578568,0.0,29.899883833204864,75.80198070962159,5.59648158770081,0.33660777935482145,45132622.96601574
39.66777119109765,2.0076075877059907,-0.4534580040370315,-0.800511192224317,0.3470531881872855,35.34900753997093,27.159141301096042,5102200.0,5.780618547070484,0.0,34.32134621457243,-123.89996683507819,-2.0367675636633664,0.057101899706925786,7001305.627464852
68.31593426443519,2.954087226127598,0.5520400867618775,0.07509187113237231,0.47694821562950523,91.8644707780956,78.71503248615441,23453200.0,1.358594721072126,0.0,10.77248336889396,154.27176369603268,2.737284149517669,0.2737726042534815,17762950.90891282
58.93963406208702,5.400009715857095,6.670367790982937,-1.1906940210823826,7.861061812065319,73.77379096537814,63.768888184297595,1442000.0,18.457790177468297,0.0,29.13981699930417,65.73272820172977,0.28123749902355905,0.012269887818988336,1275665.186271378
57.21386427450712,4.035352224086466,1.4556320436203407,-0.3996206806574223,1.855252724277763,81.5270971698457,73.13619988604955,9611500.0,4.268804240183609,0.0,35.00390718469666,40.14667048409628,-0.8156693248236404,0.16675959386220163,4193874.560609396
59.26443067014368,0.04556893212032875,0.021791310564768906,-0.001086208514024696,0.022877519078793603,65.21735524853631,62.08983710338462,97469500.0,0.1245357517761717,0.0,20.35012727491036,59.262207255131905,0.6261153212295745,0.20227436419540484,71142404.16657853
71.16176875478405,4.149136841319361,0.35524627800485575,0.12380045200044096,0.2314458260044148,94.65651226041665,76.20236827799893,178388200.0,2.0305069664118016,1.0,12.284467537865906,66.76620551476046,2.4597849342141886,0.18732397885728913,91000533.6395859
68.20899038327417,3.2881581932812196,1.9551769941825796,-0.3162232977305828,2.2714002919131624,93.21668316641598,79.5717803538153,97100000.0,2.5552512185114606,0.0,51.02163981102363,58.679427796630144,0.7307072588704798,0.31613972605451857,54122114.95562802
78.76190127219009,1.4629258642487475,0.29251056036303424,0.053743267189323346,0.2387672931737109,83.70374765908177,88.07095011623215,424716100.0,0.42928230853532917,0.0,26.8102313479114,152.49998946109903,9.08096162504428,0.29798770969127525,72209793.92850676
82.71224681898,13.016833520382704,2.50979013080601,0.40157394328806717,2.108216187517943,91.81093881171495,88.28424883959433,9928100.0,3.8382627662422277,0.0,19.107995911086203,133.93252877650158,5.679324930091767,0.20356434914296584,12589560.475315854
42.155349961565925,0.5243206848294903,0.5634636290375283,-0.5557412673737558,1.1192048964112842,43.3576434213516,61.86533765578677,778400.0,11.745035676416675,0.0,8.968406637224007,-26.839812066681766,-0.6712217941332475,0.04794403702248788,737991.4380112332
60.066664492825666,2.174027138569045,0.15324074741999993,0.08044300720082213,0.0727977402191778,80.22936291237559,45.913988565179295,3440800.0,1.9334849752559673,0.0,15.342872350186743,34.8989653154309,2.411589639673839,0.16571546420318448,5689588.153726502
60.716003602407305,2.573364817730692,0.26184250804948306,-0.006344700869611086,0.26818720891909414,90.56594267398256,76.4326346897296,149544100.0,1.6409816593670143,0.0,30.53340754916361,13.718218725899826,-1.0715671356471894,0.12660888672809548,92508112.63170043
73.57564557140819,9.011524961881634,1.561797147589175,0.36965030235599317,1.1921468452331818,91.50936606090767,88.30106086591515,30275700.0,3.181477687419406,0.0,14.896524854730092,152.8431662373515,5.03097516533125,0.2715155516636995,13686244.768156268
49.7897006635507,4.905324016112502,-0.48334664326293364,0.09722329213786896,-0.5805699354008026,70.3961094584938,63.588717325406805,-44100.0,6.25921614312161,0.0,16.401520160792334,-62.01318997734766,0.08069747182686271,0.019593531991200355,4735703.444202548
61.96499258860335,3.342550784975508,1.4527536038473556,-0.142032668639406,1.5947862724867616,58.62069267911106,76.20677962528195,146593400.0,1.6089414026577706,0.0,60.21775824655786,84.21266976819729,3.618088918714667,-0.01496575960372379,-18270438.448733486
60.74769599877385,0.991707089722734,-0.008898586560377453,0.05225070489824886,-0.06114929145862631,90.95830710608851,86.96486823022805,22261600.0,0.582199390693994,0.0,18.132390284291056,3.0251221249194775,-1.3197965855694307,0.10241243300883404,4676463.775793263
38.60757269570397,2.6468864613690073,-0.5226014098553833,-0.5652592290082916,0.04265781915290834,40.86402373284073,64.57257093837516,12830500.0,6.6234340767651645,0.0,32.04581348694155,-31.733743968497347,-5.772705637450208,-0.011469109750418816,1259394.4620834587
71.84360390677011,4.06569138633666,0.5836314901659634,0.1286787555524328,0.4549527346135306,88.92305814302884,88.54513803732955,81429300.0,1.3768908629545566,0.0,14.532304637322156,126.99213616992078,2.9606905737903104,0.28038558877639,45572069.34629471
71.70412712837552,10.105860628864093,1.5801562110933673,0.5321175373823597,1.0480386737110077,91.48271060570899,83.68619386093162,-2534700.0,6.239607646600276,1.0,24.621003083986977,152.47794645641545,2.109602213260188,0.02360304730002963,-296603.07769368985
42.40630571451415,22.31590434179043,-4.741094901069459,-1.0806191799105909,-3.6604757211588685,90.15153461226251,36.96696614992559,22577200.0,7.63565376132442,0.0,36.5957228213993,-67.80771233578164,-9.82854121839471,-0.005250595333450838,2024446.2386817792
38.132274459014766,-0.057397376527958954,0.16955339338231568,-0.4325792070095984,0.6021326003919141,38.06144994453813,40.804262797620815,18158600.0,2.6435162204217866,0.0,41.22523480274402,-11.201957875501845,-7.138460599459135,0.25984791633560395,20733642.452097833
53.12101792659141,1.886495683480291,-0.19946691807740535,-0.003225776844820838,-0.19624114123258452,83.24301809603932,49.06056728376435,26013300.0,1.5053350560854146,0.0,15.897302786094375,-16.042330709726393,-1.6278467967089751,0.25588999452595035,26942417.2108902
58.782380366424455,2.1673443869988205,0.6601910048000121,-0.12710236120463825,0.7872933660046504,80.46272156035744,68.97442112236604,11318500.0,2.230501043817547,0.0,36.6104825974538,49.116846319485774,-0.14016982133893763,-0.09013153970649448,-1117685.2213760116
36.82368438296318,2.9299176299502108,-0.787411260664868,-0.07964912540465652,-0.7077621352602115,45.0513225116003,33.56014396744359,-12456600.0,2.528189494157928,0.0,14.980881323519924,-104.71293400173322,-1.6347712055450938,0.011571096166908794,6646510.134172749
48.631688399927185,3.3107790975271882,3.197904471526954,-1.152190456722015,4.350094928248969,60.864752692145274,67.63954506264076,4083000.0,9.07567206841979,0.0,35.117322315405055,21.866936747741608,-2.8758226627509518,0.26117005166231594,3198435.4767650487
37.86028521360002,0.7706051884742635,-1.0647148099200763,0.04087919934392392,-1.1055940092640002,44.369372465461545,52.5232486406243,8880000.0,2.606772583189468,0.0,33.485455887617796,-87.9121020039419,-4.714157996213303,-0.04063955486129125,1370694.8769318743
76.82408146274996,9.507769295380655,2.3747032782775648,0.2525284229361384,2.1221748553414264,87.97938718134411,86.4840653566481,34043500.0,4.03058288045254,0.0,10.318304214014507,146.83954116941322,5.1637034388085,0.12765547882980743,14195142.34741252
