RSI,BB_Dist,MACD_6_13_4,MACDh_6_13_4,MACDs_6_13_4,STOCHk_5_3_1,STOCHd_5_3_1,OBV,ATR,Golden_Cross,ADX,CCI,ROC,CMF,ADL
54.81755599524427,3.1778145831657696,1.556796079508672,-0.5501161319854857,2.1069122114941576,38.683061713881024,25.958186121948348,21760200.0,3.7957230076144453,0.0,14.26463559955069,50.21304472352564,-0.07173595294170447,0.2520705892459369,6843807.049318946
52.91139931672407,-2.0293550842776256,-0.035633165256172106,-0.1658729542453149,0.1302397889891428,51.90154499464065,30.99703780677873,2554700.0,1.5636481223631407,0.0,17.111551849039788,-20.531017398723424,-2.682372146191155,0.0893191246611991,4198050.89477623
52.610371585096416,4.092533128496967,0.12116870277421299,-0.16750997507644572,0.2886786778506587,43.72835128144464,21.828449529532804,26663800.0,2.720407367205669,0.0,12.074497789167623,16.29396289290342,0.719749154258039,0.07692242413973052,7966716.879670309
57.97193216012242,5.103813827250804,-0.5830696544009584,0.3165574326021875,-0.8996270870031459,95.13045601222827,62.43471891983696,6693200.0,5.308956608623544,1.0,25.11089537703931,-31.593691210689034,-2.288633627553581,0.16550240398624586,48069514.56260864
49.95182263742584,5.202676942263565,1.200852007447054,-1.0848366800263456,2.2856886874733995,50.43363898434828,37.67393545625526,9825800.0,6.897923687553274,0.0,21.901017826319173,24.31720043189519,-2.0677462006993395,0.20162148789803738,16931511.81868501
61.450278866785446,16.67458751476039,6.715083027072694,-1.4207113555815116,8.135794382654206,37.6582614658078,20.64023864544402,14275500.0,8.759880321891604,0.0,40.287282571120414,79.21727576945958,4.333990896676024,0.038055226754552536,5549369.79621419
65.1335917324169,3.779609833039956,2.1778285711576473,-0.504443343432933,2.6822719145905802,81.73189964676719,38.11973790478691,179285500.0,4.5758682436414135,0.0,26.92894038127333,66.52055445295294,5.956339852400998,-0.13761605345147787,-60915042.887445375
31.874827991131653,0.7015306260014693,-0.3341715287601943,-0.1491423633143197,-0.18502916544587458,29.756078044977137,18.571484271041758,-75152900.0,0.5337559958929737,0.0,30.702172682384422,-66.73119197754156,-15.164281449781013,0.03289565132959471,-9111128.493039079
42.0999058490087,0.3387405769782106,-0.7088729085955379,-0.08418598789404363,-0.6246869207014942,39.153455164541654,22.066954236623427,-2893900.0,2.023180099875876,0.0,33.5218825900138,-115.52905680337673,-1.505157403541893,-0.025355543482388932,1310927.6988605564
53.42735049775964,3.363340510463729,0.08270592091949425,-0.2741147901549903,0.35682071107448454,59.26453496841948,35.87663385781937,432000.0,3.499322707612706,0.0,11.095308549967362,29.57271314562991,-3.7126791884252417,0.1767590934909952,3762864.2546846974
58.56199517355514,4.642504413029258,0.029864095860375528,-0.13227098049643563,0.16213507635681115,74.23617761201552,44.7647523570551,4999000.0,6.503206097197008,0.0,21.796765716735386,32.40690532998658,-0.5973693738565299,0.15419481409296804,2908289.698321828
45.63913526066231,4.791653272745634,-0.1272000042997945,-0.7607845626414262,0.6335845583416317,45.83324061505596,24.46897577540889,28278300.0,4.1984386192402425,0.0,20.017829481792685,6.236274206345055,-3.5839449942340402,0.2449395998604187,43005559.40944442
53.580288944923495,0.7964233367478641,-0.6025252395603644,0.08611617267974103,-0.6886414122401054,67.93645565144098,34.46206634876804,-12533600.0,2.366796794849147,0.0,17.79654771111903,-62.749714325889244,-1.1422788620650222,0.057424533657433115,3856514.722258677
52.27949216419326,1.9145550624865706,-0.2769283072927493,-0.0589876449425982,-0.2179406623501511,66.06786351156059,51.665973503339416,-7559700.0,2.8806328050683585,0.0,10.51599206969553,-40.29037352893351,-4.515184006945141,0.10965142550585083,-3189052.733168604
48.27761491047097,2.650742926686135,-1.2498092393064155,-0.011783601844973957,-1.2380256374614416,46.71876117588155,23.167792698103227,4101300.0,2.504239580436865,0.0,28.12750651856233,-108.29895453838024,-5.213528993085444,-0.01834874571420535,-6364412.583893639
50.98168649799775,12.775710601467608,-1.6769128075641788,-0.605313977531964,-1.0715988300322148,59.51442433202975,30.84834755830867,-1098500.0,7.07333534709219,0.0,28.46690440362585,-42.68450123487806,-5.529098914413856,-0.2544435081387644,1029212.1982971013
65.43631823738649,3.026211651297672,0.8477761125142251,-0.15017738259227054,0.9979534951064957,96.0437843112925,47.58090656884451,433200.0,2.806035712841852,0.0,37.698798847216985,76.20467208514053,0.5076465313260917,-0.009139112321103569,-621262.3853320265
57.47901268067164,1.3181659541098938,0.222717803966745,-0.033399101829376054,0.25611690579612106,52.39439465039635,37.652610310143906,19256200.0,1.322060473995341,0.0,15.978690299254088,85.0986116609403,4.58669274401901,0.23882585193023967,11935111.029991241
61.71058347113259,5.513049704968324,1.047798081436298,-0.22901542519815576,1.2768135066344537,69.37310343205289,38.71052756942139,1673900.0,4.221363480510172,0.0,13.077615711164084,76.54601453434766,2.350730592970739,0.31549292426668807,6532326.585447803
72.71899357923226,12.954907018151744,3.1535402008759092,0.36477564340231083,2.7887645574735984,72.09799941693207,56.57291741154512,249221500.0,5.578307475011712,0.0,20.093390283731214,135.68051088819718,9.11270135731574,-0.04225070995948961,-45734590.66536783
72.30236964408125,12.506183792164904,3.018034907488982,0.35605547643028856,2.6619794310586933,70.0792642342833,54.72239182531431,167675400.0,5.536980853375943,0.0,20.116500999532597,133.17987433449736,9.023683250567615,-0.07994108708368397,-48418294.96873072
60.05039369435164,3.2799812549437206,0.28358037315192774,0.057383925557354304,0.22619644759457344,65.18505541207254,66.65188408476315,15179500.0,1.0292116719835,0.0,15.572094866253405,34.77338572145273,4.6883198124254095,0.15302117366366486,26578752.21824638
62.60376417422885,5.817886767049117,2.176939476463332,-0.49983325689707403,2.676772733360406,92.42083205313651,57.665513141077135,15751300.0,6.3789473635092815,0.0,22.223128021006524,56.55518479221126,-1.2557491971108057,0.13672410755514333,178004568.75639084
49.387119390991096,0.1107703539942424,-0.05359168409504633,-0.011985269754169914,-0.04160641434087642,54.237310052872424,27.99302887513893,-478107400.0,0.20839860693907258,0.0,16.988110954769557,-46.19874325091122,-1.820129266773538,-0.1692903597926504,44111192.87434475
48.10970540764443,1.5461761711622302,-0.3399575869887457,-0.017621711634060233,-0.32233587535468544,44.466024019993455,33.59223885874167,14606900.0,1.8458398991402907,0.0,37.51018452470047,-43.75685204584288,1.330962373539705,0.10776378932256057,1323963.2662163782
51.42622493113415,2.9085107417871967,-0.29673065627716255,0.12927118182490432,-0.4260018381020669,59.81887665726245,48.338434966470594,-9018500.0,1.9770302649972256,0.0,19.74108576886622,-27.856182467360977,1.9011841162031073,0.0784609842845866,4639269.823466145
58.40749908248639,10.781973872453932,1.7201257618100954,-1.0614626471493662,2.7815884089594616,73.476720804613,35.18478810282696,17144600.0,7.567618163457522,0.0,23.858991870601617,39.360780249910775,-1.7262155193087583,0.21792558381237145,17846448.228669353
54.93322088009903,1.5805448222690046,-0.03976325633384192,-0.08407627333977802,0.044313017005936095,59.30231010805344,31.00068298763669,6161800.0,1.6526409477877648,0.0,13.783815911973157,8.976384731865762,-0.35941421752777275,0.05449826817913765,-3854303.185586635
53.93545545993889,8.820854875518847,-0.6570105136632378,0.2443661658056253,-0.9013766794688631,61.815696404706806,38.36222117191999,-2526000.0,5.157831344669351,0.0,14.988370471854592,-33.56591706128847,2.779914789437589,0.0668950270734767,-9064354.507331595
54.41953011166489,7.312047575433354,0.12456415148221822,0.22174724282297795,-0.09718309134075973,62.06039879923169,56.93790204411689,-9882200.0,3.2021827352915424,0.0,14.314136800099622,6.180390651719256,3.8661387009479,0.12615476831749967,-1933863.1615705015
62.19019096059112,5.77955572631322,4.6767541263006365,-1.5277068306521109,6.204460956952747,78.53053640093661,35.144936988620294,3674500.0,11.828584049160071,0.0,19.727471784800844,55.085309953513146,0.3432133002018094,0.16841535741792427,1393269.7937339926
63.61983853498376,2.18889311138264,1.7009092480826098,-0.3877285705867255,2.0886378186693353,90.34937834976427,53.54168258249907,10968700.0,3.603124318716139,0.0,21.3748629627316,63.04868502600569,0.79718621744684,0.16246250590532982,9149822.540665956
69.55959775865965,16.792595735146563,0.676699878108991,0.8628237931013711,-0.18612391499238007,98.29066764817547,58.861823956752744,-15158500.0,7.310572545169597,0.0,40.526787739758625,53.97287199273136,2.605769061614548,0.17214446700443856,19368377.177712653
82.55368980973824,3.644216910034771,1.7363590692319804,-0.14414702038835747,1.8805060896203378,96.64035077138342,57.37757993598768,80340300.0,2.2159974758675602,0.0,48.11978776877074,102.2220656996334,4.582053976476424,0.30266280043604676,60856904.03126921
49.574136851553114,5.963782285296162,1.6413176603482782,-1.6449662231681978,3.286283883516476,50.911639553008065,25.072548109547444,298700.0,7.209510032938478,0.0,31.272476049378195,26.329072153070026,-2.8052855380044717,0.08802191149069884,11288738.782224812
69.0608949942549,-11.123125049263933,3.7043792964573754,-0.5448940518081589,4.249273348265534,93.23483394357791,60.075084274192925,2760200.0,6.952591309021612,0.0,24.891989848908903,75.56039581706804,0.8105892278945671,0.32441172278061575,4029424.3611349193
67.64469490894339,10.657093860702219,0.8668358935511264,0.40605266889681857,0.4607832246543079,91.83522657091868,48.758572712116994,-3193100.0,7.781883820663235,0.0,35.01850997324632,126.13216128484606,3.2497072705148433,0.2311620277601734,8650776.203163102
58.67018214213803,0.8830786596767553,0.05861781193157256,-0.03850331355952839,0.09712112549110095,89.9224049727057,59.3646835673471,-25072700.0,0.7772424197160387,0.0,11.696467418397823,33.562930422163404,-2.2586089170437926,0.13150313490010743,5577665.286795222
39.11686071246291,4.8920445192245126,-1.2854957837529355,-0.7884864887086636,-0.497009295044272,41.48243428327084,25.202476486156172,3693100.0,5.040586602801781,0.0,14.765260177736524,-51.18307927107026,-6.8362817003405585,0.01990017654622707,10783262.276374152
40.13839197905747,5.806636654967178,-1.9428215140560496,-0.8599418684579925,-1.0828796455980572,44.970036444223055,23.05554564519385,-304549100.0,6.280555385364801,0.0,13.772654460207384,-66.50711631724639,-5.019207224843935,0.16049777030909904,250559711.72722125
48.440317464412225,6.898706816920367,0.36741191360295034,-0.9378141049954083,1.3052260185983586,60.73737723590681,27.234781246574155,17564500.0,5.531829862048256,0.0,20.042563052057584,12.62698874795545,-3.392958903191204,0.12637036220851042,38837132.992098376
69.47637147177025,1.827470286129298,1.4423796766200923,-0.27835855201648085,1.720738228636573,99.30235446496691,58.38075305159364,5987100.0,2.1072931749959345,0.0,49.436739349758135,66.46505669780595,2.1963263319893453,0.3124023460228423,20483108.438869316
62.666090448181556,2.277760907602982,0.11302551123301896,0.017089028025278327,0.09593648320774063,89.87014170862835,42.78293356944664,-4985500.0,2.171718226955132,0.0,21.524029977348494,51.774647529529325,-0.010561668737210605,0.20269487302113684,5841914.903631359
51.81554680293475,0.9411149233679907,0.0433290087456939,-0.10312316795587995,0.14645217670157384,49.70943453805419,30.485442233880374,-3117700.0,1.2208521880975003,0.0,18.774390074253347,15.937949744472128,-1.544039477957381,0.12774981738186816,15037745.851663494
46.43913431728586,2.585031224410045,0.8767322482642044,-0.6902777584643291,1.5670100067285335,45.878643984940545,29.841257665253803,145350000.0,3.6120217637957053,0.0,23.025894032843365,28.129504990588245,0.18414013161532017,0.3251067285767997,77618622.05472043
65.68692284757402,10.307493511995972,1.8296098172143047,0.036477849078017766,1.793131968136287,86.08534165253553,47.883381238935094,4311100.0,7.375200846916932,0.0,16.340008358228207,76.77533843074949,3.4623283213498777,0.2567254349789234,8293036.835572286
61.209832975327274,6.615811101944871,0.23565209131152187,0.04532682736177568,0.1903252639497462,81.2453139040402,48.16841273376209,-494600.0,5.471639742453389,0.0,15.81715348995052,48.99647247480773,-0.5295230788515471,0.2423497121366575,2366585.19501069
48.108000066928064,1.1625724298503215,0.006125139657587653,-0.015286063080036563,0.021411202737624216,20.909042043151146,18.064810830489744,202347500.0,0.6055887535141441,0.0,17.070031047052293,-4.426484212748284,1.4068832193502459,0.03663898279095424,22030946.933409646
50.681098141792425,2.465551318924639,-0.25684585282647276,0.04906678425419431,-0.30591263708066707,52.28001678567367,40.64093072407619,8342200.0,3.0564754029254098,0.0,8.96037214393216,-28.16989050177398,1.3724488182127297,0.14066468557863412,6574033.999765516
77.13030128292283,6.802203187002476,3.6071336340960443,-0.27820930398817456,3.885342938084219,66.54102398403057,48.416666269154256,8513400.0,6.617914732734427,0.0,40.49583182468622,84.84176743818614,2.442009838483747,0.12648642327347068,7913104.118458796
85.44815613684649,16.46268042147443,4.787219014780987,-0.1422931143118138,4.929512129092801,96.52684631212698,77.9951002903368,6820000.0,5.2711465539508,0.0,29.038001584831704,116.8647473111003,5.278294109036272,0.5155923100037514,16749415.625484753
26.88003842822869,139.3151233509334,16.356792465895523,-15.39515018924515,31.751942655140674,20.15640645306215,38.2528018804569,530700.0,86.98260216430504,0.0,16.969225712963897,-20.25462068057466,0.8571989386470629,0.07770662067168062,-95308.94837824562
42.695047390926284,5.4187035912186445,-1.727299060134925,-0.4040053581197489,-1.323293702015176,37.44955301228708,20.2137728922195,-7387700.0,4.3679556782504845,0.0,12.24206505043637,-129.0003570355922,-3.418183877079951,0.12128291754379056,2200665.993034527
56.666033258465774,-0.022378582298472338,1.0862484625287436,-0.44788362852289954,1.5341320910516432,59.666301644298436,32.59526583089818,-2563200.0,3.8290206360917036,0.0,20.056373756438486,50.923923480989345,-1.0854097709849968,0.2827830904846241,5838610.946602482
74.89691734823928,32.20251524911248,20.816553900437384,-3.01677907982441,23.833332980261794,92.18398949072458,50.60918659691128,9986900.0,22.309893674265282,0.0,33.40162270881183,82.24995537665757,7.643924883869405,0.24451524898419486,4835701.207494535
54.87609354060566,0.37723212382528715,-0.04562696912723396,-0.03602015843138461,-0.009606810695849352,67.96113448490415,45.929732474384714,-22454200.0,1.088584398461335,0.0,13.948114384496263,12.949135570058086,-1.0366810226512106,0.06447004990553208,21374332.896864004
53.70468614868865,0.9391192988798807,0.25805471738399177,-0.1641411483109363,0.42219586569492806,60.563420010235205,37.19257985342747,6425400.0,1.3498453110619775,0.0,25.303451967577175,27.732296704697827,0.2442251911200612,0.03474179919406255,13268752.151987989
63.503928414928566,1.1412468194940075,0.4750880500277219,-0.143786169178037,0.6188742192057589,73.04694310292673,39.85603785953247,591726300.0,1.1016928776558998,0.0,25.974839928816486,56.70123387988304,1.9833962136666807,0.179968776159003,210735267.95231104
53.03817420718275,0.7700716154807417,-0.07311317484815305,-0.04884602005887377,-0.024267154789279283,60.52634749053354,31.246271615196402,-13273000.0,0.9500185580863094,0.0,17.799603827360432,-27.2763453489394,-3.168125307782838,-0.12748989853473994,-9975083.009964237
53.67451319989314,3.234122501913447,-1.4964468304348202,0.4129639071201887,-1.909410737555009,65.46651204427083,37.413897906038244,-36107000.0,5.085120727448822,0.0,37.11990438999359,-11.072877551854171,-0.4733670858845146,-0.01953453531408856,-7857956.372083164
52.05927186076913,2.430429816518256,-2.785432151199757,0.3844269368435844,-3.1698590880433413,75.31691285347972,35.65995822441373,-11982300.0,9.046895543338755,0.0,28.96527882628621,-61.45808827596613,-0.9994136210107152,0.02802671184599555,6699917.919702815
60.86118185090116,2.3321430377596357,0.4266627688813287,-0.14078777239024953,0.5674505412715782,89.44346412646345,54.66424545185504,28502600.0,2.477364589826066,0.0,23.63286474008602,46.45011056062856,-1.5674001401512547,0.00019045286289509896,4031929.533970803
53.44239207091543,2.2464200030875077,-0.5777860238220001,0.03894215431815273,-0.6167281781401528,68.2170573200315,39.965552715615054,13555900.0,2.3088574501845867,0.0,17.9856179168138,-52.270272023642406,-9.518781469392547,0.058733797995511414,3304493.334049223
63.95627439133855,7.322706485388963,1.6003925910651446,-0.08980618817483954,1.6901987792399842,61.73178642820914,43.90690657911788,-3139100.0,3.6780755121120947,0.0,16.869271556783925,111.30830473738042,3.2073937418236227,0.24991772788588085,4326121.434127902
60.88641011884107,18.759518438555688,9.60526110790272,-2.5911320811715015,12.196393189074222,63.69612270193921,34.2696410660029,3378200.0,21.25229836548511,0.0,16.451488615364045,65.21825439435966,2.4310279756509217,0.127124765577872,2288435.164657912
44.38300418850395,4.8831273179504535,-0.633535300846404,-0.7389574934013055,0.10542219255490143,51.445628212164735,28.173942745584053,-41042100.0,4.8313926620829655,0.0,15.803974905160585,-18.139165742385423,-6.510065065934354,0.07351818643208208,11802552.77644502
75.50240377811234,1.1703288277635409,1.3862368841945027,-0.21426982986630816,1.600506714060811,92.51989198703605,55.82411159958723,66645300.0,1.773711935609732,0.0,30.258771177593957,78.98922543573403,3.5935762774352726,0.19389832401255286,11936356.544828568
43.58716809211854,0.9669043033465812,2.9494216016598216,-1.2151968506100932,4.164618452269915,23.10030301156391,27.572881973070903,119953000.0,5.163358696951379,0.0,40.789582976847505,50.09214210557384,1.2592555358745638,0.10121938506554583,28188107.423120633
78.12150692148082,291.6078851629827,78.4144630252622,1.0867255158168518,77.32773750944534,90.4926600212659,78.55205267528483,1798000.0,124.17386674053922,0.0,35.688552231264495,155.6507184269937,4.942261456067763,0.2560635188839112,1892102.0196796195
68.07363038343084,2.1080198520367333,0.6592839964010011,-0.06920102122256666,0.7284850176235678,74.49856921439049,42.597916088267844,60800500.0,2.045961729422443,0.0,33.214651908320064,122.54366911015192,3.207927806216499,0.25128793101412417,40171310.85004545
47.60640831156708,2.2840935876424027,-0.26200494409262376,0.0833598674974323,-0.34536481159005605,23.46362286008989,32.687506144400864,-33173200.0,1.373962527847922,0.0,42.6418330521003,-33.962463314185634,-2.6774614100381484,0.0833690556983553,46916959.84392253
76.93161197083333,12.166041184050869,6.250859433226111,-0.7874378969724347,7.038297330198546,91.7635125944063,66.4938651993855,289878600.0,7.876492728621445,0.0,40.636529877576045,83.29786273813983,6.349847436212884,0.2552710013868954,254841594.24428672
56.753259701417804,4.7710192701209735,0.5231583625089513,-0.25147646919406386,0.7746348317030152,62.93901248482059,35.066422017438846,1779900.0,4.5837600226490745,0.0,11.592775458353891,58.67855277857236,1.2402456880645245,0.1632034794821193,2850408.990695904
61.998052705364586,2.602144812031824,-0.0017427564308150068,0.1289966452949504,-0.1307394017257654,60.050300383770455,35.6783842535262,-2059600.0,2.4244924732531694,0.0,39.27400182027522,74.0231873458155,1.1917656819838904,0.16972317136570997,8958999.753491312
45.49280076156525,0.15232371062720773,-0.12783758436662396,-0.10296237335176522,-0.024875211014858734,40.07792670436835,21.18946524833579,2045000.0,0.8373629911090839,0.0,18.992547806378788,-54.50882585834592,-2.0408090445523785,0.001808382254479574,-4683569.268666468
45.25267507799344,2.674428491769987,-1.7147425791707462,-0.36082694470429866,-1.3539156344664476,45.15540529231593,25.411102533382362,-5373100.0,4.701495056307778,0.0,15.90806384394069,-55.259035975400124,-5.500464430267081,-0.0813876672507305,-2134059.9383714357
53.227194152111984,2.406351704135119,-0.012301965244660096,-0.11943689558112174,0.10713493033646164,58.40701093432988,38.65354809184908,2543100.0,2.2131877727163034,0.0,13.75187612577741,7.151838272458164,-0.27930238732011325,0.033387869368649084,7340926.396476788
63.32824143945627,3.8494920958900423,0.1544589218484731,-0.05373739242139597,0.20819631426986906,71.77768283420139,34.81177035966113,-290400.0,1.8765306766946253,0.0,10.992106806003264,65.5410112300604,0.7357325450389174,0.07060830121391899,8335947.521228444
54.5300994251773,0.7648055711944721,0.9362587479642173,-0.39721257689339273,1.33347132485761,34.66206522673331,20.690724722639796,4607100.0,2.3757174167273045,0.0,22.342811857560424,47.51035339927872,1.4069892094356728,0.22330145066571389,7097243.170181841
72.98849218373387,-26.248934373740155,4.114895552612097,-0.6556829274234275,4.770578480035525,98.28020530475581,54.853342407849766,15705900.0,7.84190057380743,0.0,44.35459274951143,94.19146881995519,3.6276735917958347,0.10269635695282876,11603337.759713428
41.860730517035705,0.5611729367750726,-0.14921194364485402,-0.18591318371540724,0.036701240070553226,49.416366092235535,31.84725302118241,-13298700.0,1.1588665104800355,0.0,34.87848263270411,-19.13107542736633,-6.083776357538589,0.1131166370663137,32298414.064073946
42.721002418818316,3.1468987096427554,-0.7631076419310148,-0.3311931810594285,-0.43191446087158625,42.79946399141565,22.840444228692593,-6104400.0,2.5311670688924006,0.0,14.2469419484309,-81.04076821835683,-3.253463822173465,0.09508061826510898,215819.58179895557
44.18735077552941,0.44931049937790846,-0.46790703032734626,-0.033102041327853826,-0.43480498899949244,45.129879378699364,26.135202962714867,-25526700.0,0.8734139246297581,0.0,38.459363870647216,-126.57268927101023,-4.451860142621283,0.04374753969525679,-10382250.13669519
54.38103930741511,7.624130244057909,0.10046808388764816,-0.6743931174758899,0.7748612013635381,62.9143864582545,30.553502646164173,16400100.0,6.434814994321862,0.0,24.55242819540841,6.894869445593447,-3.6443788371139805,0.035742901350664956,7550199.3838543
70.25780608620427,5.153093156662834,1.816407549336617,-0.2008166888092613,2.0172242381458783,69.01395586240245,42.64713656458391,23205500.0,3.239444666503174,0.0,22.658617137606335,86.01966616446109,4.0775116119573385,0.3221198630541908,22873343.5156978
28.400678969586714,2.043626613002509,-1.248578160706515,-0.3158997426533807,-0.9326784180531342,24.54542984976456,18.174339087389242,-22615000.0,2.2800058357289177,0.0,15.761762169152302,-132.1022541453426,-8.832897031230805,0.012292562588068585,2850270.6869199383
72.50815317583086,1.104672277871071,0.6025783770792366,-0.056298663202394295,0.6588770402816309,96.58537946947776,56.06688977692166,180603100.0,0.8924599052205705,0.0,37.82630592487965,84.67621460288458,6.642572419565347,0.401577779333266,246296354.64483255
48.43249598230454,0.7631337299197014,0.528302517665054,-0.4658714272234892,0.9941739448885432,32.58555538133204,17.49021808522638,30152100.0,2.019706974705333,0.0,40.76372947619685,18.10745284353015,-1.5114386893398746,0.20782783716246075,31151602.635687362
67.20370839124146,8.001208221969478,5.012691407381396,-0.9593673294018252,5.972058736783222,89.29832795855322,55.27024811446821,11116400.0,8.827506502540338,0.0,36.636644903978244,70.99195965718856,2.615683051219821,0.06944448643768515,3024347.2459677868
71.89670144313206,12.658980819146194,2.3087951357773875,0.6070778753158741,1.7017172604615134,90.9684264357205,93.18745528817645,4988400.0,5.583276891281518,0.0,16.590608735162448,76.68719764496464,4.585745121907459,0.3622298266372419,2673475.055436215
45.04693317183643,5.72629671387179,-1.2204162569146177,-0.4829777159626416,-0.7374385409519761,45.37369760733073,25.102830960201548,3162100.0,3.7107253242933793,0.0,16.24267438956116,-65.07729812387,-6.616925629475348,0.07943341667401708,5746062.273743151
60.87454070609615,3.000034214238468,2.4278425122726333,-0.8199988714140889,3.247841383686722,74.00873720509377,48.78424963168178,8714000.0,4.947250519625883,0.0,42.99915777858625,48.96446928183304,-1.305405879001159,0.14198013561327372,7386593.125235773
66.71012504154085,11.542587814193496,1.817291627812324,0.2898171387456192,1.5274744890667047,57.61919986049148,47.74110881121191,1540600.0,6.125191114978996,0.0,15.9966720050253,66.13456207484006,5.595001632175697,0.027883615485032476,6840233.483542252
35.01932593323575,-0.14014544279046248,-0.9361004370045549,-0.33930052375362607,-0.5967999132509288,28.971980386983915,13.274195660428049,-10690500.0,2.1134288525016323,0.0,17.882666880741457,-142.1382894906307,-8.302843159996488,0.01565411849607327,17080020.99558811
63.44739654711452,0.8634796037975931,0.025087623533522674,0.056347971257020936,-0.03126034772349826,82.39990234375,67.89873178985074,48061200.0,0.6782386375781024,0.0,15.640018614406458,3.8538307766925617,3.0077402445538604,0.08800492142333702,20053599.15243921
86.96986590595962,6.680935921474287,2.2509663435673275,0.042611310244355494,2.208355033322972,97.33612035689328,85.14381959781585,45356700.0,2.493249066794872,0.0,42.96358552232351,120.63420435925853,9.107139382116708,0.3690741058961663,24571806.921213716
55.236227193672164,2.776035552754962,1.6266361481586955,-0.6979848601549175,2.324621008313613,50.66786251961946,34.86003570086981,-2156700.0,6.357648784140146,0.0,24.341622951807512,44.856040858153655,-3.09617548076436,0.026942848228421218,11399968.093439953
69.91812278726887,1.95942025184479,1.142548152077424,-0.2195870981551833,1.3621352502326074,68.06279271812181,38.67913941052813,131972700.0,1.7755212026293452,0.0,37.19300571531346,82.11998247408265,3.8186651071256503,0.2735926558676225,44624961.1371341
48.877541572310335,4.084798805801029,3.5226908163705843,-2.1184547240904825,5.641145540461067,35.95903747686243,17.451934867072527,16510500.0,11.863619407047127,0.0,27.262899353033415,33.04739746441604,2.1390281486985185,0.01580956344000274,2892945.605993308
55.67690079168192,1.6981993697052644,-0.2747194014838783,-0.044205364771356226,-0.23051403671252207,81.52612533665881,49.980535925386846,-32448700.0,2.9775394477584154,0.0,17.069172357351924,15.713835223760931,-1.4907323393154712,0.018863320295103923,-40747687.66762937
46.44051056561657,0.03766252557275607,-0.016815609552139676,-0.10313664385136538,0.0863210342992257,42.78857792612698,29.421630488872182,-63515000.0,1.2979536763094621,0.0,8.288959090881708,4.839026664104523,0.453119315482764,0.03331693256768501,41111858.98313454
52.66596034109556,7.774376202447911,0.09134798406381606,-0.3166101460070409,0.40795813007085696,51.96870666099112,24.879595855009654,8057200.0,5.265400880822452,0.0,12.292224279995384,14.146191084626908,0.027625441577722475,0.22553493680577974,7638620.579260439
72.70458457541194,5.239297263696045,0.47930700713556007,0.2682331652500242,0.21107384188553585,94.99998940361422,63.153522027502085,-7215400.0,2.144775839236395,0.0,28.68234377340474,100.04222190462437,3.17394890031528,0.2352043835160043,5970845.991084209
43.703937494495825,11.184504516989534,-2.4770081898896024,0.25319528571559236,-2.7302034756051947,32.1518385889279,31.89692858451554,618900.0,8.33272276845516,0.0,24.254540836993613,-56.96633882949609,-0.14568678954372286,-0.05624162230901859,-481335.35308832617
62.060959488731754,3.581644908600339,0.7831867195531004,-0.26199302964513826,1.0451797491982386,78.82192560633979,39.3535012199274,4570600.0,3.2387808354751293,0.0,21.069157113050476,54.95114460704078,-0.35333251953125,0.22391916132842943,2771165.0051969257
82.77161440510866,11.687911664069048,2.8986771689029354,0.09366394983130188,2.8050132190716335,96.14327269058748,82.01209456339815,15012700.0,4.0474676024723975,0.0,28.08876801216697,144.56757518708346,4.2868483054737645,0.36828448353161247,15090679.601906508
69.54664472311774,1.942030440280135,0.9056792211038811,-0.1309528186565403,1.0366320397604214,83.56156151448407,51.51918788234178,145335700.0,1.2891079063980886,0.0,33.57449242611871,82.48920021642273,3.37279372922391,0.1293442320698646,19493553.552895322
65.05186896756427,2.295531929808348,0.7657458334152096,-0.21801870736865236,0.983764540783862,86.81814477464684,44.119679766342436,65183900.0,1.9498288168313658,0.0,32.52408727444712,59.749935055281995,0.7475604474933504,0.1853817518825823,56492588.64765402
52.61269337711495,0.6365747759038669,0.16757617635056477,-0.1780926971359047,0.34566887348646946,57.20318827882928,32.22148808902626,31311500.0,1.1139050517888098,0.0,25.275331474955923,23.88407436818947,-2.813181003486426,0.14170411055371918,21785220.07920611
24.850574065213916,1.0904866040747265,-1.7829660173036928,-0.2266971708015002,-1.5562688465021925,9.700527635565772,12.897064837111616,-7086900.0,2.877799210282109,0.0,34.075676822536465,-144.07098100587388,-5.577283126471336,0.04702768312025686,964170.8367700006
76.06470199976657,20.55432354604818,2.6435170158145525,0.5137408855840935,2.129776130230459,84.97500895790695,82.60643611848836,17354300.0,5.288903857138232,0.0,19.30804200815261,81.70891253618862,5.13549897148304,0.13428400909017715,4134506.395508388
37.71577405021372,0.5954745024830288,-0.5125137974094969,-0.07228653576675781,-0.44022726164273907,30.081297451080932,22.23636358803431,19033200.0,1.480994408657649,0.0,16.360640091167678,-85.38151707536807,-0.3852800590842593,0.12224398973493748,3835169.962642247
58.22909206610526,2.1378318818215263,0.149574007194758,0.045166301514341645,0.10440770568041635,71.24164755161065,52.68686140662491,84133000.0,1.1605851308297355,0.0,11.583529754062111,53.08105470570095,3.2360132885115998,0.06833588538633369,60157103.65488561
59.159701317435335,1.3370156060890395,0.6215413445851965,-0.23238428482000772,0.8539256294052042,68.57143549152772,37.47862949584724,28249600.0,1.7504769274926808,0.0,32.0028590802729,52.41123576355469,-1.0535018918885775,0.12199451661810516,9867984.694122441
63.91542374860175,6.560599342555605,12.8330157783858,-1.3880876651969558,14.221103443582756,46.30561424317679,52.752847145233396,93960800.0,13.935783227841588,0.0,39.48145955626577,80.90823634303918,28.559015696921364,0.12727526377941115,97549726.93776311
65.96181511101689,4.427863850741744,0.46300509034753645,0.1732025675693009,0.28980252277823554,62.619834005679394,68.93103126565005,-27525700.0,1.7799545376041273,0.0,10.299676499191982,132.09390796848922,3.6908244761659734,0.17098688525184028,10259101.597962413
52.23932279345955,0.3740892915497156,0.05749209346325301,-0.061627820392609584,0.1191199138558626,46.45171452268269,22.27146395398886,85688700.0,0.7085088198739288,0.0,14.930528978319916,36.22234359639355,0.6624410545791748,0.045796524516032694,42314416.31433651
55.528148530686806,0.5307920756583222,-0.23130833748804136,0.050294489812137466,-0.2816028273001788,66.18699408996913,40.047926091910334,-27165600.0,0.5206605500750942,0.0,49.632980823178194,-55.97623425185032,-1.758901144597404,0.06999541281485445,-20951774.744245604
24.026370389452467,1.0518554579875854,-1.2592775471553779,-0.4178785117411852,-0.8413990354141927,16.865503065403505,12.896991437173321,8494400.0,2.6625602485200393,0.0,13.412061759377854,-133.4994068350928,-6.493887484891953,-0.2634016273326204,-40901075.550071
45.50302283244115,3.115238277791704,-0.5988959261622284,0.14577185655528657,-0.744667782717515,41.873339610586136,42.199085481149616,-19565700.0,2.2168547114660555,0.0,23.764689478117706,-43.670004156008766,1.271139868784651,0.06874619317940406,1435510.8603611733
40.982328975313415,-2.5966340581757095,-0.8920122482018655,-0.47797558304796284,-0.4140366651539027,31.621692212523197,19.756137354689525,3756700.0,4.04905338863991,0.0,12.415610211100507,-81.98384156816381,-2.101100770203272,0.08679511543379861,4282498.840841315
83.68563445126425,28.60695025877652,10.918481240558947,-0.024163064298610593,10.942644304857557,95.64265855228821,80.85971025639854,58563400.0,11.71627157248667,0.0,52.97825468572202,108.75005406755275,8.483667694949773,0.24523251345752758,23994707.63796804
50.55721867644779,1.8309842374005285,-0.4997683894130205,-0.0820537269142021,-0.4177146624988184,62.62872154459954,30.15836403987636,-6258100.0,2.141042628207187,0.0,11.524756115818148,-70.91436370283098,-4.5594575937952895,0.05791054200281479,5859100.90530473
6.744427019868756,-0.948109952853379,-1.9445859354626194,-0.983261326384206,-0.9613246090784133,2.8730430675395806,4.644398967392274,-7411600.0,1.6916827229233098,0.0,23.02629805935201,-337.81893984646706,-15.025740308100628,-0.19931879764167065,-6121743.709845772
86.57257750528534,2.7427749726552904,0.9595982596108925,0.04951329388186809,0.9100849657290244,98.73938737271659,71.34662790026864,37960500.0,1.2421811601230066,0.0,28.198899341595563,129.9678746992067,6.2805979807850365,0.29538877045551704,33868066.51921413
47.59393247608381,10.322436211775255,-1.5665306529396048,-1.4419144625560858,-0.12461619038351901,45.27282767863791,21.52840240702744,286900.0,10.094645269080107,0.0,13.70294848072138,-17.71144890615886,-4.7015762890986,0.17321666619798926,1808606.226912821
85.97592924695142,3.0508118047595048,1.250109499353158,-0.052618880033278526,1.3027283793864366,99.00223856731692,73.04539613252514,42353000.0,1.3626979966620634,0.0,39.8698225202859,94.04815160724966,3.605068585406279,0.4002825419128376,35720857.64972218
41.381314032537595,1.0938805054949938,-0.6581958522415334,-0.04004801937442393,-0.6181478328671095,35.1421096936613,25.113620065279928,7966500.0,2.0191245164127887,0.0,23.48287026934012,-75.44844228615297,-1.0214866955722688,-0.11558466736929196,-5759374.142908204
50.93256493863486,24.133945739364435,3.748866879142838,-1.849573158062113,5.598440037204951,33.23063678128078,22.604744536138565,13053800.0,19.82641786849442,0.0,24.459069799855406,44.59776628050709,0.1613889262293615,0.2591497565484934,13645137.329794923
63.39951705826743,0.24175916479157422,0.08813534339876483,0.025006117359951202,0.06312922603881363,65.18524588542631,45.679055952174075,5394400.0,0.7604513417259962,0.0,23.285864701260348,52.77054379493551,3.940700099285068,0.03953708596030877,8222893.468955535
81.50882256107579,47.317068251829824,9.97408629232956,2.2353448612217575,7.738741431107802,95.45555219001345,83.00823903499433,33100000.0,17.49862065668913,0.0,26.94610657993626,256.4727430293142,9.961810389364897,0.26137989855383204,34276212.17352685
41.92949001138263,2.1001583383632436,-0.5941700293839745,-0.051663550593589846,-0.5425064787903846,34.93985649389924,26.747054104949786,6200500.0,2.365776303866855,0.0,11.069844596364517,-67.01411735610736,0.06966529905016015,0.09925572223538723,4410456.057737192
73.36198813111915,1.0050000199334832,0.45955502928879355,-0.04468552535816628,0.5042405546469598,89.36172803099375,58.025343561761986,123371100.0,0.6797826669813802,0.0,30.82010571032793,84.39964427571222,3.6951529494148607,0.3250524886956002,125529184.54403546
58.757146037611406,6.965581554477637,3.187621467352642,-1.3674282263464876,4.55504969369913,64.32637208161937,34.7357601455279,3082800.0,8.976051768584842,0.0,18.55757504798484,51.193847676804985,-0.7484191622636913,0.2163299277780455,4789504.503776817
42.41548780299104,3.3919186969355053,-0.9971883154274579,0.04488499855521555,-1.0420733139826734,37.92328749665245,23.916831811635173,14994600.0,2.042216658840728,0.0,20.24477707877295,-73.41448907038868,-5.3541082189807,-0.1120561737254089,-20296657.981987044
46.2709470555658,6.946544526858787,-1.9181610074634818,-0.3734623299350983,-1.5446986775283835,40.56908918867881,24.420778515130063,13107600.0,6.653476108037392,0.0,15.810109590888942,-84.34805794713462,-5.800930662279153,0.06581082788536555,-6764049.1411856115
76.35881329192671,13.133552235114848,1.7056107748697684,0.3779085642060833,1.327702210663685,99.26353249672223,47.32377668970245,10238700.0,4.664811979036729,0.0,13.247884599865763,143.30123118555642,5.003677528987955,0.014249684065595807,4530870.473063381
40.50307161988964,0.1308027824261444,-1.0568922603693238,-0.3731666747048825,-0.6837255856644413,30.32201798299968,16.607483145451244,-2201900.0,3.890031526652915,0.0,17.504834756560538,-109.89521294876204,-3.14338677308131,0.2236862978159958,2991465.1401128303
51.23476661506894,0.5931806374259025,-0.006761531540114163,-0.12189084538153588,0.11512931384142172,71.7105147581056,42.647125130064374,-4550600.0,2.0258505160088616,0.0,8.182891758477217,-28.21099819987092,-1.9630842263416117,0.1125845143332485,7298068.823151561
34.00712338797848,-0.07172526783807598,-3.0223432641436005,-2.324912907233986,-0.6974303569096143,36.245770556947896,29.73241436266881,7687700.0,6.96418428817114,0.0,37.458987885051414,-125.73239646013958,-13.578682184286908,0.2044219913021298,33389031.1197501
45.5349487693052,15.36200963369572,6.12025297469296,-2.6009879045257094,8.72124087921867,15.991712474866016,13.641219571738171,-626300.0,12.778195762202808,0.0,33.41258207368782,47.175470733128705,2.8267644371999934,-0.015263150053302555,-569203.9533779116
79.14960255513533,5.417530778553214,3.6011122434447884,-0.5186349733324978,4.119747216777286,70.76503444171486,46.476710367507906,46816900.0,3.890584450745445,0.0,31.344078367256476,83.58927516954144,10.220460145007188,0.17440480449655593,23543135.54862095
54.526281177071674,1.5327791784566145,0.4724748459304777,-0.293912727249227,0.7663875731797047,56.12475850151144,31.188295583245136,65160400.0,2.0381587745355114,0.0,42.73513367578252,40.661793466507135,-3.118251430679863,0.09563417076472873,55971771.680594504
33.186052004616144,0.6338661715421665,-0.2652283249224823,-0.15258586993363993,-0.11264245498884233,34.74175587024305,25.266411291109716,-47411300.0,1.080739859237262,0.0,10.924470429756713,-42.907743238994534,-6.557373787241764,-0.008700114194511475,-16551109.718011953
55.60755025994156,3.446570635790266,1.2046463562620318,-0.44092852133799454,1.6455748776000263,44.36449128199499,28.461754898419887,27402900.0,2.458667451718738,0.0,48.38694549701807,48.91054848221976,0.329216659905914,0.21452231650616108,23669725.17363398
47.983172184696755,2.983625102380529,-0.2251353439476418,-0.3328720668706287,0.10773672292298692,69.42258978543609,51.213110572860614,-6811200.0,4.688656213019951,0.0,9.810204818568646,4.561737927263174,-3.1304287622225933,0.049621824057570665,-114797.93892286695
71.32076183640717,4.770550341779796,1.5380965124458896,-0.16525633430575093,1.7033528467516406,75.33994892980962,46.888550775760116,11930200.0,3.579106471683876,0.0,43.251524637027124,132.00524183440825,2.819272696253765,-0.004296650491269912,5417472.684178487
72.12363254659651,12.313437924025308,2.5846938004446685,0.18826289521060424,2.396430905234064,56.599034901553765,74.32800961679952,-2323800.0,2.7847585215332367,0.0,25.739651487028688,118.92569845025315,12.839429844053944,0.1869394174890884,20172791.981299013
65.36401892539389,4.985800745207186,1.498294919774608,-0.03596134917241889,1.534256268947027,88.39504033215157,76.00587584017694,72332900.0,2.7740439649995667,0.0,30.022887006632278,112.68824270472705,1.528090573428722,0.08706343957457374,8358691.043488188
60.77126749442733,2.479999103871407,0.5074283313004173,-0.011390294660331146,0.5188186259607485,47.23755770785101,35.616731589223335,51657800.0,1.3414175494413123,0.0,19.12258140848568,117.66149658332775,3.4275316689429665,0.20585922102207804,26539264.835687216
49.17363104072519,8.207746928270126,0.04984575945945835,-0.7515030154432325,0.8013487749026909,35.63833960548992,25.58596347875576,2883200.0,9.890406277385367,0.0,14.269478965023051,-7.309676534041852,0.5081853273054822,-0.04319022894310778,4904537.533541961
63.09108019224574,11.51876580128959,3.5421447075704577,-0.09760297959570385,3.6397476871661616,61.66262926559531,55.0108402892316,38299800.0,7.76344226535904,0.0,16.381005523702964,91.14301327451524,6.6579869233532225,0.22908962786665688,25262400.484393828
53.53371089644887,2.618279578644234,0.8852411432595773,-0.6577232072055077,1.542964350465085,52.25805393077762,29.096054570129734,1660800.0,4.278137136574106,0.0,16.27529505168021,31.0951157448788,-1.105724069823901,0.11479083677885235,4610571.853996649
42.01232919953169,0.34298499574251906,-0.3261140956431028,-0.0799593553310945,-0.2461547403120083,42.50843696917737,25.828620557279493,-91535900.0,1.0451463451267435,0.0,11.335836033472628,-77.32228823302381,-6.649449633250961,-0.07989528677862691,-34520934.6923179
49.41481397119035,0.2865746087899481,-1.105964986443098,-0.11065028789419495,-0.9953146985489031,52.751236126093076,29.619656606699152,710700.0,3.3509510436912455,0.0,13.592437125356795,-96.49113973273577,-3.6943047845751473,-0.07554876295622881,4640779.095498573
57.041193323237735,2.916840277920244,0.2335599185144872,-4.648729392761619e-05,0.23360640580841482,63.651797594527665,44.88053792867601,8637200.0,2.73565722088359,0.0,9.105975758149151,49.98259897861327,3.0202771069337264,0.31170165623235074,14537192.671158228
50.42421745277922,2.9281167307598537,-0.3372295128357905,0.15391106619001083,-0.4911405790258013,52.30249536338745,46.156798891665666,-7737500.0,2.1605014138080594,0.0,15.417781921189045,-31.744452655602828,1.3711747217721204,-0.006604984782605135,5245076.769499168
63.4302492775524,1.0780029316965596,0.41142828853801916,-0.07098248720598843,0.4824107757440076,98.90487779070997,57.98394419320704,-6365500.0,1.9869052325681444,0.0,13.913892775930163,62.908702117686644,-2.8062299624011176,0.0013345967261952,5896936.214269744
64.1934799242486,0.6404678547651201,0.687652218598231,-0.09482237155533757,0.7824745901535686,89.05773525312654,54.05398021575254,-8910900.0,2.38771332959452,0.0,13.93007407270524,74.23415589376643,-0.36244464725179093,0.09554504881352904,3360703.1107844897
68.92899945456423,6.051476211559816,4.527670591862318,-1.05773960239544,5.585410194257758,88.92131444505144,57.93172424448371,9200600.0,9.177361837716086,0.0,29.090256097403167,66.0099436629152,1.8845687209269824,0.18264612225677465,20922601.55583104
68.60422739614239,3.4861545308125557,0.8296161259482631,-0.05010982130866892,0.879725947256932,74.2268365581249,65.6438446312065,26529900.0,1.7626359256871877,0.0,28.737476672633456,110.1268188877853,4.742623779087341,0.16439840107062192,7295524.677208678
79.03556767347811,13.182772738023516,3.2161514960009185,0.16108254527427857,3.05506895072664,99.25837347647807,80.0129454781903,4923200.0,4.775429807693481,0.0,25.778713079858942,156.63303676801706,4.322546150372586,0.2035160621572472,6560787.7696527615
52.14435365392969,-0.39986308522082226,0.09001305842238594,-0.08480642329939042,0.17481948172177636,55.97479900865864,41.558195511649096,9893800.0,1.4382371893628887,0.0,14.25772232721532,32.8282763700675,0.9547331819639553,-0.07877788676316302,1950399.0509226234
52.93289103434313,2.433773460785858,0.12216226070118807,-0.17549736423613732,0.2976596249373254,48.4412821024167,23.36782381817227,33498300.0,1.6474352475197427,0.0,23.245517508338402,16.1679676094726,1.8983931965387029,0.12897073849980328,31037323.12931513
32.87234368266052,1.667758629418131,-0.75818245367077,-0.39923923102268705,-0.3589432226480829,11.754360134384495,7.340003734797893,13156800.0,3.2916458380595146,0.0,16.30666873436194,-78.29360304905092,-1.5810280316224006,-0.10471066004032464,113984.25060224754
32.639565132982185,16.808378450825785,-8.042846242379142,-1.74823796660439,-6.294608275774752,16.35379412745319,8.983672826073411,-1674800.0,15.04473407414708,0.0,27.10688947009441,-138.83684828085964,-9.769850780329833,-0.06992573555834178,-2001769.3928599032
72.32540158297955,3.759004022523527,1.931253290765838,-0.2006296175539779,2.131882908319816,99.19231883254143,68.83686203425204,40261700.0,3.237647723109027,0.0,32.92960557980907,76.10457146201489,1.7532006561683664,0.1874170151125538,17660902.03437531
30.029173242314275,2.0681060717806616,-2.1949417494066665,-0.7110949045190105,-1.483846844887656,20.324585372727505,13.035345241740865,-47353200.0,3.4420576794206688,0.0,22.798354119453414,-138.4290587427578,-16.103457712042548,-0.1064018533472059,-26482266.279663708
52.42421628483766,1.7189627473737659,-0.022771301074357098,0.02983259358462107,-0.05260389465897817,54.09431676195525,42.018224729595,8051800.0,1.8983018069158326,0.0,20.755294610865032,5.7034936290327085,1.8580068888919972,0.0137472195342577,13316618.467129724
40.81006056397856,1.6727523772460131,-0.5117416214839778,-0.28394406142115314,-0.22779756006282473,45.5026924908972,32.54628119815772,-17716400.0,3.0451060369615344,0.0,11.769649979650845,-36.42849869796205,-2.4811452413071993,0.07785117396233338,727932.851843291
35.88239261775301,-1.2203917081724,1.5111315989025513,-1.5121895354998989,3.02332113440245,28.22364570690872,28.73903386490628,1782400.0,6.4395899859069,0.0,30.22736924604203,15.390954858098864,-5.332267889375909,0.06504795861911984,1728729.5251388052
71.77438497953561,0.1755745894256222,0.6849703680202381,-0.08451061455341491,0.769480982573653,65.2361266873501,41.6093543994504,89044400.0,1.6666980854159035,0.0,30.145003155323074,70.8153543285322,3.7988614994707097,0.12576596329966389,27192153.540231243
30.598706274323835,8.52275018041621,-1.351919553659684,-1.8386177193096482,0.48669816564996427,11.26818211741248,22.397378448273116,25100.0,8.680182188824045,0.0,31.462166441170638,-61.531329768097564,-6.327958860489914,0.18280025839793626,3291786.3173765093
66.61171207035409,27.26980924253496,4.60672462862351,-0.1044357065043302,4.711160335127841,77.31622816805587,57.027768664546024,4136500.0,18.765817051466264,0.0,15.348560300069161,130.18008124943947,1.27060082486131,0.016783151551070297,1858055.2947581427
40.453040308623464,1.9961366442554151,-0.4933062532256258,-0.2025984771477476,-0.29070777607787823,37.612722523884806,21.14910816706367,13440300.0,1.54065587402104,0.0,14.433840750881933,-137.01020181275254,-3.2157951061039998,0.14491114144181444,9482725.823079063
39.19262827849673,5.894643985886319,-4.294050166746956,-0.7461335039292889,-3.5479166628176673,35.72751318267739,22.921676632892936,423700.0,10.290409093944403,0.0,37.15431307728252,-86.3096060619096,-1.135758957319357,0.23293522632512428,261028.69235756312
39.596241815588634,10.318619172947535,-2.7605680401463815,-0.9772688141461834,-1.783299226000198,27.472542548569773,11.345124409551834,-765300.0,6.9648961545439265,0.0,20.24534505504384,-125.3315150932693,-4.086616202692156,0.0454561750743327,-583353.407990868
70.32155137677624,3.594559924533101,1.111463451381681,-0.0073120781921365285,1.1187755295738175,95.73551229161515,49.94572233852546,32136400.0,2.5824836782832565,1.0,21.02139341966648,94.0709992994501,2.6009744987256718,0.12007312917647513,14950223.387291014
54.41384044742597,1.075148418489789,-1.9713182640765012,0.013586569094279799,-1.984904833170781,69.03846675804417,33.34868321926654,-4051200.0,7.716137155676144,0.0,31.124258226618753,-70.2652003631113,-1.1615808421904217,-0.046466741461780876,-340533.9051244856
56.26885691667393,2.370294983942074,-0.12657209473795206,0.09306396693088897,-0.21963606166884103,61.324115734036404,43.892521567327385,7684500.0,1.2419589312673731,0.0,21.151595354716097,-18.81101369639938,2.3841115371170014,-0.019334554705794038,228970.48648982507
65.53405340883533,2.7166623240675705,0.9661981250917933,-0.06278658715173524,1.0289847122435285,60.65984539835484,39.14436623062175,14129400.0,1.622989310104691,0.0,23.35205452014179,101.90456147574751,5.080910529939682,0.2612751411336601,15028581.570972735
49.05646856110327,0.8862706414306558,-0.25637144929300604,0.05488332848564853,-0.31125477777865457,56.44170056214222,41.05307591692312,-43212200.0,0.9193006610262653,0.0,26.05604346490486,-45.92299083383976,0.6879138565967757,0.01072650405790853,12017403.742544496
83.49617370831339,3.6865467458856074,1.9200244261901105,0.05105405011102704,1.8689703760790835,91.86049193678596,76.3925164074651,20333700.0,2.8455387611210248,0.0,17.937890144248858,113.63922267698858,6.27315589528155,0.15663811337517572,10806693.820234586
58.309987629089804,10.54791552094943,-0.3500049265822156,-0.09073903316917731,-0.2592658934130383,95.20769992021229,55.37389023638767,-4238100.0,6.564144592620484,0.0,9.51990174407768,10.450287929138568,-1.3512672686612481,0.11662409483503923,10951446.418980232
51.12588960176225,0.7034883503445997,0.3874648520346824,-0.35055822575298445,0.7380230777876668,45.46647578143641,29.9689045304618,-3725200.0,3.0421285352966243,0.0,15.244172247321604,33.44910719701852,-1.5506573254345528,0.1351878064592382,4651213.026487848
52.00907472850667,5.971744682312902,-0.07446367714868529,-0.2912077543498681,0.2167440772011828,48.390168482501515,31.565663863441518,-323800.0,3.468129496728922,0.0,13.518900657070873,-16.55859177956134,-0.6514884980048997,0.14836457961022745,3588930.99730925
32.66748047872552,0.8483727977206854,-0.8764963753827288,-0.2338320798479745,-0.6426642955347543,33.74734234959989,23.08211688244498,-44405900.0,2.255485055993242,0.0,14.959951363875852,-83.02915748909135,-4.293302401136469,-0.10694409669125635,-24684490.419177733
66.47927236442862,2.533873777616236,3.254830039690887,-0.5284943444373846,3.7833243841282718,69.56170640720136,47.64795956185177,3430500.0,6.523268883079824,0.0,20.494192301689207,79.34460086289819,2.225785660254619,0.26498808598990586,3297258.5126305046
52.339327454371436,7.486204207058563,4.430581346314625,-1.4908500811501986,5.921431427464824,32.65447498757204,29.528663737017883,585900.0,9.263745079928032,0.0,22.744266328294696,64.25241890700728,1.4439080688036328,0.19156417813933826,376984.88515226333
6.541567087766853,177.19043708579352,-133.10262601340332,-48.085867792580515,-85.01675822082281,2.7011108002811115,5.582611389852503,-420000.0,110.35186751040386,0.0,37.11612465583499,-212.82264744534257,-29.407511966329224,-0.3306425010449913,-1584941.8325309916
72.25739174601718,1.625194600873094,0.2779840382058012,0.02129994603398999,0.2566840921718112,94.93659883917448,54.714388804189326,21481300.0,0.9047307556739861,0.0,7.313988363241034,116.86982568478699,3.905174290492499,0.165162827915079,36964278.87470856
51.305112039027165,2.703689408895883,-0.39928623645383254,-0.17812491743387548,-0.22116131901995706,54.03953862021639,27.183251962436675,2821000.0,2.2309734699519574,0.0,11.591712555684536,-47.69562694629043,-3.1463154125812065,0.07207102569582499,1982226.200497067
45.06333929206848,4.800730392884162,-0.84462076621665,-0.7532965319119673,-0.09132423430468278,52.42240855439127,29.540725568409318,-15324700.0,6.21699871942849,0.0,15.207087338685058,-8.442398714048664,-5.662160383859915,-0.08016715319641507,-3610713.391497611
61.15602115072906,2.9760559461033154,0.349104418599012,-0.06494175960481441,0.4140461782038264,67.90118340297113,38.125790000879,7020000.0,1.9345735216255977,0.0,12.013598406011187,72.21320744203223,1.3691707259889512,0.1379975281824773,2179193.3140672897
50.25395448068651,0.9682633663290119,0.011481018434736256,-0.16108239575561892,0.17256341419035517,51.90312514849603,26.451308073587615,13378600.0,0.9272987515811899,0.0,27.420012116684884,4.289824426193429,-2.8032676905362943,0.1153252708280307,15967289.886531873
37.66212468952617,12.552742810210077,1.2868795258630712,-2.5025567649805094,3.7894362908435806,15.46797496356307,17.56663391921751,29213100.0,10.709474892873416,0.0,25.371021907580936,13.722570081984797,-0.3072856831812127,0.17022699456851512,34322278.271762185
43.92720495216065,0.14988196877358462,0.00014593765933312852,-0.04217493945327023,0.04232087711260336,38.56203609744665,29.598280767401974,3014800.0,0.7030143360503078,0.0,18.06687026462287,-27.401391945050182,0.9108275222901935,0.08905985078198246,17824907.95288417
28.142442620521457,15.121691602387983,-6.538609080812989,-0.014924882876483636,-6.523684197936506,14.145050045284597,13.038105629441723,-26983600.0,6.72040876154923,0.0,43.552882289574036,-109.7984029217694,-14.281129905036462,-0.17920903124205545,-40253079.663077064
27.441645386916477,-0.08035706839896051,0.01969010052720499,-0.0558429397892304,0.07553304031643539,15.873073540386587,16.200057308852376,105714600.0,0.2661720148659458,0.0,30.90635843879282,-5.749280851417557,-2.2748793059637546,0.09139864668255175,386229642.82767975
59.786675186591005,2.3660813516623733,0.4124637731293319,-0.010267187032083125,0.42273096016141504,70.53569299832085,51.949960671457426,27475300.0,3.284652878141068,0.0,13.66776695376128,51.22689502653245,2.646018153682054,0.32406115377800543,45220847.79358562
49.37279295192295,2.4796774790435734,0.008533538349453806,-0.2280315972659159,0.2365651356153697,52.328845579029,27.301733781759612,4866700.0,1.7039334492101401,0.0,13.794474409584348,8.140990065628614,-3.905610709046399,0.132468742240111,15658688.10922936
66.89011401206884,1.7641989539226444,0.9508581049871196,-0.15734712167408582,1.1082052266612055,59.216960158810906,35.02863900255732,12811700.0,1.3372507262965216,0.0,28.88827366855096,73.35523870360998,6.447922903815774,0.2195777468222315,11648935.433222413
61.26321625288971,1.4765207079341138,0.7157220017808825,-0.17569801679773311,0.8914200185786156,50.341269290391246,28.648364971297486,3938000.0,1.2441776309355506,0.0,25.66415072073473,63.687829551447756,4.987685230482249,0.24823971225102157,6249562.784240023
69.47586534957681,0.33120587894207176,0.35447321118067876,-0.07428494719487622,0.428758158375555,97.27266579622241,50.03682716946762,27887300.0,0.5429925879118651,0.0,38.9809548548247,68.7492921671961,2.397411422828404,0.21825783200893942,13855423.139523186
70.30468525608347,1.4611357134018021,0.417003316531833,0.055573134317763784,0.3614301822140692,86.73837575764205,74.0692572053842,33766600.0,1.3621539545012606,0.0,17.27281481290619,140.4607331085354,1.3551489926507336,0.20209573566492736,65829507.357391864
70.43013255805424,3.399268533482143,2.0494364082537686,-0.08282933034500939,2.132265738598778,100.0,57.60097525255273,4167300.0,5.411392087101752,0.0,12.301499203879636,79.3165271009616,3.8034139518114207,0.21931279782222177,6957509.928887931
55.86804090995821,-4.097527500106196,2.4335971340278206,-1.0940948185543808,3.5276919525822015,58.22407509000895,32.08068447343201,-241500.0,9.18483607862847,0.0,7.429791778020977,53.98081121455036,-0.46761982288539033,0.030927383021303413,2432478.9782469454
83.95435199965952,23.36335212719041,6.563786210526445,-0.09972323849191866,6.663509449018363,96.49614680939565,58.51657879277111,84908700.0,5.72008212376829,0.0,44.53259247110018,120.44089937287147,10.427039118183453,0.3904237168025856,36153825.992563844
52.74086137827298,2.8029886662759793,-0.08545372660788075,-0.21713268139545888,0.13167895478757813,58.3421041283693,33.61753044781761,-266300.0,2.440648904533251,0.0,13.509527750234575,-4.245873132720157,-4.18296916555158,-0.29356527352641654,-38598431.670652136
92.99222208449618,68.34403651349606,18.48570324996257,0.3263407009366972,18.15936254902587,86.54829281108715,87.21346164190824,62817700.0,16.04766151998242,0.0,56.397486069964565,130.50662437039668,13.172360185207703,0.2178216361841927,28530476.21465137
56.01112834966102,0.7151249204869359,0.15936936554867742,-0.101479241326345,0.2608486068750224,73.28244163664901,41.22790178851355,33468100.0,0.7070088373996396,0.0,28.06423112522396,33.99376344699377,-2.640203131188321,0.1561645509442671,24576381.776039302
57.54372744306363,2.5519134894486655,1.0483905246065035,-0.4631827716621373,1.5115732962686408,62.64770680756699,43.18047542317796,531000.0,4.216989656308988,0.0,25.503398369681133,48.417999990606184,-0.9040181857994183,0.1626575043757955,3981033.8843923067
59.311275364132484,3.113427148948233,1.1365468905754597,-0.2516096755228543,1.388156566098314,62.05825624627254,33.711666868759075,4814800.0,5.248231494143174,0.0,9.235880238589328,82.99340664065068,1.0823996733478924,0.16102388217219937,7465150.583313366
51.764743451383865,0.678204917875064,-0.36990983000522704,0.03818356266066991,-0.40809339266589695,58.783858670577594,41.441500654255144,-50743500.0,1.103976324344342,0.0,30.76544819417015,-65.93435139273602,-1.2946737463478135,-0.013304599442675966,-10091823.08219904
47.29522731236471,-0.4738788788951851,0.3370364047591252,-0.2093372308278375,0.5463736355869627,34.82140728403514,24.93858502624302,9654700.0,1.2342836236883497,0.0,23.67567376982721,34.757106856751314,-1.048176680842792,0.05802855713406776,51060361.82510355
61.844904744995596,4.024318164302159,1.7418491202291762,-0.2783006108220678,2.020149731051244,57.569294987856395,45.20943065370221,2861200.0,2.833522842484222,0.0,23.33414769338691,79.45766991205066,4.328222700022696,0.1823822466392149,6652236.211180679
70.51831685211646,10.915597993483601,1.7382620790637304,0.29245418591164674,1.4458078931520837,88.41293268454673,77.02222953762579,-31419200.0,3.2699084410469217,0.0,29.56398283959627,122.34967588947494,5.076090019801005,0.11331851934804056,31789905.18444047
33.19637699835002,2.5415057176612805,-1.3959594969813907,-0.4562045697459923,-0.9397549272353983,25.142887660435267,12.3484573023554,-10004500.0,2.5765530595927797,0.0,18.773631115682818,-99.78210587951196,-8.888620933245459,0.0626046601702063,-7719843.677226747
64.195995857587,1.6626058579642091,-0.08702175876068452,0.09998329531315325,-0.18700505407383777,87.30163123867916,42.82577839791094,-2535600.0,2.99144057060187,0.0,22.33406948372144,24.6820485503152,1.275680003276241,0.09856015464449262,1967752.99463561
22.73783174735141,-0.8748903846268092,-0.7245595368672753,-0.8239421765770294,0.09938263970975408,4.162471147739067,11.747149693276194,1494900.0,4.471538465751433,0.0,12.294131648973584,-67.89391643515506,-3.2885910256842283,0.20105954084016503,10959331.69183247
71.22633614270184,17.529153800639733,9.126038972058268,-1.2021320239074047,10.328170995965673,94.4839255499154,53.205224947352114,17370300.0,16.75431307131543,0.0,25.251186855382574,81.06913790816215,4.124522695170519,0.10403510799894605,7857631.101664636
32.30489416221504,0.4301303535239036,-0.2160751445048632,-0.06169161947180718,-0.15438352503305602,37.106924274667776,32.87579525255745,-44318200.0,0.7594844543929385,0.0,17.05596793828656,-57.84365868553242,-6.023532643037684,-0.061494833012398754,-6010571.434665085
66.04490112501234,2.901407485201929,1.112737063718015,-0.1802002475773854,1.2929373112954003,77.28397015302134,42.109776775113005,10160000.0,2.428698103914718,0.0,15.877524702563123,82.16623210357159,1.819027012587908,0.19637417471164684,6445857.67694901
69.5093674581529,1.910047907412121,1.2980725083406384,-0.17919564012917588,1.4772681484698142,76.86308828816401,47.063676745420935,26053700.0,1.828866987324171,0.0,36.97410973768383,85.63501122066309,3.839384142762544,0.15887376330410213,10437549.225692924
57.42649985732086,12.959411180560096,5.254052012075817,-1.5439152441911368,6.797967256266954,35.837413558124275,23.377385745951745,11178400.0,9.108666335827953,0.0,32.69873770164101,66.74391692403445,4.274939118993942,0.20295217406453667,8542351.27217435
57.65076581811914,0.8761650482193701,-0.12195184040812279,0.021024858069708857,-0.14297669847783165,62.83188678799418,32.15342270294114,-26812500.0,0.4316675040395115,0.0,30.89705112974885,-29.621861301769368,-0.5675578212784228,-0.059837175030967076,-14043356.837457236
74.74630095359909,3.6325729821205073,1.1889801216822775,-0.03318477868699565,1.2221649003692732,76.47058823529412,44.11647578987717,6954400.0,1.9536558602684728,0.0,25.35661925985632,108.5830959907538,4.526752357241439,0.10789564002976246,9248978.796604913
53.985346938604884,5.217438114672717,-2.0972434281803487,0.3902719573200075,-2.4875153855003562,84.0000250400641,58.551659347731224,-2024600.0,4.23139553823492,0.0,26.031732901978533,-58.93798174843334,-4.782507491548908,0.19698670656376288,8712793.706723943
55.73208562841905,2.086429516393821,-0.317135577104267,-0.02566782907533738,-0.2914677480289296,89.4191836850986,52.97773315532149,-5068100.0,3.1060511443901055,0.0,15.285136188402399,5.147367568842636,-1.9451259168843498,0.05158573471525407,-5759198.505636077
69.2838618955463,0.3688715864712435,0.2267589542635342,-0.025364034700146032,0.25212298896368024,87.50006877465572,51.57656399497989,212681100.0,0.5620657117545603,0.0,30.354189526271558,80.3299270321648,1.127400031115372,-0.012024275119677104,73409800.07993817
62.987097842346934,7.085001474635874,2.224701563534893,-0.7454303412289032,2.970131904763796,80.69625807953487,34.831320521703326,3854200.0,6.250871080027179,0.0,35.540642368931074,58.713689881896194,0.3224792419941356,0.1730356954619103,10356943.090190599
81.09372294063,11.640603463055598,0.5109685580825385,0.5494894755491397,-0.03852091746660122,58.44154895992795,30.577854088438,28035000.0,2.4880180024202554,1.0,20.55524761300928,236.7646825484233,5.713308480180148,0.13919017219623256,17885707.960741874
50.50869379293742,6.028644856260712,0.0784982190481287,-1.0629552355648755,1.1414534546130042,32.342650440424045,14.664190489993198,-22694400.0,8.09918323470931,0.0,20.57607255438827,5.322333765943911,-1.6436980540110653,0.04449280351508834,15229662.472843967
71.3749684479463,8.841445622928745,3.2170751484558764,-0.19895150585088217,3.4160266543067586,94.94968955746847,63.40287072281058,9661500.0,4.36021298309718,0.0,27.904749366666927,111.28984957870772,3.7736355663316665,0.21262654346585755,13584164.131702723
65.25922827058758,1.173234931707789,0.052473678149738134,0.018746089492013722,0.03372758865772441,82.31303108979724,47.200551587318834,-9254800.0,0.6056778770416079,0.0,13.834567336180239,99.37540166763466,2.199666811035642,0.17484682018259604,9520043.823331464
64.92838479213894,0.872948494704973,0.06461682918109801,-0.013760704547102195,0.07837753372820021,97.11541018542547,49.113139037746045,10523700.0,0.46545923357926805,0.0,31.62449170262346,51.1307161658564,-1.4649652549715133,0.03855234567296804,46226363.03569347
84.34533797932266,13.279298573866981,4.101639203336646,-0.10319177193181961,4.204830975268465,98.7755604099942,73.27888097225151,48291600.0,4.580342574077463,0.0,39.01937715551416,131.70070999562935,8.110343516196082,0.3088247306195424,24683257.367441855
51.16256187643844,-0.7735089835943967,0.36553297720214317,-0.16093636909881326,0.5264693463009564,40.62503414849304,24.46973355758058,31565700.0,0.7822276768887371,0.0,32.6430735410997,43.88146308964459,0.28308536113985744,-0.001535718041673171,28185122.689096905
77.59344604084924,14.65205893343466,7.732482914953948,-0.0964393417884537,7.828922256742402,90.16725539536546,83.93676108591738,5849609.0,11.026841121071902,0.0,25.24309825752319,102.4500965445123,5.40418633005098,0.12336677221048238,3308381.3851627186
33.41494843139622,12.970574170865007,-6.079614467883715,-0.9799775794546495,-5.099636888429066,16.088332078906372,9.211742830729717,2720900.0,10.931138355192315,0.0,19.05280699160723,-117.83905853231678,-10.381238605013822,-0.08724061394350996,-36603.960813550046
57.01263399429506,0.391828991474819,0.07553455410543464,-0.05524820563959704,0.13078275974503167,66.66663639129705,36.3576124460608,121750900.0,0.4083802105047864,0.0,32.34947863048973,31.886054115665427,-1.0671693222674388,0.16487148145891015,108899143.16796878
56.55552534081293,3.868716441818947,-0.25382427027901144,-0.04838767449417286,-0.20543659578483858,76.67381270566833,47.96325939714064,2685200.0,5.684133471518467,0.0,20.130891211493463,-45.22641567376948,-0.8270258160718867,0.0995975680412133,3034367.799845159
60.7890644089286,5.673558119013961,2.7136102173293466,-0.8178863238403711,3.5314965411697177,55.15207316976612,26.75014770463851,20898300.0,5.977862590777835,0.0,15.652117572463439,66.38135470413887,3.7604984244995197,0.3277582815283571,36467825.82169597
48.385530325627236,2.6236845408188003,-0.08295946792196673,-0.7439121410158881,0.6609526730939214,46.70228868522656,24.931191130704395,3256400.0,4.5672051914753276,0.0,21.571731673447378,-6.127727660925125,-3.7403812072033826,-0.026428735604825872,984369.2275534482
65.71045808244834,16.903126386655913,7.604191106282883,-1.7446175007521951,9.348808607035078,74.02314202772136,40.66624221275119,3251200.0,13.65762659797469,0.0,52.203432290180594,73.09180067733008,1.3679275484076423,0.21477716229891633,5575005.419333178
53.255067197519956,2.6863477911161056,0.2986914852459108,-0.5056486657941838,0.8043401510400946,51.60434861841336,25.754484193740755,-2146700.0,5.241238368473576,0.0,9.105220294811442,20.79656517804751,-1.4462047670869056,0.06706559562244152,875571.8914188823
75.6876028126515,4.370131346160171,1.110632274477041,0.01691194512162353,1.0937203293554174,70.76917433884752,55.517070562757375,14316200.0,1.8110810458505324,0.0,21.93810335761124,127.1886598230983,7.395234367859197,0.24637344512945372,15519970.544371001
59.46880237196447,1.7093709097402865,0.6036895986440527,-0.260638964930499,0.8643285635745517,77.6674491689069,38.62384735680959,16787400.0,2.088282976107647,0.0,21.304363248183126,44.48029073187076,-1.911848174268174,0.12200351391305558,9631428.090735825
75.17930419136971,7.807443334288905,10.180690200755237,-1.7868817335689755,11.967571934324212,79.95547429652572,53.61772470515177,9287900.0,9.923140223283376,0.0,39.66465540472788,69.94129900290653,3.148388163686464,0.24355213218981867,9253376.3290825
41.36145448666655,0.5698488916513504,-0.18100650714121969,-0.10234704325858848,-0.0786594638826312,36.09462714125452,15.267784026283493,-378681700.0,0.8063814384992275,0.0,9.714230711083617,-47.16135485674504,-7.34896774431003,-0.046228797052635905,232273071.51811522
72.2348502396351,6.294309747911456,1.3413514732312422,0.05989828840258005,1.281453184828662,93.05763279553486,58.529504284170876,809000.0,3.4642878315724386,0.0,15.605263960966912,112.83548187898056,2.940492834949946,0.10096388232781492,3440605.762764531
57.72525963851876,0.7578234761977711,0.06575125499662704,-0.0212623658988855,0.08701362089551254,67.72715213874396,29.90222595561721,5452600.0,1.9861293472856592,0.0,10.675464104868109,-4.963388518231858,1.1656835722794463,-0.06292671802783738,345815.9057646941
55.41013748640437,0.6341147122739059,0.41484629127648986,-0.15782896279376535,0.5726752540702552,44.228010506117464,23.82585705013157,-11446800.0,1.570104031965262,0.0,22.171236015177833,54.23319597388489,2.3309967094979376,0.14117859781697092,22780656.750869792
42.99415519653876,0.6218573939410099,-0.24520262991877928,-0.061000162681632164,-0.18420246723714712,42.50001907348633,22.700198439643106,-19197800.0,0.6336011457653287,0.0,12.209570052710646,-120.5399948006721,-4.561403874051931,0.007979479717754683,695076.6475738944
91.70853309826295,137.07636315086825,23.32071319875422,6.7498131363318095,16.57090006242241,100.0,75.16635973792673,14628500.0,19.243333028073906,0.0,37.51189865555148,272.01737276089403,13.537677160234937,0.09789967321807344,4256790.157953082
52.760358597351406,15.393757167953936,2.022525632909833,-2.0361538351647672,4.0586794680746,71.05703625832251,36.74329970624073,15428600.0,13.958892827746975,0.0,24.401866490419273,37.20112430388438,-2.002028815882295,0.26507075582107625,11870218.38275951
48.14093852172134,0.230576158470301,0.009893984841633952,-0.07889495606877929,0.08878894091041324,54.09837859640949,28.102229117723937,8810100.0,0.4528278132543523,0.0,19.740497089036882,5.271115956782483,-4.036230782809686,0.051206485452822664,-9209958.36101285
39.062145316314385,0.4538066672593857,-0.28604464323260004,-0.058444417953084055,-0.22760022527951598,38.01180549049002,20.407072140647358,-1651000.0,0.6666607734820215,0.0,12.719258948289164,-107.80604862232522,-3.2183257649551553,0.046670731500197064,8220662.535413106
45.80173000978985,4.911151354856514,-2.8160327867573187,0.09203522184869417,-2.908068008606013,52.920007238667644,33.17979837985211,-356000.0,5.869753007194598,0.0,32.26063802070419,-75.68061953951369,-9.985275801650799,0.13979845117871592,9410738.99775658
49.4380505316207,3.0102618747847885,0.4410784103000367,-0.4262004492666136,0.8672788595666503,42.81149186299757,27.83068841371974,20243000.0,2.5422220154741764,0.0,33.77131198142368,23.703747771708283,-0.6432559394609039,0.3085652015330381,12606347.209854579
44.04202215532777,3.032792881602006,-0.04815692318072706,-0.817440719912485,0.769283796731758,33.27123642993052,19.41684859731553,-3165500.0,4.515034105130341,0.0,18.03814643551614,7.713758187556567,-5.863368174508342,0.036971640875242205,5778158.737498331
80.78132877478848,3.411751471336885,3.3191553605193462,-0.4487501406072303,3.7679055011265765,81.55652834510279,45.888019359021634,6839000.0,4.770761067704773,0.0,33.61417888301769,82.0977343131923,4.643958669566352,0.14679212576747475,9685229.8278486
66.60638876040481,4.92827798134698,1.7293241515331488,-0.15425791250676957,1.8835820640399183,67.5628752189445,39.88424671559881,1959100.0,3.685388502081745,0.0,13.808414506053143,86.13136144144903,1.6128991614637886,0.442956099231127,6945787.42818599
67.60828712921912,2.5824388223538506,1.2100232037290368,-0.10213601004574246,1.3121592137747793,93.03973954104077,47.33242854972857,-967359.0,2.8938919348740715,0.0,9.651675210808746,88.03235566358619,2.1687278967298624,0.29880355758471105,7315026.255165113
66.22625260974348,7.078732704530239,0.16279950559120948,0.3249645881351936,-0.1621650825439841,80.03380150152014,67.00601666093065,-21160500.0,2.7644278257414325,0.0,12.711466778198291,32.07509203313792,0.2749441036181238,0.06829825845230493,30931511.029218845
92.82829028022833,6.404550375480255,2.4846842193556427,-0.09207541015196519,2.576759629507608,99.4046348563358,84.72216785869311,90304100.0,2.257690091288041,0.0,48.15753055271119,105.20533245005088,6.024347121440937,0.44197844883831494,45423376.74871625
67.02503713408872,4.355423742669757,2.4246012645959922,-0.5702918346297721,2.9948930992257643,87.1482678560693,48.04948165603687,97827500.0,5.767382352866893,0.0,25.812989822767683,66.84863162011986,2.0150051905116086,0.16751358101007408,27291224.625464246
47.50424259677259,0.06070851399232424,-0.03133708492932641,-0.01280970721906919,-0.01852737771025722,69.23072408652887,49.93022685322438,-1926800.0,0.3968274345902494,0.0,13.099268909861278,-61.03167780388669,-1.3942102534218603,0.113536264973485,6098791.526153132
61.82963610183551,0.4503247744076333,-0.0019248363962560688,0.03299201685034672,-0.03491685324660279,83.33354526149816,51.42115793417341,20787800.0,0.357477483268373,0.0,21.452392395659743,24.217291979865482,0.2430096486344126,0.1082193493426417,7732360.140578132
55.47718577059206,0.35958827356435563,0.08653157669065337,-0.024808770655566442,0.11134034734621981,55.26318431233976,30.954512864716104,29256100.0,0.5830159505288494,0.0,17.30972328987984,37.3598622456451,0.579803185662722,-0.010577061933722789,16961580.36037301
25.79908216486564,0.2558466485644786,-0.2674503508457562,-0.043233370593006,-0.2242169802527502,15.503924108278182,12.974625076066497,46174200.0,0.591507150423568,0.0,27.804858692632543,-124.68265697312941,-1.9098759227247708,-0.06402347447536533,8268062.969474604
51.07452953314828,0.5715735206355212,0.027529622018178657,-0.0656535748479725,0.09318319686615116,54.69685742560378,33.04019277976206,51738100.0,0.44542267312504336,0.0,24.691527090368364,11.751018606204726,-2.9818810910937965,0.14109566975027238,46496275.288295515
58.99961649981391,-1.3923079902428128,2.0953804891568666,-0.7028697781810846,2.7982502673379512,25.744256126901895,17.10263457486453,11372100.0,4.507055765441072,0.0,33.272832778948825,49.92983207416407,-0.22751667273402815,0.1718077669199196,7278990.876577947
75.86503031482444,9.639008141358318,2.005315305666443,0.1343015091336055,1.8710137965328373,95.41841570134137,68.70105885504982,-2294700.0,2.928614650844985,0.0,29.845902783589676,123.63007392701263,4.5218467969326115,0.31398926955081097,12767185.012188375
52.54845038336628,0.693968543456112,-0.04960674243383423,-0.047119667486506166,-0.002487074947328062,50.769248826979904,26.079221196264967,-35174900.0,0.5016017342282103,0.0,13.194038800808908,-3.508098816544262,-2.596195984540307,0.16816633187550353,11673902.561247408
69.07504364925289,0.753315380760494,0.19515607890180675,0.006893459355405723,0.18826261954640103,92.56197695735582,62.33636535563696,134056100.0,0.631444473452802,0.0,12.761042311860024,130.51217998320274,3.222266881450004,0.20144072411767336,60844589.449605964
51.14997611723147,5.9989512854049,0.05094025489955811,-0.6128400825481413,0.6637803374476994,56.923050965081586,31.18799416541471,32194400.0,4.557373365671156,0.0,16.18471171180995,-0.31805770899437763,-3.433958640663929,-0.0054826279801968,7849563.783810365
63.70041273040169,19.34689289161497,13.030395759304724,-3.3297910311368106,16.360186790441535,80.56521806863982,38.58237271878422,2522000.0,26.542957489686437,0.0,36.43766792181255,64.35120443799497,4.0093026189541785,0.24876913023953914,10678113.695742605
40.30276640441537,0.47591482721990275,-0.4663891870284651,-0.014158842126483218,-0.4522303449019819,38.954863332324535,23.089665931448994,-72062900.0,0.59157130702431,0.0,40.26360333769238,-121.82813746808452,-4.689164165939469,-0.005644158440164292,-46115760.61212817
38.02834354266225,1.520889485809505,-0.4598015674623923,0.0016888567516315511,-0.46149042421402386,24.085402729835597,25.114184544369753,1213300.0,1.6079838811890368,0.0,23.41175048682054,-76.76913220241582,-1.2764002153780314,0.010388115633808925,23685750.684922732
91.42068390166466,29.721348339695822,6.28942292814159,1.201806402782612,5.087616525358978,97.05726655701133,82.38800426437058,7274100.0,6.037873328622956,0.0,27.85661113561569,185.6905500358624,13.217019681788473,0.28612960166944756,8485940.16437327
58.6258875847029,8.080200293574876,0.49264078108785725,-0.2939723534425197,0.786613134530377,66.61076896884109,35.7771811238889,4706100.0,5.954202744485957,0.0,20.241544608353003,36.49554701202881,-1.2951302974338919,0.25010093904480757,5736174.305783814
63.54317963723897,2.6735602170457753,1.514475266519426,-0.4060733208112588,1.920548587330685,83.2000732421875,42.493731843570764,66508100.0,2.7391724282780183,0.0,30.505235771880525,61.294684531010205,2.054714214475684,0.1908375976713388,73928046.02987158
62.43530406318629,3.613488967086788,0.03225981103061315,0.017029364657434133,0.015230446373179019,71.93760211108156,35.4833789350061,8840700.0,1.6059207215942135,0.0,17.471867947568917,70.11897680485771,3.8056145284274225,0.15664983353967762,6623924.17733429
63.43607282375084,1.1740764994104822,0.36198661816253974,-0.1495014210764608,0.5114880392390005,78.07308254325122,39.763542499473495,55507900.0,1.2326972922277761,0.0,39.48268119828783,53.9226162611722,-1.7692852342506724,0.2031777959994924,28555982.21558187
28.256810963936715,-1.4929815540974403,0.41050719352460874,-0.9670434651472539,1.3775506586718627,28.023909757432158,33.23212999632242,6831300.0,3.754883454762216,0.0,39.5829564304942,-37.75380370080729,-2.267918104418255,0.2847554651538777,11215148.851372499
51.74419910636139,1.6366849155088659,-0.7490083260648532,-0.15352174632888738,-0.5954865797359659,57.94865223863954,32.98815617511474,-3281400.0,3.0176752637944424,0.0,12.387572721099,-60.63688013036527,-3.962689109671713,-0.010161052600524138,1545407.205077227
47.97745848941855,7.464492082572633,-0.046707204562039806,-2.5543594522539843,2.5076522476919445,41.175080794187885,27.93193214271912,2683300.0,16.372941150529442,0.0,15.81571637402058,1.2269738000282093,-2.7713914536639743,0.12913112590433243,1409647.0071636788
41.53416915182994,18.65125710570237,-14.966723676941456,0.7996357911432721,-15.766359468084728,29.761414134174313,15.143229385232589,-4991500.0,28.188910572446265,0.0,31.350750671847482,-73.78945154415808,-3.8200942598375125,-0.18539688853693545,-4764418.105661702
78.11687945388785,16.790423144592125,3.238367395243017,0.7558111248511974,2.48255627039182,98.7637863601494,78.81602679263096,1137000.0,8.287616394502411,0.0,14.313927838463023,214.80710327197414,2.9774214117989164,0.2970775397392726,9721025.401694901
43.8809890686527,-0.9101562309780888,1.6762724243619118,-0.6362170717457092,2.312489496107621,14.234942114294402,30.442908196445376,20044600.0,3.979668504481686,0.0,19.707093535663702,60.12916222265628,1.555068105469078,0.2109756978657527,20269919.119315688
48.98065490218847,0.4542403997309279,0.03955633207834808,-0.1432712336260019,0.18282756570434996,41.78083533974951,26.158677121613398,3679400.0,0.9731434570966372,0.0,16.975206333810895,22.13068679997458,-2.0626830385231885,0.34342894006487357,16500596.26277176
65.43879592189546,17.76561576041661,1.4897360597145166,0.5858258959234783,0.9039101637910383,73.45486097322713,45.89790436656898,7949700.0,10.159640514255848,0.0,8.8988069514927,52.675221439092056,0.7798635583833785,0.12587184478913652,7728001.255332638
62.8535773396396,1.0821297081927668,0.19060990784124954,-0.0247888340191581,0.21539874186040764,85.87777256856984,49.2901525758841,5151700.0,1.5870152719234507,0.0,11.66064963897371,67.90951630283224,-0.22403602079413906,0.24273036307654797,2819995.6441394705
46.15218022720687,4.051723119486098,-0.7063686561045586,-0.7661597048211448,0.05979104871658625,32.11807548509354,14.053036851397374,-1594400.0,5.615592096778921,0.0,15.35552405363694,-39.67889277626507,-2.9942440318128516,0.043591828028508736,9042500.25275095
61.428988667838524,7.006665664797026,7.45075467729373,-1.5900522783231796,9.04080695561691,55.120839396311645,30.195549906968694,25507100.0,10.3710222207389,0.0,40.38400251447585,66.14799978944869,5.588428441097565,0.14104049292690057,15849479.774463665
53.96576535176706,1.6348088379281975,-0.3733375111808641,-0.05708525970647005,-0.31625225147439406,65.76357341175697,34.8518842098027,-31756000.0,2.0229669307836273,0.0,11.373428591758628,-14.107232118955785,-4.466049886030576,-0.022820645019673486,-7360847.35994177
58.94198953818581,3.1382112113498124,1.1286249898575704,-0.5580786426489817,1.686703632506552,67.4351758204711,35.22265163116135,7765800.0,4.442074213010698,0.0,39.4512395325725,41.43360822650613,-0.3086042635882741,0.06893549130081424,2548777.245243503
69.58143579485984,1.8811687594821365,3.064879798805265,-0.5508520895796432,3.615731888384908,89.82462214433203,61.47287749891302,37893600.0,4.704017965649112,0.0,39.465401306964715,67.70596144018612,3.23111681293355,0.19504338162988769,16253993.11341624
48.5381198914519,5.271272917561703,-0.5071567611337002,0.12650638175656348,-0.6336631428902637,40.04907556850241,43.28387320230018,-1888500.0,5.7847475472750105,0.0,13.156015522591328,-45.72480035055977,0.2412319545531101,0.08826558013650203,-1654978.0428454527
58.332239527558706,8.768148464050029,1.723908959986261,-1.0738681298662152,2.797777089852476,68.58358884838283,30.37895273932015,908100.0,6.686672412149951,0.0,35.24262492029667,37.4884700216755,-1.9025994970457372,0.10541450504823724,4311342.128163064
67.66660902032865,7.085787963539559,1.1139741283604963,0.06845986491662481,1.0455142634438714,85.95950819477011,56.76440884500846,-8976800.0,4.438635314521375,0.0,21.28279185474559,97.63579242988564,1.9821169115076258,0.22483685947306062,6866138.465654916
68.90642004648927,10.026625653033761,8.192340984749876,-0.8029129572896903,8.995253942039566,82.86550155743579,63.71946951607223,1871300.0,12.143361556211373,0.0,41.185956937389236,102.82953474511318,2.6091188550031537,0.23384440211858565,4161123.101694424
46.81283254136845,1.78476540430038,-0.26143807128912044,-0.3208735560571271,0.05943548476800664,45.170996098515374,22.12403894872892,-6018600.0,1.990002937741214,0.0,22.669131268720452,-7.855439734912066,-7.742097737864972,0.12531410936569903,10437983.424828757
54.255469593303005,13.505525315397335,2.1649847408390315,-1.6013942375654864,3.766378978404518,56.05209020026824,25.03115570460194,13799400.0,10.697398392533193,0.0,31.353753646696994,31.192236543590646,-0.6433035800985732,0.19022104735097736,11562809.699100861
69.5064691175013,1.961852634273768,0.16070623342225687,0.0882156596051226,0.07249057381713427,91.00204126740603,51.722252237435896,7483500.0,0.986878950673173,0.0,12.961820683066634,51.77458943699929,6.760563739730455,-0.06690820246833065,2514845.290967498
32.48759693289482,0.9828073975978526,-1.0560480441607751,-0.15267323919511688,-0.9033748049656583,40.00003353583388,23.54775963725262,-20255000.0,1.6131113533391908,0.0,26.01614776652692,-157.55631325152257,-6.1315138488625776,0.10657876733740457,-2918097.8639347726
46.631996321179585,6.122853879686886,0.2184382816308812,-0.27400478065191014,0.49244306228279133,29.184197253417267,23.002713993104294,7832200.0,5.133440041241121,0.0,11.620539917637574,-12.059411005154994,0.9714024906577099,0.1873480410828303,25251696.699989837
62.42156295959569,29.404460893456417,4.698808391933426,0.01713774209694563,4.68167064983648,52.90465247835348,34.26387636879041,6601200.0,16.25931287246563,0.0,10.534593056560928,75.18567677827343,4.779495057317223,0.13133305195951148,5833835.907555104
27.54420081052568,1.6548333665226806,-0.9555882598466212,-0.45103760099796275,-0.5045506588486585,14.970062615868596,8.163974631943626,-14759500.0,1.8118977997558694,0.0,18.106420509970718,-148.19336304173183,-5.395638486362223,-0.013186516042179037,-7188222.481276115
51.95348982424885,2.3279697926210474,-0.3100930801830657,0.21098984065509752,-0.5210829208381632,36.39984130859375,54.23195342768596,-57148600.0,2.2818131625523086,0.0,17.781147595644686,-34.29010427591854,-3.5310256825927153,-0.1199079534370204,-6046593.312522072
63.22656271261467,19.89592018785754,9.083996260586218,-2.3657518071506303,11.449748067736849,82.09522111269615,50.476490039605814,31474100.0,19.655366816525834,0.0,33.773637893290136,58.67255954712326,0.45196732739167317,0.18421551704301906,53386784.25179986
53.77232388999567,1.250640398481707,0.08548191101471048,-0.2271042540710994,0.3125861650858099,60.0,33.294456586853954,26341800.0,1.9690597754540737,0.0,13.455881566122173,14.644663152561197,-1.9965285497735685,0.09199916797413883,6809367.983535804
59.448903493111914,54.21488783381369,9.774965613149789,-2.278706752525812,12.0536723656756,67.47537171456399,35.46197875230303,1407300.0,45.08767668017117,0.0,10.670873896063732,64.77285456446796,-1.0003490870785714,0.15719056294065958,731178.735305951
41.19812494919981,1.5299527296946493,-0.29057500337226116,-0.17191509473227315,-0.11865990863998802,49.30071632311034,30.00977024758596,9835100.0,1.1684471663175287,0.0,27.09351017853796,-40.6309006190608,-7.7034047549001965,0.1491710525250578,23766823.411987957
56.41996523855278,0.9943975141066304,1.415047362065316,-0.5780643797614495,1.9931117418267654,64.7035683549435,34.998331577580835,69607800.0,2.780046204334913,0.0,38.0067171544573,45.97432757624835,-2.995223735273604,0.09752883176447098,61010983.313524395
62.00941741934705,3.035891130304421,2.381048296719669,-0.6446182445999495,3.0256665413196187,69.07474486490459,36.37598244089814,111119300.0,3.7270414617463,0.0,32.41250559851213,61.525675449175075,4.431678727183221,0.2378566077228351,117508122.22489725
70.92861930587631,10.498073699225074,7.141548277624793,-1.1196290330771337,8.261177310701926,97.84045198427484,54.08376234348645,155596500.0,9.181669559655578,0.0,46.26301199943053,90.38553729332651,2.732440134405172,0.11101871231648051,109553872.32577465
31.45686075782089,3.4577907656490936,-2.147674371784376,-0.4909269156887235,-1.6567474560956525,21.940922157731915,10.636182207480191,-6563800.0,3.4648975948041283,0.0,14.116208722423693,-152.43384523339265,-5.744673271876681,-0.05354975378793849,-2106016.4178361185
57.576069419767734,2.7774304484052834,0.2894628352574209,0.08264190348103911,0.20682093177638178,30.314979107398372,32.870249600814006,44407300.0,1.7776614839218359,0.0,18.066309499681015,49.622130976008634,4.124511418190108,-0.13258338363144304,-25128083.383247238
49.834877528523194,1.366138403946593,-0.9272402471597871,-0.22757338557601736,-0.6996668615837698,57.5870239576246,31.114805334093433,-4802000.0,3.378391621631725,0.0,12.672184777585102,-45.18396602369898,-5.723820050273954,0.28736235250784137,4360892.026176
33.15159256898604,0.8388656895657505,-3.596623246655213,-1.2162242059891786,-2.3803990406660342,27.599986683238637,15.798168957010077,121800.0,11.587104395887042,0.0,21.689000099800204,-144.93676577508057,-6.078920101108743,0.020209555545517618,509989.7220270085
28.087059194670463,-0.47345608167753994,-0.6352617862379901,-0.13906539811481067,-0.49619638812317945,11.05258561236444,6.877478079618868,-4899200.0,1.322069426448197,0.0,49.00657441220005,-108.36536298944364,-1.383079391589464,0.08400534153831457,-1712844.8865482206
71.10807209806212,3.0842363310645524,0.07943486698623303,0.19070454137066703,-0.111269674384434,95.6099249340335,78.34325306521087,1186400.0,1.2454071911525781,0.0,13.415312362851306,28.68898482604655,1.6253982455754032,0.15815970740044588,1033258.1983435685
52.88881361859875,25.83962686245013,6.460964063108918,-5.008565895086303,11.46952995819522,66.63056881167407,30.78999265772421,7267100.0,30.823890475362102,0.0,30.32660940862699,30.835001077671237,-3.3430567785402165,0.1347011471521542,5042789.3178967405
84.54564750418855,3.38637378274953,0.8715654367191519,0.04726047698133584,0.824304959737816,96.29631124710366,80.75157870343656,71037900.0,1.1490864406518613,0.0,23.91406378302425,140.10196516154332,4.69360695040819,0.2753647481224066,29064760.185519744
57.67351996658652,12.145235689511196,2.3035331713146547,-1.3624348834514297,3.6659680547660844,60.69776063400599,27.868631702353365,-800700.0,10.947214538849817,0.0,24.094116374310083,44.52954567915861,-1.003974023298224,0.16424795254640323,3321372.9276065403
62.10497726529448,3.2031468111992183,1.3729365390743453,-0.44676852058920313,1.8197050596635485,81.87415839367897,42.71096978753052,61691200.0,3.498303316962725,0.0,24.353397932647116,56.217299301738926,1.6921211998937433,0.18024783038362188,35567414.627486825
81.0451466472299,2.301771294932692,1.016437137789886,-0.09429952067350933,1.1107366584633953,94.15583772188397,55.86238096957504,103572100.0,0.9651009570926229,0.0,67.70715484387635,96.51984480236244,9.408189384953886,0.3158147546832161,56072898.24213892
48.029378893019384,7.908396829675212,0.5537709209685318,-0.3418017056586914,0.8955726266272231,29.159689079573983,19.34364881736182,3814600.0,8.824957236415694,0.0,18.076820413041546,17.658100490838496,1.823641644066049,0.0652237376649099,2099957.4269823614
55.914269276291826,6.574527205441996,2.2260014697608312,-1.0013658135329382,3.2273672832937694,57.21550169962705,34.34393265395923,1273600.0,11.692624325233409,0.0,20.84489664270906,50.982681309255675,-0.10580185202741507,0.12666760409657912,564046.4612414255
78.32088651950441,2.169473064693122,0.9944873777744192,-0.026642022365881868,1.021129400140301,92.44712433847799,71.23796852802364,44616000.0,1.6382494138388206,0.0,32.0693348499685,107.82588158487789,2.8606780911377707,0.25312758206099517,28280177.39787304
61.817297357473464,1.5286957646550121,1.4515090281442014,-0.378268732061124,1.8297777602053253,65.90916972516834,38.095858428365126,21529900.0,2.529052487370847,0.0,46.1309712512435,66.29164088197761,1.9709462921786034,0.3697151361185003,18691167.977772858
79.92057325979579,67.51646684235334,19.891540514018743,-0.8208300228802123,20.712370536898955,99.38908933683206,58.38917174834045,84867100.0,28.1921334095092,0.0,45.188253662476036,124.97715237759448,9.150445611627251,0.3369787179862375,37186744.71449328
60.42079522031738,4.85810204886581,0.36971416722454364,0.20584360407165403,0.16387056315288961,71.89231981708524,85.38489668254454,81060300.0,1.5680911983803987,0.0,14.731705133579649,52.11253854782373,4.286666764279367,0.2713155765084279,107645065.9542748
60.56612508648183,0.6410998895294782,0.07847199026211626,-0.02874531017664489,0.10721730043876115,87.82613599234406,50.115177368731715,24436700.0,0.6149580364622709,0.0,11.408264402673039,42.90289737753802,-0.10608446222448238,0.20746815820271086,20829222.351911727
53.59459435043634,0.8318416627508327,0.0801632067407354,-0.05096421710626933,0.13112742384700474,74.56164420232629,47.13247333773406,10119700.0,0.632537700458116,0.0,9.241678482267556,24.031989685137034,-1.1836096528625568,0.0997346692595124,5012585.060969957
33.42991179345467,1.3318303684336144,-0.48967586158427423,-0.6342124995493427,0.14453663796506847,36.71668645842838,32.65667617591515,31007700.0,2.345587571042637,0.0,28.02800597343167,-35.695463989511595,-2.367630173734302,0.32860164947564885,66168187.95171283
61.85521887826671,2.020263264371799,0.5305265030246034,-0.06426584358923204,0.5947923466138354,90.27034884919767,47.26797636865416,17077000.0,2.0623868791710285,0.0,15.635611817480925,70.54221736066988,0.3994886428334044,0.010026856188190438,19845370.2832764
56.628599046107915,1.159412234970688,0.02056314213331234,0.023832742484935082,-0.0032696003516227406,58.37559520005887,40.77832836002012,2492000.0,0.8713943471816037,0.0,18.801009886781667,33.18838303152619,2.50521683746861,0.09019109275715399,14641884.452819211
50.78873084022,3.1751240662582063,0.2881698446728649,-0.7327509355569939,1.0209207802298588,48.27576924112311,24.4762149220183,-1616100.0,4.808006176505736,0.0,15.98567694294983,15.401358539257592,-2.458130784809883,0.11781708045823022,901150.8537763887
71.76360084510218,4.893885761534477,3.329227330844759,-0.4459344521875588,3.775161783032318,89.86114028788108,51.57912754745151,12301400.0,5.267417018193683,0.0,27.485815648027653,76.88556001224788,2.375472653290333,0.25145626981508035,7721185.44978827
73.22634781209078,1.776743854257802,1.9141587960132114,-0.22186297735798233,2.1360217733711937,99.18365503936921,61.963458068617236,9129300.0,2.59483387009157,0.0,41.17429343331394,80.56272197407125,3.1235166821601505,0.3443378016005997,8569645.021215012
54.62584674114951,14.994556042035299,-1.87497991702719,0.801335350057824,-2.676315267085014,56.00628444243427,41.62029138248973,1053100.0,10.882813962686253,0.0,31.419956419830886,-39.81281211249793,-0.770098174556393,0.15392801363864822,657732.7023688643
52.50741800429793,0.793771553529762,-0.09454288879392436,-0.07702601612955456,-0.01751687266436979,72.61907600223887,36.95266587627202,57962800.0,0.8328449764911356,0.0,18.11893907280545,14.015931235453115,-5.535245363225421,0.22009856084481827,68433557.57703385
66.41162651489351,3.4168583194974644,7.255445966476344,-1.469213666208777,8.724659632685121,50.33331976996528,46.38768909518021,45182100.0,5.761936948033788,0.0,56.77523270911884,66.65499027277706,4.182991186658827,0.3731864847613379,36118469.53006981
24.31678102968225,1.6860244309616519,-2.036347179844398,-0.4824652023851428,-1.5538819774592554,29.365038860607843,20.531848397862642,-2554100.0,3.5050628483041937,0.0,15.698961445706482,-162.41456577203905,-8.941063309682338,-0.05061114836189557,499711.4377343708
70.80083070044593,5.044328845659692,3.6432222519877087,-0.5881862489626748,4.2314085009503835,76.94179431720542,45.22803691601725,1356612300.0,4.744968667696233,0.0,33.20343709713528,77.40971818640334,10.16260162601626,0.35240054070111465,2499973533.7356625
55.58441231442438,18.148578918313433,-15.332913202285454,-5.551885761068165,-9.781027441217288,66.18174510399504,34.69951851750489,-5400.0,187.2792139727315,0.0,10.516961224884502,-12.048180372053627,-2.3260851476946964,-0.013886144525324969,26108.648163383372
44.60721021937748,4.359383215719419,0.20554667348451972,-1.7263719887426285,1.9319186622271483,39.8502048575518,17.694728886901938,12673800.0,8.221630959191335,0.0,25.681087530744,5.176897392747823,-3.9269694878757373,0.08973117987415007,24360644.551181655
42.21952778707079,38.291050777365854,-0.7443473207172246,-0.6655940506209309,-0.07875327009629374,12.593969327493683,24.93139832163011,-3998500.0,29.577328601319806,0.0,13.491304443409394,-19.221854893598685,1.625101318242022,0.011569426263370475,-1161214.3141165213
46.24259370840659,0.9860279885981384,-0.08441745890315389,-0.1222533017685149,0.03783584286536101,66.36357173449022,46.30624907877459,-54793900.0,1.3072752051352,0.0,14.103386456172203,1.7163712263593331,-5.10716289852975,0.09279341538573137,-5325898.423070815
45.195422972396194,2.1267014533611643,0.265023606242039,-0.8998986755983374,1.1649222818403764,42.88974910593898,25.687469601323983,607300.0,5.543515022276917,0.0,26.47368717603901,10.834349977411572,-6.735957356162499,0.19325013718503412,11148680.076459808
41.74679476980876,1.8920525550017118,-0.7129045303797596,-0.146768734793986,-0.5661357955857736,41.65133787457548,24.51348930334851,-14720900.0,1.8194959702498827,0.0,13.022762033044469,-124.40406487777634,-4.317008427826566,0.05291344362122425,-699365.539381799
54.33546629488057,1.5056990343879662,0.3012347013080259,-0.2554772196989308,0.5567119210069567,57.20169228112589,26.037499910683064,83185100.0,2.132143996414255,0.0,22.27646467708547,30.42715930425767,-2.734194162281945,0.06853205881174558,60175348.12383769
34.916115300002616,0.9225373764304834,-0.6614021573945195,-0.2534229508029858,-0.40797920659153364,32.49999566511825,22.41911317761756,14079500.0,2.3743566466770702,0.0,20.064156306346437,-43.79499883876179,-3.8805303577498775,0.06825638796249739,970718.1142358804
69.13548252346023,8.538633077134307,2.2607045704920097,-0.3612775108065396,2.6219820812985493,93.9804634998116,43.861955364201606,31520700.0,4.442766251742618,0.0,27.611682390415154,80.59293681127978,2.9830825626457624,0.1472255216918249,31654766.335974667
45.99882384664322,-0.3833240228285888,0.11170627025140334,-0.1355905296426549,0.24729679989405823,30.483232364486195,23.147467459291022,23113100.0,1.6323209320092096,0.0,13.90153136971539,2.3196961658460533,-0.501543128432242,0.0900104524634345,7521565.283447331
54.86817546701789,1.0366486229822556,0.5157909912109631,-0.26521570699466446,0.7810066982056275,53.96826838509665,32.373512116806005,-19810600.0,2.4315695231506256,0.0,15.420079560537713,45.33784857354923,-0.4630246750051356,0.13619639212250817,7711222.973579553
62.418796162033004,3.6310383192546567,1.5012725672322347,-0.1300965711697919,1.6313691384020266,84.50473435901948,58.018075977022875,-4491900.0,4.885204392060728,0.0,17.767665692941776,84.03827467367407,1.8015693815674245,0.19629768495955796,5852131.112848859
50.223094533715155,4.201625135536986,1.359343664495185,-0.6847465851982397,2.044090249693425,45.278711803090296,38.67362752725385,1030378500.0,6.5671634407949195,0.0,24.34790036973445,37.790118253674855,4.161742650074011,0.14029588826885125,926321909.7360791
46.17661443766637,6.102328088182816,-0.10091532229989753,-0.5954422424208283,0.49452692012093075,54.143713685425276,49.98980561350067,55789100.0,5.540379697926953,0.0,22.5916211806081,-25.459259847990715,-3.121443558724968,0.17195827571336722,28167087.839555323
71.60572964010937,0.40078805716927945,0.0866438032562531,0.005996888507341813,0.08064691474891128,85.2940681484141,76.39886598164416,40440700.0,0.2483975968563757,0.0,13.310258582944389,110.63511274949917,0.6694554391877792,0.05331602390184748,23244717.37209392
61.30814139008579,13.566658906762882,7.1716178294303745,-2.580935417966252,9.752553247396627,74.44219586546097,44.23913204051323,8246600.0,18.17095198139639,0.0,30.65219607012549,54.51859681412084,0.32148503910389775,0.20287047621922372,4198482.2395359855
80.99154963065747,6.04176231964496,2.1188636990490295,-0.05655378903355279,2.1754174880825823,94.48821499265595,65.45010804184908,1317400.0,2.809287684952167,0.0,21.12737924100867,120.63422703119252,4.799260770075432,0.37691426674728995,15917106.51859591
65.68230213653631,4.157158811083548,4.952138356245342,-0.8422466002293589,5.794384956474701,87.10338001457278,68.61516829992216,3894700.0,7.160218971648557,0.0,29.41100734375626,61.84187915338646,1.2618808095539717,0.36443776283039514,6027859.821005368
53.62685564974303,1.2052241663247543,0.5143576275461186,-0.2791224883065293,0.7934801158526479,54.559841701070006,27.858898549749203,51408600.0,1.8372245836290346,0.0,41.70092034829207,42.292677247266425,-1.1478277274004898,0.1049455709292646,50660546.609034605
64.21637813402289,3.1237499282780306,1.238625546807512,-0.26016366866818874,1.4987892154757008,77.98507144016193,40.6014879720969,3891900.0,2.4510192060614204,0.0,32.80961389183722,73.40635120662087,1.5994291322854264,0.22771807148616763,6559260.373808532
55.77570319406193,2.25394308182959,-0.6766620970384736,0.1687057977659896,-0.8453678948044632,81.90037594633876,51.648603408692644,-57841800.0,2.392838287669123,0.0,45.92214707741133,-48.40797952851552,-0.2354173571052796,0.0968921321838792,-27252869.785728395
68.19268383086073,1.0695397424228794,0.1891453588200278,0.05192574657626087,0.13721961224376694,89.88763804147727,67.07951310791118,234553400.0,0.5886277637145185,0.0,12.83342878718259,89.96059299153718,2.252059135241673,0.16126103050077234,133935691.79136808
35.09789284874928,0.24681343827391444,-0.03075579483155977,-0.05768298165839609,0.02692718682683632,16.494808872109484,11.351157092053318,62870900.0,0.385606329213594,0.0,17.65427343874977,-24.1758166538899,-0.9872246403756038,-0.17847552752528167,-40496969.89547185
86.18214257630484,16.678534961793133,2.663791858798021,0.556578249000423,2.107213609797598,91.52533971271242,90.89559242479432,102618400.0,3.3211958428866892,0.0,27.625131276253242,158.58170174053262,8.736269936612567,0.2819947682898501,61726521.82627803
42.77529326471632,3.8180164006042787,0.29612134813818614,-0.9571082669830027,1.2532296151211888,34.69699159032454,26.630684231946145,11605000.0,4.015580590570197,0.0,22.62577322164093,15.142559495592156,-2.7370135361758474,0.12017353713759499,14551873.147128483
54.83266529381907,1.964436556816608,-0.20758283130335542,0.07339402185047145,-0.28097685315382687,63.03187711787026,41.04606727133765,-2392600.0,1.6895006515506927,0.0,22.68014665189545,-20.725894171181057,1.6542665358254158,0.057637139111294644,937811.6308565569
60.77040786587408,3.1758497294669326,1.4495441839574994,-0.5491824222818935,1.998726606239393,74.40868012942096,38.473149769725325,11740800.0,3.989866699427345,0.0,33.53649108748331,50.23805937225436,0.7085745675223214,0.17668994633834925,10410877.771289371
34.36499929133803,3.5186193294935038,-1.0708277753450375,-1.4638768714837136,0.39304909613867617,17.008975980882,19.210145729744543,160100.0,9.549300247897385,0.0,13.414009050087543,-22.489016225638213,-5.098526503883594,0.15730243597713178,1859784.3507132442
55.46347743703067,0.7440979665740315,0.616572373491195,-0.3289548820430357,0.9455272555342307,55.91768631813126,31.801084527594327,-657500.0,2.787027682834426,0.0,21.202118977270487,37.23415151645231,-1.7073784816335735,0.011310025756582286,3067743.806772332
54.218582368710244,0.6167564867049862,-0.14562270400477928,0.057012431419384085,-0.20263513542416337,77.98150047071258,58.10389740682283,18417400.0,0.6476249402948766,0.0,20.37203033483426,-31.98076912792622,0.8099473004588892,0.0678857244535751,20457371.97731727
51.068049261329215,1.5527511957161124,-0.11734160731602117,-0.2680627812129971,0.15072117389697595,52.21400006475125,26.343084928483183,1322600.0,1.8848905615576692,0.0,17.475304249418116,3.5874953178255318,-3.439409624915792,0.17400554905963592,1352723.6818358065
81.91354732700245,9.654412523780735,1.6056201840256108,0.2895916586848206,1.3160285253407902,95.111083984375,82.74516045315518,44521800.0,2.9039243010733156,0.0,23.056108402187785,146.6749604630178,4.263518253931675,0.27555882658884523,54050948.719364464
41.243395280063176,2.9138645011172457,-0.5839051088350402,-0.689806528503707,0.10590141966866684,34.38701014364919,17.80428804131196,21905800.0,5.999015549266528,0.0,13.552105240763886,-95.34967534283697,-0.5352363960749331,0.18653964549088062,12501681.8904086
50.18183530315982,4.913467935988976,-0.228913004284081,-0.33204013102398533,0.10312712673990429,46.814108720325734,26.089020993419926,16967300.0,2.943694500930949,0.0,13.256456708260886,-10.224662295801007,-3.362638469048225,0.08779325937227081,14412063.00012444
56.95917037906746,1.8496652853913957,0.020214376444968707,-0.16038810740721512,0.18060248385218383,63.319415271136194,35.54028874517704,-5146600.0,2.6944566968245547,0.0,12.21288970532935,22.579753337758063,-1.3846826378817076,-0.0068665289182798924,-1622040.6646693994
61.13811650739038,1.3581322240028584,-0.094814188644321,0.14079226698505265,-0.23560645562937366,91.96141636860517,61.20048867366314,-11144500.0,1.6837935519677574,0.0,22.12306979415324,52.108295858921885,0.7467362636863909,0.14392139709877524,11696591.934966194
59.8050927093372,-1.0408488927806445,1.984758789487131,-0.5711215854691183,2.5558803749562493,58.29722302956641,38.25962023138661,11347000.0,4.208433020826217,0.0,33.434179723007304,60.01651055772752,0.504369619410834,0.277144673294495,7949168.392013527
48.41515640759692,10.569591455589034,-0.6217090040187827,-0.6188103052614533,-0.002898698757329371,45.740448638311534,30.759460862436004,3151600.0,6.384139211109152,0.0,13.206522913230605,-30.303049440402063,-1.6514772096145074,0.20229820282630706,3074316.212688853
48.34238648704673,1.0825107192629275,-0.8980639726371322,-0.16132366115442975,-0.7367403114827025,57.142857142857146,31.014252418797714,2794200.0,2.954799250011201,0.0,12.001332956707055,-95.06067985896007,-5.603530288531324,-0.003842049434336795,7561392.250571262
61.91247515373399,7.960219248253793,4.898719424292096,-1.4147442461261415,6.313463670418238,76.88783119491302,55.11643308260961,11349200.0,10.508510309003567,0.0,35.79797355934585,67.79406342257084,2.872681665051638,0.11500128095335646,8763789.15678269
47.02829656773427,2.0979400070527277,0.21095847854218164,-0.6836958644170985,0.8946543429592801,47.771589963627555,24.864767133742333,1755500.0,4.704987620239253,0.0,13.54006988122947,14.626811227353732,-2.2942350423338125,0.04031172992305573,27729082.937704038
49.96216124702447,3.3588277017128405,-0.8786816532486057,-0.19830407467997757,-0.6803775785686281,45.273083387372125,26.452628932149327,5556100.0,3.782488096446856,0.0,20.025909862017002,-83.44217464077292,-1.2620814654544994,0.09350869601679256,4015714.1077297153
77.45719599664925,19.100241169941228,9.124022043229274,-0.584020421585107,9.708042464814381,99.3960993309302,74.01010570939543,3808000.0,10.162367395671254,0.0,46.89808052853447,94.99445351164853,8.207625667669344,0.3171256743299053,10450301.340950929
46.72955769939062,1.7341461838043415,0.39761365855085273,-0.768346796283017,1.1659604548338698,46.77717813581445,26.89771095713762,10973300.0,3.541393907908203,0.0,22.108718625675383,13.43757638367399,-2.341999610024092,0.24204629695189808,10812807.289214114
58.868019370852636,3.4686294701166958,1.2559941826529268,-0.3298677874229199,1.5858619700758467,42.231224496073224,22.64457512718572,15021400.0,2.996833154005973,0.0,16.224759987356013,68.46426600798516,3.304294546846217,0.21425356371793397,20338145.351196893
60.1779211777967,1.411116858124437,-0.12395519780464781,0.06904305227481533,-0.19299825007946314,88.88896324949918,57.02426985227,-37846600.0,0.9336051357546792,0.0,19.430819900312937,-17.348509220416293,0.3932807045120014,0.03924079855991281,1769014.4668140432
50.44052717406805,1.2400025731225384,-0.24032632956327404,-0.09645148261150296,-0.14387484695177108,47.774459886849606,25.104917974899593,-3105000.0,1.44335923594469,0.0,14.700287220634655,-45.09807946423328,-2.2890456447143066,0.16908659995678446,3744972.983648512
60.40396171146132,25.64946515372344,6.059486445678658,-0.02126913157195176,6.08075557725061,59.43101035252771,40.12685144863034,-3162600.0,22.075311933344828,0.0,12.682459039551755,73.99692828386212,4.954779600327486,0.23487054379508202,9326372.894290658
48.73471810316914,0.36318722475452603,0.01838759565429271,-0.09683271230095233,0.11522030795524504,50.887593998963936,29.226939238921585,54869600.0,0.590308347438913,0.0,44.626107885681314,7.864702371515019,-2.606741230139572,0.22305201817457287,46883731.70818506
76.74532263398092,17.312502865868595,2.2073953102625694,0.4672064502754707,1.7401888599870987,91.97464511125322,84.83635548262576,8992700.0,4.492023577575418,0.0,16.273028429877684,117.09979680040182,5.570279373089137,0.293616308056329,15325953.350093639
50.793227469765824,2.8728557270385124,1.0477193579343407,-0.8077917517408557,1.8555111096751964,43.14992617514843,23.688632514385834,3117600.0,5.4069952645990265,0.0,42.55140303761477,31.77137364949992,-0.5814432771190993,0.2089137087788892,8953144.918526687
52.88415951689879,3.6599379739323865,-0.702326457708466,0.0010859643609131275,-0.7034124220693792,63.9394272172933,36.2828560214131,-5398200.0,3.50514191128475,0.0,10.537266903840639,-29.217075436829344,-6.365478825448128,0.015115397751201565,-1122856.195244553
78.83095149988533,10.647106597324239,8.295907006292282,-1.0796949801892737,9.375601986481556,99.17301661748654,78.94259551906924,13448400.0,8.2438560643159,0.0,41.76841078823529,73.76326861433476,4.884500446912673,0.22371120080691506,7661741.089773355
66.82259271890709,1.9375013128342857,0.3050069092900429,0.01117987917402119,0.29382703011602174,80.55540838384266,53.1868276962032,17128400.0,1.0126552518923517,0.0,10.181786811743276,100.42906454893583,2.9068705278868885,0.2609315048562885,17528862.744800385
53.07988853766136,5.675082540657286,0.42276290060249266,-0.7304943001743749,1.1532572007768676,49.72708382555174,23.224355975084194,-1477200.0,10.485448662045512,0.0,16.578256659447806,22.04007272381813,-0.3507952620593026,0.14752015532558874,2155041.231126799
32.00984318876602,0.9488125181197233,-0.7737215311345551,-1.6161217254298446,0.8424001942952895,45.83015200943986,35.177479296543495,3609100.0,4.88302502633351,0.0,31.976143876157053,-48.632430702626785,-5.339676747970206,0.26912956399957905,22301807.25536351
71.40785674516763,15.86449894909427,4.0774775387641,-0.35544961394665897,4.432927152710759,95.10776047492041,47.04974209272862,28889900.0,8.98511582166808,0.0,39.871568218121745,97.3791491696368,5.5165583509771094,0.2914868143710478,18534569.487309825
57.19214532530117,5.482125014873645,2.35310161541031,-1.0708301458478093,3.4239317612581193,59.892842918120856,32.95478209325978,2004100.0,9.937514778110968,0.0,19.832426697530348,55.61287312123539,-0.3202355875146153,0.08709534947856803,1326961.2524487865
37.29163235410712,2.4779898335083885,-0.27869208175224003,-1.6925482299685777,1.4138561482163376,38.016508081696344,22.5268265450887,49850600.0,7.179093542471284,0.0,17.277368461754833,-44.96204361549615,-4.026731039362201,-0.04078764459378414,2166098.228245818
51.869851417626755,6.9776593158424305,-0.377139921957621,0.03865369941247332,-0.41579362137009435,58.72552029142272,43.9919485432789,3182800.0,5.676153856800108,0.0,12.242443304780412,-40.09322341352457,1.0672109088042163,0.12459516931000031,2916733.643478453
34.715459150894546,0.6394942236848493,-0.31205167368573683,-0.10409703944860282,-0.207954634237134,42.13204653540502,29.144584158908156,-215260000.0,1.065959626202085,0.0,13.785141987816772,-54.35798255466269,-5.3556436559719645,0.05219635874790606,-18649868.676082604
84.80787192799627,16.11466689262427,4.937924591743055,0.32086452576864044,4.617060065974415,97.72562273616003,86.48319494302062,41709400.0,4.016731578288901,0.0,57.35322690773633,133.05926626122366,14.811188382066918,0.23255286041252612,23185973.980408594
74.2195097048336,2.9718192642657186,0.8255400189902531,0.0444235939867863,0.7811164250034668,90.36837236645313,60.797617313818,10994200.0,1.6838793073296991,0.0,18.69143802136705,160.98635690283305,4.281757065634169,0.13181614212353335,30649670.172579575
62.59047383259439,17.459999248913277,11.921170162059866,-3.4766992447515896,15.397869406811456,90.73056384031561,47.268059982831005,22359100.0,26.26461132448116,0.0,45.89423006720006,61.35271088102461,1.1608939883735117,0.04637377049877064,9722585.25350159
61.51972200717012,6.243347400333448,1.2339949179081486,-0.3606472050287295,1.5946421229368781,75.67394715357707,39.4016832847966,-2155300.0,7.376596198693419,0.0,21.423821906340528,51.64095067925702,0.8279674643023274,0.016772534812024537,-259760.62336664286
49.27397932477903,5.550335022034375,-0.6848750369410936,-0.36066792848485774,-0.3242071084562359,55.41070423207689,28.454109500023094,4976300.0,4.301070501019748,0.0,8.69853854179668,-46.59270574818374,-6.550394054839788,0.09221812940564043,4536885.221133435
59.77713377319406,0.9075037138680955,0.8677925470188086,-0.3417522990385351,1.2095448460573437,77.4208483883219,40.05620895136994,42689700.0,2.4993994982223415,0.0,27.02643923914708,51.56745662438891,-1.2629839097546651,0.19921512484600748,24941845.170791473
62.02196405679611,1.7695945120312757,0.25427860475090824,0.11830559106138161,0.13597301368952663,66.92913977105817,45.73489966148329,-9246600.0,2.238050481353829,0.0,22.699406659797607,66.32373165273572,2.2514160451173364,0.16041146302953826,3070360.6985155093
45.32469387680586,0.11702094333958257,0.23588490889093094,-0.2673378139314915,0.5032227228224224,28.21428766055771,18.15214184233511,17080300.0,1.4205398638954136,0.0,21.390449261690748,29.588233546763334,-1.3555569118923612,0.1457225906264023,21161941.225502808
60.27518166155609,2.046792074235441,1.360059291834716,-0.4749326039143993,1.8349918957491154,71.0075306738116,37.82317439868271,-1067600.0,7.026975856088525,0.0,13.998789945937421,54.6607654745624,0.27032444757642643,0.18796973735772476,61322.2462428236
51.5458592274928,2.4086564827857586,0.6363876050427564,-0.35423662565713143,0.9906242306998878,41.48724127582763,25.883814851830408,-2891000.0,2.3812098032564637,0.0,18.10571968708408,41.15808028647281,-3.034764946319868,0.1683374513951089,3845365.2934368863
59.805699010759135,4.292843410026478,0.29036427173767265,0.1520806993052553,0.13828357243241735,62.49990065883063,56.311809730784866,-3205200.0,1.7118548635015112,0.0,14.664788874231728,37.006306603424655,3.299611798003142,0.145287318565381,11585965.362476906
68.60062927131929,2.276451732984846,0.48319749081893093,-0.08201920462109036,0.5652166954400213,91.05060040670318,50.06486470439804,140351300.0,1.1733780139303014,0.0,36.55976339403863,81.3243293988638,4.445153083786829,0.16472873392204332,18096992.11998918
47.60796628926103,2.0469689096721027,0.271703992480667,-0.5127743006054608,0.7844782930861278,37.74273563863326,22.787584414408027,-30485200.0,2.879673921335383,0.0,17.673221139531712,17.92990794068134,-7.307314920121195,-0.030692478380076063,-5932876.201943222
67.85967782632544,3.1253010166600887,0.5119531807067119,0.12657717510667787,0.38537600560003404,98.25339949925788,61.119418076029376,-16562000.0,2.7842483695421216,0.0,15.184743500507748,109.84828349214656,2.2791385560445545,0.32302644549656373,79935605.3025015
63.513076149999684,1.3839906604946748,1.0792693794624597,-0.29531988493747807,1.3745892643999378,79.60683308870532,52.30389975590672,32009800.0,2.277786490499229,0.0,22.114039674943033,57.695127251391064,1.4895836512247722,0.21285689153261503,8476943.682790928
39.724944648694674,0.8347170144791249,-0.8811583971344703,-0.7766919957559337,-0.10446640137853663,36.95097604987954,16.590102346739002,389900.0,3.8616756800598107,0.0,17.66366306957136,-114.92618054746808,-5.705700839216641,-0.05532676559099508,2427094.207985456
61.10268043294439,16.92145161575513,3.9597820932604293,-0.7787307678167164,4.738512861077146,40.51376307250642,20.46542888490531,1228900.0,5.344424387391789,0.0,25.943051265063882,77.48202065650553,5.619901545137277,0.23995972486736883,5024801.275263036
51.45405132358009,6.540829875378904,0.0871474342025067,-1.0648529291088997,1.1520003633114064,56.73469105302857,30.684352283869334,2778600.0,8.37944505884835,0.0,23.935126967152613,10.933083199591806,-1.1080158580061266,0.27442138071084665,11110812.960426753
54.08463556830413,3.7545916937769093,1.1942244961659725,-0.45163374234095044,1.645858238506923,43.006967823168814,19.51547174550052,149256900.0,2.9535354526037545,0.0,20.734211004759405,55.09373115311653,24.015510522453056,0.04409724788965702,125841591.24625574
58.0457468149519,2.133821476340813,0.5316114335240201,-0.29960114296116813,0.8312125764851882,72.27617572454524,36.42803373944211,28694500.0,1.9302108177899642,0.0,35.09789489478833,36.867554402094356,-2.220013484158389,0.23047894599785299,35236819.059828185
62.753280004977185,-35.36432532575145,6.277362906550081,-1.9185051357641036,8.195868042314185,82.09101186719286,44.19186392782127,8153600.0,13.413760946693909,0.0,41.023830605599976,64.03739326010506,1.2262925002352545,0.2664485620579034,8107800.221476217
53.593420831013596,1.0056050362178013,0.17101612656510667,-0.07768802841810782,0.2487041549832145,42.105210322768464,26.707453838559704,-12052000.0,1.3551498311903518,0.0,13.284290997429716,67.24213646262561,0.48658205565989593,0.14504885460045916,2464289.0231259177
57.5193342105723,5.894382354655249,-0.6758432621338386,0.4797328700394199,-1.1555761321732585,65.38988202092396,50.90832878728427,22024100.0,5.799505853390067,0.0,23.77508379467882,4.960840958500441,1.2649771943588197,0.21704389228466178,14168246.941704981
53.407215375218684,0.9017311207236531,0.3842271302895597,-0.37562294495338167,0.7598500752429413,55.63631924715909,26.583882179434045,5616800.0,2.2533116822303345,0.0,22.450462893180074,26.72736505749758,-1.5758562539977903,0.09522678926903522,-2084147.9184912406
43.70841937778914,7.392209679007806,-0.08356388209043075,-0.7245640481475695,0.6410001660571387,21.724201070851294,16.99516113849696,4789000.0,7.1356151628670235,0.0,10.300764473380996,-44.07834596859377,0.008841667386049724,0.1188041007962635,17041790.93064203
56.8597468233928,3.24728096488127,0.7150370709656784,-0.4814028975674487,1.196439968533127,63.762148472537326,24.874684196295448,55577400.0,2.7853188945798886,0.0,39.97799502035037,35.78292673834495,-2.1292064580892807,-0.03171304957055007,12829669.800024696
44.2241107369632,2.4722756915469972,-1.4210078392151502,-0.04895653465827543,-1.3720513045568747,50.47403475531707,35.56582746173335,-5490900.0,5.404114260754752,0.0,22.306839806709586,-37.07051407926392,-2.846137347646241,-0.008041443461325825,-3685683.9623357747
56.299911858651264,3.113141332102259,-0.07035353584589643,-0.05334486308355212,-0.017008672762344308,73.19584115134772,55.51735519085568,-6428900.0,3.3952052261029224,0.0,12.581006298384375,23.003140904799984,-2.9493602951673448,0.07321972806306454,35953273.82134648
63.33593074010582,2.8309247762159657,2.0981760820381226,-0.5992536114076534,2.697429693445776,80.35221709214947,38.18530399691619,19328400.0,3.638989806762125,0.0,42.55755282747276,61.59330783844362,0.6811119573495811,0.17105045265622085,8378578.230171292
63.013874850504216,11.251149246426792,2.4439546309052957,-0.7519614946945539,3.1959161255998496,85.9238625812442,45.36488616922404,767100.0,9.371920894688259,0.0,15.973335290823092,64.41875550296712,0.20853554245531186,0.2759581742688651,2287096.405681948
61.53392872957187,3.714669138011544,0.2929638607894134,-0.18451152830205475,0.47747538909146814,89.84372857958589,37.5538845611296,-3984800.0,3.0324038033834504,0.0,12.78294741547191,46.35005742988375,-1.4394636246896244,0.0861229011464972,13496942.15920287
78.96779577623269,28.91431345965617,13.286265837981148,-0.2264993246843865,13.512765162665534,97.22224053695878,57.26616180755764,883612200.0,16.625448171013524,0.0,39.724102778968685,102.98149075840432,13.980152359758897,0.24818515514210437,1064960658.8856648
54.41430248380903,6.769176622813973,2.16235807358683,-1.2417553854981644,3.4041134590849946,58.761666128120964,25.623274746764178,42622600.0,6.008191574080155,0.0,24.08570411317443,37.050997589908924,-2.15719420785228,0.19255532607531445,37302658.622696936
16.888717073609456,-7.912910611703182,-23.6746006028402,-15.120146892010428,-8.554453710829772,3.9362469591477227,5.591119419919931,813400.0,58.813619819463916,0.0,16.644164212001904,-137.2396696597253,-7.276004862350958,0.0503440090096186,585741.5336539163
55.25905645506224,1.5698649166261447,0.38650264346532026,-0.2765543252731628,0.6630569687384831,56.8134379803363,32.14657251473309,11755200.0,1.9100968510832952,0.0,18.820074696050373,41.181853084501796,-2.721359224265447,-0.030596360665178866,421666.45837052696
46.90798000549071,13.659204053981114,-5.206426205061064,-0.09589879737009976,-5.110527407690964,52.10181575960922,31.707310638990034,-26229100.0,13.76227921519213,0.0,25.47104482538009,-70.04803265292949,-6.713055963097004,0.03477052064755393,-1401317.8370700646
38.3789972629803,0.7195163292414293,-0.46481560291843493,-0.6808976401792963,0.21608203726086145,27.813345916357328,13.928269027970531,49555400.0,2.708479048801435,0.0,19.723670091776317,-68.28755138629145,-2.3684763531901147,0.07808496679168038,15026293.247511938
42.17769115241119,3.0232544426386596,-1.0662904982262944,-0.3565489048214918,-0.7097415934048026,44.694505365106934,28.548662515211063,12188300.0,4.374902780792121,0.0,14.633648797122166,-104.36789668926501,-1.0274029218964755,-0.0023600855621368918,4430394.53553398
41.75215589674017,0.1920609449338997,-0.4015467471061456,-0.148464841219075,-0.2530819058870706,35.593240690709415,23.93606215498352,1306700.0,1.3752417587519425,0.0,17.200631046932696,-57.58691938393417,-4.438543434003134,0.16340764562607799,24229193.436528977
80.30682998373692,16.39557850580951,8.522497550672483,-0.9031186378309375,9.42561618850342,98.17304349537234,53.55891162653044,16710900.0,10.041313841496205,0.0,46.36598028811338,100.50145684125981,4.834794043561194,0.30014751341798773,12344897.217728117
70.56979720867174,75.87047733643908,10.539667610294146,2.288299258139082,8.251368352155064,95.36694963028641,64.1510625730544,3781100.0,37.59019349906969,0.0,10.426593007379156,120.55485939695477,2.5811791493185043,-0.012766153835430418,540843.9570305528
73.4573401675004,10.663647176815005,2.0321891153284923,0.04259464386440204,1.9895944714640903,97.7330904227106,60.94239418612192,2072400.0,5.189386731900307,0.0,10.512791201576892,115.06111275872927,2.917260089323629,0.257861733137162,6667701.384496103
69.63105203238972,1.2349724409970833,1.2063093557367637,-0.24242880393570987,1.4487381596724735,84.64047072903162,51.02708401601391,11718200.0,1.7945247396944854,0.0,32.071954543737846,68.53388073041384,1.956332911124477,0.281374615812671,12885424.911551835
51.34830169663281,0.6130162599045832,0.06650432375264614,-0.1456501842426388,0.21215450799528496,57.1428394494447,37.679193467696386,-14995700.0,1.0353957423793365,0.0,23.521170249579065,12.21650725896645,-2.650778650051705,0.19357664750252013,62355519.512332745
68.15169307185464,12.752043897349722,3.348524233377816,-0.2681321728552515,3.6166564062330675,86.49203985504931,48.995318315730024,155800.0,13.328284060945554,0.0,11.551084013533602,88.7029518487595,1.9320906001496965,0.25917560593076616,1142885.4728185835
46.60511661259375,0.7646515819014112,-0.396718568893796,0.08259716173271842,-0.4793157306265144,47.881388808069055,29.914593216499238,-4898100.0,1.1933054555073048,0.0,34.11241162498869,-50.24236209655752,-0.30362918118639604,0.04958590218425268,1430627.9585288493
55.873934137346765,0.6955808351442769,0.2838930020930093,-0.15702978062708528,0.44092278272009455,60.95622676608175,36.35828160684181,25624300.0,1.0037255475877767,0.0,39.014960790439105,39.632975630991126,-0.6134893282518085,0.28160508702600223,63527771.400390804
51.88033043968875,1.3876644969888048,0.970918380779608,-0.5095777086321667,1.4804960894117747,33.3333701903036,16.882917341720646,81181000.0,2.9837913499566335,0.0,37.31561929774705,44.64959961066727,1.0215681514946642,0.2155960201086127,136292960.15430653
32.930246837225205,1.4988000939396358,-0.6102800375078203,-0.14494125241847478,-0.46533878508934556,26.158966747718445,12.03427911333393,-9412800.0,0.9418971018703245,0.0,17.73887968557738,-161.32748172075273,-5.9431496298659345,0.01033311745756873,-3874865.5942436093
70.94191628652659,13.767787514956126,4.839217524385845,0.06940482435919026,4.769812700026654,91.13364442315313,51.62578436901578,2444800.0,11.303033101184468,0.0,33.578489185754506,105.54844717647745,2.165476640488163,-0.019088753573790796,2663162.514670871
48.04935309831112,1.70101859165635,0.3796379989449292,-0.6653285911468183,1.0449665900917475,43.92722117202268,24.721524295666214,-19323800.0,4.53542324245091,0.0,16.46133285449667,25.188461960730333,-2.824095444001889,0.16025790489321723,10429642.265639957
58.97703242755628,5.07580094939766,0.3999361131312753,-0.10006091216642227,0.4999970252976976,80.12142205509838,50.69329306544614,40004200.0,4.010822562115046,0.0,38.97575864916407,47.284693388073514,-0.5596571178260089,-0.10177548196907543,13819299.04755821
54.46258518053216,1.6245437707980983,0.07929977357679263,-0.138161998153451,0.21746177173024364,61.702209686910294,33.8192726852267,-53001800.0,2.3752069404474274,0.0,15.43560880614638,31.757293112646202,-2.0304692212256588,-0.04787601574906792,-18628541.89834081
64.38278440119267,18.300006882692173,10.003404259547324,-2.21437749282925,12.217781752376574,82.55499457557887,47.3773415359211,6007000.0,21.465105400627763,0.0,31.544825842057072,65.53398512972745,1.055519104959408,0.11082846936380915,4549061.183000249
30.532731838534104,22.714536083629923,-21.235213304727722,2.6304133742660554,-23.865626678993777,16.530536476703173,26.014402198443445,-217510100.0,20.006372380420874,1.0,53.96512026610814,-75.10995230187979,-22.112211221122113,0.16345184457491707,53405544.936211415
57.70489158842478,6.464033182814802,1.3052811657388474,-0.6766794231437363,1.9819605888825838,65.03336089808218,28.43896129747616,-241800.0,6.08003581117091,0.0,19.944918462341796,52.14908853877863,0.45418695031418127,0.18401320410210154,3150201.567657727
59.01494066011435,0.09821959895548105,1.6946678980265233,-0.6081679674493969,2.3028358654759202,64.4671476026943,44.4044980363465,3099600.0,4.056526138247095,0.0,23.187141919492923,50.776710913849136,1.018378382458,0.1409867682424354,4881682.484625235
56.9603279441887,1.2945983412227022,-0.4047602612998702,0.1085519057242531,-0.5133121670241233,82.5000874200901,48.17473622914434,28071300.0,1.349180455616552,0.0,32.89691775567461,-40.701634115264,-0.12282236301792293,0.011850742188295271,1627571.5474471368
63.62885363312892,1.3973354688817494,1.081390757733658,-0.2195452139573355,1.3009359716909934,64.11027510268082,45.613046327313384,8161400.0,2.056251424587058,0.0,19.34544500192514,70.30097063962795,1.1561806155133503,0.23640128336931984,5888205.733324592
17.77538935343181,-1.8708190910502367,-0.4267010642579976,-1.3528319020561965,0.9261308377981989,24.324352189153895,36.66303213036068,6618600.0,6.149861751967794,0.0,31.077838627250575,-216.83816162294846,-3.3244862198454803,0.11685713302725298,4276340.031601422
75.99198670479845,15.73532956610137,3.802058344588204,-0.03333118821587222,3.835389532804076,86.83472671009216,84.67009343036189,-786800.0,5.746419371709829,0.0,25.655301421074743,103.06760170980792,4.119878154810607,0.3233439635636394,5987300.82745716
49.264411131706765,0.8737231742690099,0.009512083490683665,-0.038049692989192904,0.04756177647987657,37.86981714267657,23.047622698890212,76091000.0,0.8004223728234418,0.0,22.149028386392825,-4.515315160652687,1.1627906976744187,0.03386222494159591,28466916.10510966
59.98294373064814,22.619445824546915,-3.8020600965004974,2.03710458752896,-5.839164684029457,90.27710603853195,52.07387618969231,-6987000.0,13.511341361122987,0.0,35.26367007416143,-23.457026847780863,1.5089798931408969,0.07496494613085637,9994950.089713411
56.10974900828478,0.3987266954686248,0.0023757267421640194,-0.014531546077312715,0.016907272819476734,66.63986120356034,40.28734936100241,112378700.0,0.31927857922447384,0.0,17.8661220981021,-7.979709160873627,-2.643404088829467,-0.054810417305803334,2461101.717986917
55.89518840136007,0.6246389119675264,-0.04460133249902043,0.007806389476256254,-0.05240772197527668,66.07135862725497,40.231050265623686,-42446800.0,0.5541578771116983,0.0,12.259604204814377,12.46184652846144,0.7296939685788523,-0.009467388180451678,-1728322.5280853983
53.1698181982564,8.635283901813409,1.8918045055006587,-1.0717893378333434,2.963593843334002,44.167106122363506,21.054453357689805,26825500.0,6.722485412204296,0.0,27.760712903631347,41.76199023986846,1.1371890773771687,0.11209960349993986,16779020.811742675
78.29804549007444,12.673460746775305,5.214120620283552,0.04535284686695373,5.168767773416598,99.93003003901227,82.11800839999428,86595000.0,6.968826102903376,0.0,27.81549769369348,114.7497089305658,12.163737913553511,0.34281811499437753,64083874.91303825
50.598116790965136,-2.42417385681307,1.6421571537359227,-0.7708995882356793,2.413056741971602,47.54331996435952,35.04744061315535,5048100.0,5.898910414102839,0.0,39.19095967877005,41.95442620996103,-0.6285277725019744,0.08210203666153508,8217058.215059553
68.14733183138725,2.292542848990294,0.446833175922805,0.04102845705891417,0.40580471886389086,99.60621525097395,61.17316412337279,17524800.0,1.3805053950294706,0.0,11.169725550191178,130.90072952963527,2.7700832195792673,0.28354328426729064,11901093.056028515
62.88404983616611,20.92053673233795,8.883800523936543,-2.0193043847587404,10.903104908695283,65.04314430519655,32.54532291895209,1047000.0,20.255044040362943,0.0,26.664358620103304,74.28519448787286,2.094721855327032,0.1082841898311094,1783963.7057471636
62.051116763959726,2.9798084628835397,2.1584500691100175,-0.6826231520703612,2.8410732211803786,72.67196595622175,36.83937993651248,8617300.0,4.637346649265616,0.0,34.33253064269587,56.22992093691396,1.236481001188851,0.28114559934830746,5908001.418964591
51.15009783352899,0.09530670098264338,0.020464021869479154,-0.010045343238105055,0.03050936510758421,68.74985098824595,52.97498533988932,-8786200.0,0.12597065673829505,0.0,18.780898689021207,31.219918270222962,-1.6666630415887345,0.21534340075857905,80005885.9357512
59.73046233132812,2.0051793944321616,0.10953632320455142,-0.03147816681449456,0.14101449001904598,67.53932034472084,35.38937776688436,179684600.0,2.175728314264148,0.0,12.6439042277365,18.402523663706244,0.8578830295138888,0.23801208436913393,131474525.87856823
66.07703846675861,1.8615559381179168,2.5005587593360445,-0.597389357512998,3.0979481168490426,77.4891710552173,43.69078625399765,51371400.0,2.812046089353103,0.0,42.34192991061585,61.19867083609984,1.692463374727984,0.3010457711520687,54414177.51619335
76.31739199932973,1.1937944452635367,0.1153988433388271,0.021297571608067056,0.09410127173076005,88.88887580694345,53.56128682086057,339227800.0,0.4237366621073941,1.0,17.570363581633675,128.10657079320336,3.4669627775626357,0.23132718503334554,35159095.94605112
79.14981398382518,16.353556109993207,1.9864004737952143,0.6440800961995723,1.342320377595642,97.53080605548269,88.142536392889,13081700.0,4.104015346848633,0.0,18.964066086002923,118.01826841299844,5.523780223657569,0.2737674943776537,14571851.039728938
60.021941523306566,13.12757952255265,1.216542345394032,-0.22814465952764706,1.4446870049216791,76.1401229723164,41.5936005098345,139100.0,12.767570832167099,0.0,9.746418646178162,75.30425711046517,-2.266350607317843,0.1365868589846557,1736969.900166153
62.76157194323838,3.2211903127500108,0.21907723449643868,0.16491481045804826,0.054162424038390417,83.47825510064176,56.27182714777948,-10300200.0,1.9275916187171918,0.0,14.55387250167993,42.54649854853614,3.3586322333005154,0.1421029675895002,4508508.136368495
49.02129366574345,1.455103823292319,0.14394292927300967,-0.27637147165775655,0.4203144009307662,52.64472784017096,32.140226983232864,88488500.0,1.765306491674113,0.0,26.769074188056624,2.3224385703709993,-1.1885676045585227,0.18503408220402182,98081133.32592395
69.1040469449959,8.903926423124716,0.7981126454029948,0.33306009991050894,0.4650525454924858,89.40090005625352,47.5615943039233,18763900.0,3.288541545372604,0.0,12.265367817013148,113.54217979788082,5.181909081406691,0.17052549723529972,7276178.0050237365
50.36870765878759,7.928577625118663,-1.0535401694384632,-0.3167139467471405,-0.7368262226913227,51.23154931029373,27.775572286103554,-1347800.0,6.8234412125210655,0.0,18.85198435180311,-46.54666620843745,-3.845804330267044,0.032513684941139154,4978733.142440236
82.91758117366267,3.8603780156692267,1.585028395928532,-0.09544249508183489,1.680470891010367,94.31431812005701,57.26025982627973,118550700.0,1.7292249299115448,0.0,47.3594450220437,102.16252677165625,11.273352017186042,-0.0038171577944904954,-940399.990206141
51.02504602495168,1.0402751987076293,-0.1755104741130289,-0.03572586169082426,-0.13978461242220463,54.16664774456065,29.272022115428342,-4121000.0,0.6538198331934535,0.0,26.45054355857797,-55.501835644304585,-4.226916643204934,0.07408474074164113,-1462346.9893611665
52.65730093631778,6.535106992160166,0.14242582948369886,-1.0253322064649673,1.1677580359486661,65.01674384519522,47.826106925858596,12037200.0,7.47088691559619,0.0,31.546221098277222,3.1890577807355514,-4.010357363818603,0.10129289502111341,7603000.848249002
74.03710243039596,3.3113536882522254,0.25287533251954386,0.16811582267976702,0.08475950983977684,90.28208442801639,69.41031594735932,65543000.0,1.4979998493051345,0.0,14.777826152384709,163.89687534339544,5.1986650629758895,0.21198171315489503,48361369.408725396
62.37715629555104,8.129733007806351,0.4342627365839462,0.16150389386006775,0.27275884272387846,78.2482523644481,47.86119119707259,-3465500.0,6.442985200583123,0.0,27.973129268972173,85.03383644162543,1.6880252994362497,0.07149225556748856,-851704.9255917163
19.06320031919123,1.4749099388035916,-3.145376787935106,-4.254041953272315,1.1086651653372088,6.108906838289232,24.116979394579133,11016800.0,8.116375861881496,0.0,39.07067578669785,-104.1844216095032,-10.22995968158319,-0.024743982561329134,3218553.9776231395
52.679776709727484,1.941221022677766,0.929579385245475,-0.6344172190650936,1.5639966043105686,47.80225192935683,27.506739184391517,15657700.0,2.8532887174607575,0.0,37.00543899395922,38.27875320485597,-2.5039159103515956,0.22698007687148924,17695570.572670072
42.87853249797454,1.4328509198111874,-0.15740805765621246,-0.13565653606711553,-0.021751521589096948,30.769217089128738,25.485669842319954,26022200.0,1.604238039057336,0.0,13.373912214325438,-33.32647366783427,2.9949820239845297,0.2788242415838102,28661545.30828751
56.64108448383749,1.702121139374853,0.7949173042132713,-0.3498853939933273,1.1448026982065986,59.99989713186495,27.193045071046114,3742300.0,2.414769454474357,0.0,30.667240179924843,43.32915301377863,-0.7937148418314096,0.025845482154377045,2700847.9346660282
29.21168402345886,0.39925522661906143,-0.6423353977116619,-0.254211546730164,-0.38812385098149793,20.343745594124616,18.435901271384825,-6078100.0,2.693405270154859,0.0,12.42158038285484,-142.2507472561376,-1.3645788581934113,0.13108146580730562,10463510.927871197
62.37524280585638,7.334736240482869,4.997272428037149,-1.5651966004448008,6.56246902848195,82.83139636423803,41.42320655758762,3207000.0,9.70496389203561,0.0,29.004825908783236,52.22987527746351,-1.6993688430470437,0.19548182883515183,3727455.03307396
48.85302845136531,1.2011896504732533,-1.1565506360941242,0.050940762986771304,-1.2074913990808955,66.0626414800272,38.82458927321034,13242500.0,2.772920199949542,0.0,33.611780851538576,-53.33658419639373,-4.0826736778590345,-0.018406881951898768,2365735.659851996
72.38987055188518,9.254887637042003,1.8513533405177043,0.13876998640693294,1.7125833541107713,91.31027747844827,64.15395353746094,23727200.0,4.275600096247496,0.0,9.736898205950311,135.7769265072304,2.680333737011488,0.13032739263881207,13015883.059606778
