RSI,BB_Dist,MACD_6_13_4,MACDh_6_13_4,MACDs_6_13_4,STOCHk_5_3_1,STOCHd_5_3_1,OBV,ATR,Golden_Cross,ADX,CCI,ROC,CMF,ADL
34.81825699514928,2.971671173324097,0.4044216448014595,-0.5448120941574702,0.9492337389589297,38.6045180231224,54.85022227510215,27288100.0,3.4374603928653,0.0,19.632496150305567,-10.252532026389689,-3.914169131620524,0.18564568633941173,2483951.9249814306
22.618379463922118,2.1070949560845236,-1.2734347198822888,-0.36731437605114337,-0.9061203438311455,6.291348275080225,14.086579681672056,-11126400.0,1.6935448310026033,0.0,22.282687609798025,-189.72532206055305,-10.64945927258718,-0.03720877519960791,-1638623.9908816023
59.05373030552188,3.229030880418719,0.2981886428763687,0.05852554322233078,0.23966309965403793,79.85619408310006,78.65311842544031,54008700.0,2.49180683850619,0.0,12.626218649948987,18.025627575871802,-0.9124597178731467,0.11539238132650136,15977041.961584672
62.878301303370186,6.011547178413679,0.37957965819884976,0.38055519630431345,-0.0009755381054636914,100.0,89.96388682996523,63501700.0,4.838277726572309,0.0,22.379516472547554,10.536966294117915,1.613955630772471,0.15665533081783706,62491868.37107653
43.222485259941315,2.1189732835978248,0.7605030365972425,-0.4394827176865914,1.199985754283834,41.90244572145841,69.83025322580421,9262100.0,6.159646749890673,0.0,26.591492198345538,-19.667761524509068,-1.0135670609581149,0.19783628327231412,17423078.640778713
33.05002640285558,8.465748468521099,2.9262594008285987,-1.8183302739905134,4.744589674819112,31.566450554386492,54.49007202243315,27974600.0,8.744738793585835,0.0,49.789517981712564,1.4672535400425712,-3.2915424029938585,0.020577297901038107,1319330.1887750414
61.91242937156522,7.826937558339978,1.3782641746064996,-0.23448253928225782,1.6127467138887575,86.84965458237873,64.61275169607528,287277100.0,4.28735110132155,1.0,33.99896646572212,45.66261253555611,-2.1677912052750585,-0.1183494926435836,-70553633.8213862
44.9338418727563,1.2519667199511986,-0.26518983164207377,0.023409301850684683,-0.28859913349275845,85.71436356527153,86.27887900190969,-10169600.0,0.4864475377439829,0.0,27.764475207785765,-54.90850083094092,-16.62571438680577,0.09231897852430168,3342553.7903219466
54.842408314238384,2.8348810412710606,-0.38709777135164813,0.14738558157151638,-0.5344833529231645,90.14091065390566,73.8022393588954,8055800.0,1.8827592947396021,0.0,27.27018404244145,-62.67976611093649,-2.2906264233286646,0.017528852041471765,756635.2540783677
47.6885283943689,4.972675966631513,0.34757664013025646,-0.0503630462969078,0.39793968642716426,15.384648824887924,42.29219342574216,4821900.0,3.327382386766304,1.0,12.482797349941272,-0.3474552760990101,-2.3907828703222176,0.06965759121184771,3680285.895994043
68.71350988319222,16.466899895644417,1.5051217495757214,0.5872410026351953,0.9178807469405261,93.13816643631947,85.85731760883698,8350700.0,6.1595184024546334,1.0,11.15954429430894,112.2489332188689,-0.08245096432398415,0.12858076223033962,5364434.244791409
51.433298897505544,8.79619186683469,-0.18681055060983454,-0.06167648691935071,-0.12513406369048383,85.55556183489972,73.95067449575298,45910200.0,3.753597571539168,0.0,20.409080699091835,-13.008984010128248,-6.072467306385869,0.20021976454491533,46450900.473768756
41.74984056791353,1.8788801325745226,-0.6201017449086663,0.014749793020840007,-0.6348515379295063,44.17899706438984,34.3640038952212,-14718500.0,2.1345004472035107,0.0,16.882430818648704,-85.8778623291362,-2.383699396962009,0.0520797424180003,4178660.5836611544
23.25196481490685,2.151288199223572,-0.8521755812904104,-0.2823872002046225,-0.5697883810857879,16.5644473290875,30.941669018087783,-13292700.0,2.6674955472366944,0.0,11.586625135514069,-146.48325810892982,-8.503569190727896,0.034026367677136286,-4547090.349002717
42.52052840332724,3.6076072680834415,-0.6462727215794359,0.11646024277966616,-0.7627329643591021,39.897676251875644,62.06200147651027,5859300.0,2.283956653703686,0.0,16.790515565064876,-88.06202639403814,-4.461221781843298,-0.017974938436222474,-4156256.436294171
45.83725489849524,10.222661841507545,-0.06367009657361677,0.1489242010150834,-0.2125942975887002,51.466093549188386,78.09220743700091,3717200.0,6.263836798138143,1.0,26.09668904110092,-33.389554800627195,-5.194114997091114,0.040921759920286925,2498461.774965804
27.91536933630032,-0.5177283459806858,-0.01845283497155492,-0.4579836131393112,0.43953077816775626,10.46518996165028,44.6521644791001,963400.0,2.7268478996954095,1.0,39.16913206068916,-105.78169537452145,-4.277668053864238,-0.07569016510341461,-2195626.728239333
53.961684591839884,1.08379609080405,0.15926321214570294,-0.0072176235168722735,0.1664808356625752,71.32868811788745,75.68693613678074,18802200.0,1.1836366567925063,0.0,10.961371643724092,38.28961029826215,-0.6562097477848899,0.2432638547747582,13213827.954423113
75.61759928493737,10.248726220898078,2.067027470456935,0.48872727338210553,1.5783001970748296,99.6881622190922,92.94331244120785,12521400.0,4.195618196498369,1.0,10.203198159217933,153.67320204131389,1.7124279502831774,0.26881740897129075,10648501.903335024
47.16283144311262,1.968572321352184,2.136682594222549,-0.4648668606797677,2.6015494549023166,20.812162099360215,40.14545685150046,204979200.0,5.183509064770623,0.0,24.278727667691005,50.58213697600921,1.7088851893433992,-0.09683404407065377,-50430043.55039008
47.917224996971406,2.082777983529809,2.0655047178763652,-0.43086579140807757,2.496370509284443,23.19297040888942,39.75838782315615,130932200.0,5.146079028280765,0.0,24.323940458998223,50.8123181260681,1.7559592486511058,-0.12077221243723661,-55607975.67962024
76.80368233528688,1.511275930363098,0.44249351145277416,0.08559976576367329,0.35689374568910087,99.42866734095982,89.33647603631489,69918700.0,0.9116336753389158,0.0,10.609641940146506,89.49841646090522,2.954664113602709,0.2006817296554139,60490373.84491392
63.510603241069724,5.208963168440505,1.8280200318428683,-0.15125709372506968,1.979277125567938,69.62020426602227,68.85755881412614,182663700.0,5.678026847766583,0.0,28.350879638715313,43.61349689777914,0.5155881013060705,0.05176006393125124,157152926.57826298
39.41500229390467,0.24326848196070827,-0.05102398347032633,-0.0016138098406393853,-0.04941017362968694,29.629551138049422,54.020568307315585,-369457000.0,0.1954081767075941,0.0,15.790317873512253,-99.94638848674606,-4.343218915645988,-0.11208045546776402,-29095689.311289877
57.49241201770946,2.7960419673918437,-0.1265111244412651,0.12496032605326324,-0.25147145049452835,95.65219451631552,86.08760182750535,13799200.0,1.7415298077396215,0.0,34.67205590646038,-8.383724018536462,-0.8875690134488904,0.125162365361216,4747377.492839285
55.25521872178045,1.3138737914871683,-0.040088826975690495,0.13014968118412298,-0.17023850815981348,79.72518411510701,78.19400158984968,1766200.0,1.8438053633086895,0.0,20.690823107604736,-1.4034214162597622,0.13586897166587725,0.0910077893325978,5751350.650248105
61.04131715626827,13.853521137714722,2.061229660934657,-0.10707057647674612,2.1683002374114033,84.86997550655263,86.61786960400688,30959500.0,6.5111344304555265,1.0,31.993804669612803,26.876089583488902,-1.464705268436473,0.17460271920739134,20459502.21669239
77.16619298797045,4.5083334091936536,0.6106984503009585,0.26047688999078467,0.3502215603101738,100.0,95.14742395849488,28071200.0,1.56618660449565,1.0,10.020437539410215,185.78749993711094,1.6957195234510014,0.07265732919815902,-2460714.2026277073
55.01880722912802,2.8748029721220405,0.05506785004538983,0.24875405913679832,-0.1936862090914085,73.30520803025895,76.24870054501821,12485400.0,4.6036999931102605,1.0,16.299383368783584,-15.526634819009956,0.3421106527483554,0.10684083613801416,-4707717.816876821
51.042629368428365,1.063853794693813,-0.02896965172402588,0.04586990511188119,-0.07483955683590707,60.986482649140754,58.52010496388872,-2633900.0,2.9816246755519615,0.0,16.989505598936354,-6.098168245988525,-0.09820383841609999,0.1030192366678076,789380.8339661972
48.81583072443129,11.51344749292349,1.810622367074643,-1.0329598737103436,2.8435822407849867,53.925579003884216,53.7370358072259,2980900.0,10.455285508892096,0.0,27.094171694557453,2.716205544034116,-2.66737533332293,0.07977978076316407,1218910.2818711053
35.135479416868854,1.8387842855588872,0.5075814549171582,-0.5628777584895963,1.0704592134067545,21.270380771640696,49.72703849413487,12292600.0,3.353592356766177,0.0,32.10646460115036,-16.440659428276565,-3.518463844476744,0.034224946591086686,6277820.678045348
81.26843669062583,23.52024766245296,4.056012989179749,1.1957268980243034,2.8602860911554453,93.99871426382259,96.29843442890494,457300.0,6.811963388728622,0.0,30.291598469588457,183.08864427649445,5.895524152084434,0.2739703837173531,26945013.64339485
88.19229278555298,7.766981310835419,1.9516489002304667,0.050677754160408206,1.9009711460700585,99.44912787337297,98.2749609061508,128028700.0,1.9698718056613265,0.0,57.25641180033606,127.54659732982094,4.0055288523811345,0.3794766042422633,85156178.68727659
47.544127962769764,10.74836667353344,0.3903346523620428,-0.5811115658846533,0.9714462182466961,60.389555057497915,59.072889629924,14935700.0,6.28279180693734,0.0,37.15403556391039,-4.839778699676606,-5.134077597099842,0.06349521900786738,13232677.345898613
39.594950564479205,10.145525049956007,-1.6375187277515124,-1.2144825081067536,-0.42303621964475874,40.08001004291569,33.211944404018496,4723100.0,8.40356733842263,0.0,29.94875035574117,-64.52943439565176,-4.044664147291531,0.1290747640261642,3234941.9727294445
79.14460181047995,23.232763713191503,4.123043418126429,1.3417510881444983,2.7812923299819303,97.88221422502598,97.85578498488026,6780300.0,7.608841230080282,0.0,24.307721280144015,213.1553541781353,3.93456833168977,0.24387531499543855,10996696.7283482
57.31615365489919,1.6493391063300749,0.08399891813187566,-0.005219840515697807,0.08921875864757346,55.76917433884752,65.04149939976699,8417200.0,0.6955536424691215,0.0,17.302514334714214,47.8030796947598,-1.478113852338904,0.046806969994270885,-3365360.8141595987
29.328638399289154,5.9577653606735055,-1.592319956789197,-0.19881236628581833,-1.3935075905033787,41.28443852935618,49.53086051274577,24706200.0,4.462985028474934,0.0,19.27304696158433,-75.24672022680382,-9.260283929749313,0.0039291124812514166,13632843.605547851
49.90094316947019,8.619848847402295,-1.1319358559828174,0.17037219915921709,-1.3023080551420345,69.98576135510226,68.03068664114284,13259900.0,5.516276886470483,0.0,15.071037099865604,-25.46967959236789,-4.5252285369553995,0.06534385848636301,239037569.1504125
33.86025995891731,6.85338495723974,-0.972040654897512,-0.6033148979731109,-0.3687257569244012,31.483061721652703,32.440603655492716,19610400.0,5.200972843573417,0.0,22.672522495896995,-64.27780017308447,-4.742889321276311,0.09208710713815416,36070951.37744069
33.22610472673163,1.5311267501651287,0.5360542624552949,-0.4382571053069695,0.9743113677622643,16.30184182095614,53.445505556591655,13154000.0,1.91265292574996,0.0,57.16207763171081,0.9441201643347551,-4.336359495807242,0.15297375643881303,18494662.29243602
70.47723870810397,4.583668530664539,0.6593871616793763,0.24952396183916092,0.40986319984021535,98.83935765492694,89.23579331550086,4164500.0,2.257558336028723,0.0,13.099563414332344,148.00380684857643,1.7760866584395996,0.17320804297975237,6623220.586296724
39.18306281418627,-0.08883200939550306,-0.04773280075622921,-0.05778624153308669,0.010053440776857481,56.1642511319961,66.5960698173317,3022300.0,1.086895987264394,0.0,24.92253694135734,-48.46586504518738,-3.0638781057168987,0.16270437610779762,18182820.218452692
46.18213961952367,9.217619931732003,-0.7621029881812547,-0.4713310832055884,-0.29077190497566624,61.13346995417793,30.454106427934153,197177600.0,3.5508588896786626,0.0,25.468861712383042,-63.79372402047401,-6.886537560407287,0.249986435218857,82109305.03230202
74.9680455755745,11.748530692833128,3.188309268805142,0.6183660644114122,2.56994320439373,98.88884541648734,90.94792641051863,9677600.0,6.898812585268145,0.0,11.05617097590061,153.78785946626397,1.9080174630746567,0.2454641706924983,9387619.606582846
68.36669394141035,14.421383698792624,1.5628557149995288,0.5363098531729449,1.026545861826584,99.5641774472633,92.09038185939896,6922000.0,5.144714706817538,0.0,20.38630017935128,110.17313953922628,0.9390569264517022,0.33156707694469423,6082064.068727662
68.867713966204,0.8762360683226262,0.1087175515993053,0.04317602887846689,0.06554152272083841,95.6523421734972,78.55075760508963,303570300.0,0.5280655226450662,1.0,10.162716279256914,74.12534240216154,0.7575793543404533,0.08740387440382454,159445047.09771147
42.826150313675065,2.1792099087953147,-0.5917390408704932,-0.03792460017821453,-0.5538144406922787,49.12948134855868,47.453079944867646,9288600.0,2.8002985574743264,0.0,12.589493322415509,-61.5430462362637,-1.3824477171581333,0.08669971712123571,7160450.097671091
45.129203830656415,7.270358478359242,1.8711100617881016,-0.7223270378232689,2.5934370996113705,33.89556620838898,36.5685695131825,4208100.0,6.095799428670759,0.0,47.13071713950838,15.255459012420312,-0.946047012101887,0.07223151757147331,4233543.688650298
77.97501356166278,6.090350355914552,3.6401514167936853,-0.380624524609142,4.020775941402827,68.35248771796749,69.04467574431085,13923200.0,4.8827911315900705,0.0,35.695337749711676,75.84656613866647,2.013336498133418,0.4109279852683093,16303038.29781751
48.724335239531335,103.204304030799,-6.046900879523491,-6.095745714375162,0.04884483485167035,49.350445556620244,35.28863236677163,836500.0,83.92351398091569,0.0,17.68691620213339,-12.611710773553273,-0.9668727726089381,0.002154134379330017,-154639.98092432736
66.23560605892011,7.218211301442096,0.40311414964688197,0.6048665828589803,-0.20175243321209832,98.48975668210655,97.16660949578336,626400.0,4.081766590155858,1.0,15.179828494212089,20.245517267541,-0.4565171452031017,0.20121746230959692,4959181.569478105
35.54952875181764,4.771206134500034,-0.28535725955347857,-0.5447224146677054,0.2593651551142269,31.78963128756209,40.898689851861064,-1521300.0,3.724690083816863,0.0,18.769880364210806,-43.8816874239706,-3.837134316066719,0.2627302886342194,4700702.78361489
69.6359604025095,38.50498344786456,16.29481041604822,-1.2545244700306597,17.54933488607888,82.0691709359522,70.1091138486639,12200800.0,21.709698421122475,0.0,36.27902798172991,82.90311406630342,3.4629988409497137,0.2557068520168138,4116586.1407966074
56.34073421470288,1.2569924428356245,0.035081932343842936,0.02275603329174861,0.012325899052094327,68.5714752820837,71.86674694796106,2904500.0,1.0068755854202445,1.0,13.877522510568234,29.030998072779944,-1.2437184686862723,-0.009808806793312232,15547305.179922478
38.0112506366973,1.8803211678186358,0.0841081847739531,-0.12235412184952388,0.20646230662347698,22.453892730521424,65.6320220988044,14714200.0,1.2678846925507001,0.0,27.114861876761577,-32.66323763795085,-2.6494445436644423,0.0381561233481483,9687203.967266109
56.612594976814975,1.7283595001185432,0.3633583914919143,-0.07301304769394124,0.4363714391858555,67.24161177557738,80.39182851811074,781470200.0,0.9446470018801068,1.0,39.185355870236585,32.71426312373889,-1.3649514754957548,0.12148878612473824,277144846.97059864
27.4006091588707,0.6701432297254541,-0.1678220652740059,-0.08202531222154212,-0.08579675305246377,15.942656976705152,54.047323721427084,-1557800.0,0.9003601947923403,0.0,25.434119096067445,-129.05951917298185,-6.144844121678493,-0.0796761761794903,-5051022.794373076
29.460109278872114,1.6339679719013418,-1.422913254078452,-0.11814287129328327,-1.3047703827851687,16.903003784039218,40.82225860590975,-27675900.0,4.543855258402335,0.0,29.027228545327183,-50.47011375231878,-3.4262639759144093,0.10205157300489738,-9220018.643010864
37.73746323311407,-2.064519489211307,-2.486138450677913,0.08853300587213031,-2.5746714565500435,32.49024060797672,44.782085912364,-9735300.0,7.949340093377226,0.0,25.3086544825654,-118.6479831074124,-2.23600553257568,0.03535301365073815,7710789.394033248
42.82861411342306,4.108730160341125,-0.7619041336382395,-0.3457302330812051,-0.4161739005570344,45.993017465198086,30.73945752439013,29966300.0,2.5693491653487466,0.0,34.029348847157344,-82.87353088752153,-7.493233306254842,-0.07168921061471518,4601266.494164137
54.44602849233743,2.4831894682699556,-0.18922330436402035,0.13070752531118313,-0.3199308296752035,76.66675850201014,78.29727950239989,33249800.0,2.0726556620870142,1.0,11.449258860584402,-37.04881418860762,-0.9374344555400024,0.10342714405404356,9272214.033807889
63.05861614306463,7.29588535161858,2.001939705017662,0.05563125149143655,1.9463084535262256,74.46805287114012,79.07756670529429,4856200.0,3.6904533379080573,0.0,22.02187967292755,97.82007614893269,4.419144210201216,0.13038938439340236,4994682.146951014
55.674046710370966,23.779287957008933,6.267445154284701,-1.3246170264136312,7.592062180698332,67.02567858573718,76.5426984543012,7218600.0,18.77562710720704,0.0,25.136055654356007,40.84104554718812,-1.1761035444742713,0.14100099293805496,3183776.7285189074
43.479503848455884,5.307563036254663,-0.5550971769578155,-0.058283073648206174,-0.4968141033096093,70.87619946515652,79.13110646989554,-20652900.0,4.121888106244907,0.0,16.908550713022862,-46.280006281015936,-5.378322804213922,0.07574163720721973,18392490.184026748
52.1291485161227,1.2005097201408574,0.618340720973066,-0.25144025293577654,0.8697809739088426,47.773415660994544,42.702802272851976,77393400.0,1.6076715372512673,0.0,37.632627562751736,30.806478717752405,-1.210165806132739,0.16313251748318758,11549756.094366377
79.27604289530954,14.772699887129306,3.5014225030407147,0.18034384311578755,3.321078659924927,92.82181957355948,75.28650852992864,197235300.0,5.13823111796402,1.0,59.018988282145195,106.17406677159352,2.7451140294559413,0.2025357045839364,51826749.52590862
85.64081677585202,237.19260836620833,91.39982895148842,2.1665742325645425,89.23325471892387,97.05615057509875,96.19921663081311,3186100.0,106.69123866926445,0.0,47.713380827686926,144.93788228458422,4.172229054070125,0.16473465457961076,1745480.8621916573
41.284530519193915,-0.2381193795741865,0.19201255420833263,-0.16851426233934153,0.36052681654767416,35.0649093290688,40.71042435535946,106243200.0,1.964178232168267,0.0,41.737872469407094,-32.11491881241077,-1.763488052090547,0.23824643676406798,32708908.34635646
76.90431748193316,1.903480305992403,0.2786236382453211,0.20623785353739016,0.07238578470793093,97.11198544631262,98.00029596618985,56270600.0,1.2712550781381728,0.0,29.581631411050836,113.11549301272404,4.363638321983623,0.10896419777342661,108965358.70275284
90.92390719350234,33.83097595225931,7.391988054272474,0.3444211744213437,7.04756687985113,93.16378579792085,84.14660106773584,490682000.0,7.818422923056515,0.0,53.04601762166038,126.88309884344872,8.792268951424642,0.36025026449240793,277407642.3359585
66.61706369565339,7.556081458994328,1.126185294441882,0.17298296046937367,0.9532023339725083,88.79831687291396,88.50198188313311,2826000.0,4.2060750111623,1.0,7.479097559863428,81.84222451979441,0.4891972318466057,0.2897157522955986,4059517.5596206007
70.34552374867275,2.697851803092277,0.46361869484707086,0.21958246349736169,0.24403623134970917,98.73814377411257,88.74642455794184,3095500.0,2.2360183047854414,0.0,28.60457641657913,137.21224089553914,1.458356385227302,0.17834503048216,9695465.397195116
26.239054508072915,0.4277021860834864,-0.40546191607909066,-0.11033148333587217,-0.2951304327432185,31.132083959369854,27.39408402494011,4209800.0,0.8183503614904684,0.0,21.05611458984548,-190.42662267959554,-8.00775665677354,-0.07822391873932348,-326255.88926222967
30.56062910618396,7.098475605569433,-2.295901967884788,-0.24583900993987617,-2.050062957944912,32.97059819750413,33.2336873090897,-13438300.0,4.325997978480267,0.0,17.275806764123274,-104.35192478122514,-12.441977961016475,-0.06003902944794004,-3538073.167080215
41.914021582584716,-0.8752135608581,-0.10642773619035495,-0.09546436458575605,-0.010963371604598891,37.68555600582278,48.479189115140436,661500.0,2.00977408685575,0.0,12.969704152137695,-33.673717563794206,-3.055419469923209,0.02157745911028953,2522827.216085682
57.03410461382512,6.42501522029292,0.5818319520483897,0.03063987760419773,0.5511920744441919,63.24777964709104,77.2579235063893,6474300.0,1.7876697657705065,0.0,12.086054626832416,51.99747282702884,-0.36851417083636795,0.08094177933599722,10308805.1259803
46.67574978507052,2.4131986987986096,0.22345158264546683,-0.2372684533910917,0.46072003603655853,58.28410714567867,45.0796476731756,3899300.0,2.1548952073189964,0.0,18.80066614849237,8.767890905938696,-4.148380617624906,0.19449147954800283,6620069.80158293
35.45162817547139,17.32507334379426,-5.918684123094067,-2.0741393802413706,-3.8445447428526967,34.03164484293699,24.419287862735786,13161300.0,10.23541021313111,0.0,44.536598776980995,-143.1720415983478,-9.027863851133134,-0.01635549877043592,5637654.36354802
16.702387451856882,0.62693932155425,-0.5985496418173817,-0.18567266798433313,-0.41287697383304856,18.120827276864322,16.25289900979978,-13492900.0,1.0864090034716307,0.0,32.32528296968815,-127.95774677713543,-14.983714225254264,0.029235131599293113,18789718.023727845
64.14273388133213,5.065566721555513,0.1816473331251558,0.25288858078130066,-0.07124124765614488,97.17173211756347,94.12123356225099,1186700.0,2.3587513709460777,1.0,11.779041860526076,-3.9618252717676063,-1.5046355125715372,0.09966131043844668,2588908.294890179
48.20593915888747,1.2142578390204406,-0.3190823316340925,0.05934769324417449,-0.378430024878267,48.979634204571404,62.99322681446343,-14170800.0,0.8499624094210289,0.0,34.8593357087956,-57.2208730113593,-3.575451693120926,-0.06213096269332053,-10514579.912317267
54.16662868608227,11.999695493949247,0.2052618885606705,-0.07160854333861988,0.2768704318992904,70.6216028655543,66.683558065323,34774600.0,5.675170317485147,1.0,29.373538290797097,-26.459983077867285,-2.6107036209502987,-0.015718635089050116,6079571.677170319
69.38480051766497,3.3713789094873903,1.4107165804121848,-0.10386074020557645,1.5145773206177613,92.97637698835945,85.25095266880287,37494000.0,2.867897532683173,0.0,27.00558470655047,90.5517517567524,0.6482982171799028,0.21587034700946164,23460837.690945134
50.436834399317085,5.656061030802135,-0.6756660805150432,0.1906509927352682,-0.8663170732503114,75.47152836007817,74.29859076047747,-12004800.0,2.1783842299749088,0.0,16.218188341280495,-70.85443893924426,-4.535320523059944,0.07977094298846,6487118.286955587
67.80947199378949,2.0113326114537315,0.49587323955447005,-0.030739723306501876,0.5266129628609719,87.96303981943765,80.37790190565394,320650100.0,0.7884955203194206,0.0,47.77589127892573,74.89745658598305,0.6413062410993113,0.3630552691619547,261596687.42531753
32.18405993862081,2.004276322459475,-0.1786852413317348,-0.28563399366817693,0.10694875233644215,32.087198537817805,41.63244057069303,26871400.0,1.8100433170857864,0.0,41.99665134130901,-91.94839719565908,-6.982288041413829,0.05022514345531934,30371287.264047142
42.299046933429395,8.527477028256442,2.7659989324351955,-1.1705818434395763,3.9365807758747717,37.35559823509566,65.74624638436184,16594400.0,7.885697369090036,0.0,47.285831748314536,10.58680103219822,-2.5199314109680824,-0.04620109638998307,911702.473283144
65.58287503044336,3.6142199455929074,1.6193984155327712,0.06804402957544387,1.5513543859573273,82.27117133683183,59.71416750357158,9529200.0,5.18819692691841,0.0,14.27697197821712,60.13338883610428,4.593803709194479,0.22362322376487617,4039229.8192370078
49.07985813681513,6.715621215797597,-0.4319431032700294,0.15406708275143988,-0.5860101860214693,85.1612426884993,91.14641079888952,10490300.0,3.3155893512999772,1.0,15.750481809387777,-55.15996043079192,-5.356738104295173,0.16728516447108627,10962960.934884626
21.39948768455027,3.6825816103947773,-0.42670361684685076,-1.2688098216823147,0.842106204835464,23.165974260355902,35.99071056957257,12775100.0,4.997297250200647,0.0,45.78660102974819,-82.6095544643316,-7.232897523158828,0.006657918471359738,8135188.555794451
59.023703846323144,2.472777284409574,1.043125813281847,-0.08820347013284113,1.1313292834146882,65.69583123463009,59.95896737937551,9986000.0,5.666049659187076,0.0,11.734130004438587,28.61648716380034,0.6374495540397831,-0.07337124992008186,2969147.3059167787
23.951978403631436,2.122783260476993,-1.375092594227148,-0.1693514140566883,-1.2057411801704596,21.282012909334373,21.802049004710174,-21229900.0,1.9659021180864806,0.0,29.49048696422051,-155.87956437545424,-11.12010208421528,-0.06350762996443451,3182555.7267927323
55.70971556710217,0.4947365870550584,-0.022458851440759986,0.011089659806349815,-0.0335485112471098,61.53843896627512,47.43588614980422,26812400.0,0.652106983309789,0.0,16.835492088220782,-21.347017381008605,-0.1865663485346103,0.08439578676884958,28460844.691913106
79.72183286289606,5.654565743917686,2.0030543167104327,-0.034029492543908635,2.0370838092543413,93.42402098168255,71.25147856963274,47190200.0,2.3729187681919504,0.0,56.355081567203676,117.61300359560316,5.912511407587675,0.3953152338376168,24795977.437188644
39.693245901293736,6.396943366624839,0.2877631312153994,-0.5686647979287535,0.8564279291441529,30.483195462065705,38.768015401550954,-787300.0,5.442346417569513,0.0,20.00482915539598,-36.53423867234518,-4.206574365624266,-0.0248616950486133,11744550.208413871
56.18486017103428,1.144792712604783,0.691168722998313,-0.1678638438896829,0.8590325668879959,58.82357341072457,65.72661863584129,180288500.0,1.606349416543872,1.0,46.04954980319062,42.06848532126418,-0.6539652893096607,0.2625308714547683,43527356.683698975
26.04196800173031,1.7012017861384834,-2.546965520135643,-2.133563517071451,-0.41340200306419217,35.26536640255052,27.37269801690287,15675400.0,11.522823401903382,0.0,25.312691509463303,-129.17611516737648,-7.599766230708748,0.02970354020030976,2791868.1746641602
55.502406803933006,4.678174987067109,-0.012157122905819051,0.07878529795371805,-0.0909424208595371,73.46367286397464,70.58265057141124,10688400.0,2.7747075122022804,1.0,10.90113528779065,17.453006167536515,-1.816381540334326,0.053895563732899124,-19689569.345525973
32.853818406896266,0.903111736535358,-0.32603269401663937,-0.08522927624220777,-0.2408034177744316,41.32838783237849,27.019449080157845,-67115600.0,1.2473061912434376,0.0,12.22360724185744,-140.56400684282423,-4.740060314797103,-0.021255582373152917,15955487.537257742
79.28665800867311,12.802808858090827,2.525609263901174,0.8983129259862173,1.6272963379149568,99.49707430540788,95.10506400503338,14167200.0,5.204230800286389,1.0,11.155053431283028,196.83347372230085,1.9026284643072475,0.21153108583653094,9826770.346717548
81.11379642104235,4.919273926118194,0.9481747572955754,0.16270182740153494,0.7854729298940405,72.49417125052686,77.2715400542931,9275400.0,1.978529874516635,0.0,25.84471730763646,128.82715024285972,3.3604688279675035,0.1715896028513804,1802518.5753399725
48.37481178338675,3.711981379442534,-1.7296462079489174,0.44765997629440557,-2.177306184243323,57.093226468988746,58.53937594753865,2984100.0,7.824282728878992,0.0,24.129636749237285,-25.96275769010327,-1.8539328727392088,0.048894221174237314,-618454.706208824
69.37337117638332,7.021459667796961,1.340522907099995,0.17950411767994412,1.161018789420051,100.0,98.46194290176474,9031300.0,3.0209843899721642,0.0,26.976423694635947,94.97231235680668,0.49052465210800583,0.2765464833000377,3481583.9690210796
78.72637797509178,7.502074656516271,2.6530966318240985,-0.07442403067110082,2.7275206624951993,75.81696087231143,78.01848700291856,20908000.0,3.6591164069471414,0.0,38.248426512346846,98.69579651180042,2.6443269986387654,0.30181687154144354,12884772.7334896
68.0810643267313,1.5811523446194684,0.5476743875119539,-0.09717338790995311,0.644847775421907,91.71579869262162,57.611995858686235,168052700.0,1.2000492587618083,1.0,41.57587110664208,57.13102068949764,0.3615208206504041,0.08336245311340441,31020889.52349203
65.8043307566804,3.800165712303567,0.7632016730619284,-0.044065509225591826,0.8072671822875203,95.85069202618683,93.33233012428019,192218600.0,1.6937439392784717,1.0,47.76025267363565,54.013397619471384,0.1056548200805016,0.1785777601335403,83499713.56352207
46.034222690907555,1.870216706910739,0.06551049238190387,-0.05456825301915762,0.12007874540106149,57.89475445382875,76.98163880846596,53260500.0,0.9931730774722718,0.0,36.88249030820326,-22.311665153128427,-4.208508690522603,0.10606410346299314,28563981.771856487
34.13251883706987,1.919912923337023,-1.2756597446760338,0.1183094605495496,-1.3939692052255834,27.272306919967235,59.9360806499271,-4410700.0,2.5779990821749452,0.0,36.225067583260035,-101.61767763736755,-4.3883545892987375,0.0656902428410311,1644560.9559378824
88.62103427903723,6.380033989160438,3.6231934420214884,0.4134948510706664,3.209698590950822,99.14965931239804,89.83910920097105,29925200.0,4.753150256589972,0.0,24.660601333707408,122.65715862437294,5.219147440799225,0.14857630598539295,8877861.276962323
52.79988811498842,2.717234154315477,-0.31258958903239886,0.10449581456500384,-0.4170854035974027,92.49992370605469,79.55109152211264,21598700.0,1.3772472764277983,0.0,19.789565016698074,-43.59481447861022,-1.7489855584861882,0.19272748348851024,8641345.44934324
60.60723499915764,0.10119284273231699,0.1850675948658136,0.038148885585951364,0.14691870927986223,76.61687954299596,72.24379638134603,106885500.0,1.0857341258464657,1.0,12.381693877402071,54.154920960986175,0.0,0.11201446399363725,53742772.25895256
48.15012504209764,1.1625462130268716,0.4522758305143384,-0.1156638015912177,0.5679396321055561,45.454230190691284,74.27930362409911,47852300.0,1.5862826313068943,1.0,39.92414255046837,8.520197590810493,-1.0600372094003012,0.21419080203127602,17322646.04856506
38.643799213853605,17.336594041593315,2.8264320583934364,-3.1062367774393813,5.932668835832818,19.904066710019258,12.122683478735363,95293600.0,12.758748290118204,0.0,36.97537558745493,13.162366554625779,-7.408237959694944,0.09020225212749156,63786430.237886325
50.12560622761598,-0.31882041714831644,0.4123393430574964,-0.020566769604586033,0.43290611266208245,34.252064291142396,56.62712999364936,-21837400.0,1.6774262406178342,0.0,11.083511590266026,64.0033062437503,0.7672880877834439,0.187079152662389,10083889.230953068
37.62550343791288,0.7183230503534617,-0.09929395886732806,-0.05546101440017433,-0.04383294446715373,38.75977703192228,42.48187900635299,125246500.0,0.7074690088394862,0.0,13.681437025640378,-105.11948957116758,-3.2412562740105253,-0.030556669173169865,50667485.260281876
49.38172063762545,0.4538073180513962,-0.09877870874277406,0.046193376586632445,-0.1449720853294065,49.230751173020096,64.29144559944542,-19821500.0,0.4920846901630759,1.0,47.6631491620864,-50.05806318703908,-0.9573512521187921,0.0863812075685565,-10187948.031637978
51.981251959008404,4.978233680958411,-0.9095566469212173,0.13300652017475123,-1.0425631670959685,74.39034602108319,58.98844883741517,20109900.0,2.381041032776235,0.0,16.71414524680043,-47.17138200432221,-5.379160090667007,-0.25537063421869816,-40165516.76719113
49.34585240257939,1.1362351352752285,-0.3861363080158924,0.14008887803002634,-0.5262251860459187,65.74586916203002,67.72684691419391,-4424100.0,2.150395209624972,0.0,26.203792372971122,-18.96936879403212,-0.41231211180453653,0.05960788904839291,1794388.5838683865
16.72858766404446,3.9929081490593603,-3.3344084683964184,-0.8329028572433486,-2.50150561115307,21.147646298979893,19.685055467603245,5256900.0,4.341062094419428,0.0,20.952443020963347,-206.7805026671784,-10.965135202765147,0.02279092412686972,4406380.434226678
78.3675030489932,29.680789396522812,9.603752085375959,-0.3056890747938894,9.909441160169848,94.1321185425188,73.357713484636,72806500.0,10.971313588710434,0.0,64.00798311638665,130.28882139041306,7.663505747728897,0.1836420086499559,24007191.071812507
8.727474658809891,-0.5518980792185033,-3.1302189588886478,-1.2536892017835861,-1.8765297571050616,8.644400687694889,29.56462214638908,-16461600.0,2.9188284949163843,0.0,24.12954733410384,-332.9812933858084,-19.199226387474248,-0.03419680960665343,6819542.28624036
5.649138852524648,4.778878124130763,-2.8275197716411,-0.2935531165887242,-2.533966655052376,14.043544844428599,8.888448470092841,-8970900.0,1.5275675028947089,0.0,36.745128422347285,-137.49585306307225,-20.426066548182394,-0.2342460623715644,-22053037.24507795
79.39312519247699,3.705676426337952,0.9391379002702607,-0.006558788649409064,0.9456966889196697,98.8320860332713,92.32891238027509,56176000.0,1.1049059349235058,0.0,47.07590428468041,116.36797576703611,4.359246889752692,0.29898249022104595,38357112.67687366
28.474247907417055,11.05161082994897,-3.082143017961812,-0.8984908958917077,-2.183652122070104,30.85569927639116,43.288043478457645,-185700.0,8.830649814066797,0.0,15.059264571283688,-92.81114774777893,-7.658120175629634,0.05345075196109378,796077.9868714004
78.7863439164679,3.3739928321772936,1.1426840013225785,-0.030006986185079132,1.1726909875076577,92.27471044784025,83.1617596102766,49972300.0,1.2716755902840484,0.0,60.42277801272981,109.74154496019729,3.659476035520998,0.3854954145737186,34541497.412853025
24.497205173879482,3.427092167887224,-0.6986745761505944,-0.043180148834939924,-0.6554944273156544,49.23070301908717,46.39105817661933,3826500.0,1.9130302869727471,0.0,23.50928837863994,-170.2312560358456,-4.831798056788501,0.006412014318790046,-446844.0526029174
78.16184875254545,59.53610894949816,9.003881209246515,3.142756843478976,5.861124365767539,93.76064202724359,63.26424610620358,17287900.0,21.315605475648212,1.0,30.861249836625287,219.2618519111626,3.023894881228864,0.21956495404679455,13364628.29096792
63.993192823756495,1.2673206254489209,0.10274187665454448,0.023443342401836625,0.07929853425270786,83.16831309215135,56.426464595902985,41893200.0,0.7173687011383091,1.0,11.074686435845141,83.05755414282137,1.1290350615296845,-0.06646333697925967,-2826187.5256412
74.30073165365964,60.70573930720923,11.383769438164961,0.9941809455368578,10.389588492628103,96.9862972752053,84.78587081503731,44769100.0,16.54794392700571,0.0,33.31674361094705,158.83414495617575,9.085735731646517,0.25028107497150953,33934391.21093958
38.237918874083455,1.362885919616204,-0.517684484902361,0.011480262439760303,-0.5291647473421213,54.054030169937874,58.79805749460595,3410300.0,2.1386468090503445,0.0,14.633647941073743,-73.32402891510613,-2.374902572735935,0.07339806798334646,11649794.536721757
58.19617981905028,1.5600550950584982,0.39624076480362547,-0.040021683914961526,0.436262448718587,45.24641548936134,72.7146178430878,152362900.0,0.6355206894594019,0.0,37.22767423999715,62.729939557924446,0.15898234664866032,0.2123791461452912,122515248.14583154
35.74979435969057,11.345531755484444,0.7501281543794676,-1.2181451164777322,1.9682732708571997,22.830050083472454,55.81328535143331,2821100.0,7.890572756949931,0.0,18.938562353535826,-11.762202260264477,-4.614786354250787,0.11491564264189218,2982354.186821539
61.31297169162291,3.6209403587926303,0.011636653248267237,0.3126188330735003,-0.30098217982523306,76.68266210859233,83.32847209516518,57710700.0,1.9500206844748056,0.0,14.64121421837208,5.743670132935089,1.7111781796139842,0.023956480023079135,-21875362.774440594
45.72130521055088,9.73143010870811,-0.9136606887278731,0.1827616714080338,-1.0964223601359069,40.72709517045455,63.96406464409822,19385700.0,5.694490148198741,0.0,15.880313364844195,-62.63932266698548,-3.508237653051816,0.07678801826055517,-3752162.2821689043
82.05690552980049,17.060032029489975,3.157215619232403,0.4354591647837438,2.721756454448659,99.56607777221467,91.52209061130877,12397900.0,4.237173186396211,0.0,24.162074885240227,129.10326352773367,2.4568922074122606,0.015721790653413902,4546784.392771053
19.872138900489176,3.9417536722011732,-2.066996350609827,-0.32746852300597773,-1.7395278276038493,7.822230543301466,21.119853101693103,-3226700.0,3.531574734377089,0.0,20.232612577197713,-151.41971776182916,-7.564816534604322,0.14969428264422358,1995206.5954221338
49.27812582518562,2.0763642694764997,0.039348956461466855,0.01404203509868314,0.025306921362783716,64.60034027363776,72.11663174677129,10928000.0,1.8549475600641023,0.0,8.048704420508223,16.501201215057403,-3.030807190586915,0.2537203427161203,12771552.118893696
33.000369851246575,13.195906114774814,-4.593040368726946,-0.5578679295555702,-4.035172439171376,38.43801846010048,49.146896829556,543100.0,6.02364968993892,0.0,37.17469850661759,-111.4773271929934,-17.903213877135197,0.1860312090201337,28859395.16163597
47.680663457909326,16.457689987359174,1.5620323275724672,-1.477646094489823,3.0396784220622903,48.99425822844753,28.49010568568107,8471600.0,11.478566966895066,0.0,39.211217578018555,8.002453752736493,-4.447953826973801,-0.10541633406312573,-1608060.1836977797
26.631034605888054,3.0143659390837456,1.3609824737588525,-1.0096712696945667,2.370653743453419,16.052917287740453,39.560377716384274,45798200.0,4.093158950608927,0.0,38.426715753727336,13.742336045857039,-5.350731657516827,0.04103645200953235,23184766.207971
45.43981723636598,1.785603072712739,0.09524139094671114,-0.1438800893147648,0.23912148026147592,38.257521024188655,44.855042940554874,95953300.0,1.7715115202759582,0.0,47.23688311876465,-22.086436586766506,-4.752549599306942,0.043717679096876676,36566491.636397146
47.268355158244646,1.9524910688505308,-0.34392173591341546,-0.02879249157617053,-0.31512924433724493,58.064448647444706,34.53904188196114,-9138800.0,0.9938442247492169,0.0,15.264347450911892,-53.28168007394082,-6.374019960524878,-0.09107634048223441,-26026313.495710433
51.593975256521226,3.051984848954973,0.7570707820558056,-0.22917118711458007,0.9862419691703856,39.49590427566693,42.60047667997582,41850800.0,2.3894725380540986,0.0,57.042969674334714,19.49692523246723,0.035094499437033175,0.08891830566984613,22807586.374586344
53.34922465477475,7.929315162819279,-0.24881621463185866,-0.05185590371117821,-0.19696031092068045,70.20101427686745,54.91359509836074,2487400.0,4.26442818193635,0.0,18.643169285713064,2.376861823880574,-2.508331625058276,-0.03143652916983727,174184.67628216738
71.51442724173407,7.161292688477488,1.7497776779166827,0.05501107834657426,1.6947665995701084,75.26137961651031,72.7423848907198,12752200.0,3.5218622754432105,0.0,49.36112840718967,115.38195436469334,1.5701253284498031,0.04705345562007055,3445276.568783041
43.6098579746345,17.067605335784663,0.7286434679354983,-0.4944936889284888,1.223137156863987,19.21639294793508,18.049297248028456,-4786700.0,2.585748473353055,0.0,20.230516141476734,34.38579604371588,3.8695831096709727,0.15801058397359344,948926.2128470074
67.16575621709202,9.74777052549861,1.3396765721178525,-0.0404763004069868,1.3801528725248393,78.33326975511487,79.88934335032339,69646300.0,2.569668530249351,0.0,43.743892689779514,109.47419109925451,5.467570929070797,0.07281751389285701,21849961.14620506
66.67741060146633,2.069471727236234,0.5438831678128011,0.04441080699614436,0.49947236081665675,82.72300614761254,87.25542632047653,65345700.0,1.2711809136772292,0.0,21.279548488471704,119.7641036711019,3.02465129120075,0.2573100146854081,26925948.72112196
18.16658601522718,0.3082159577550101,-3.835549485954175,-1.6866322621412095,-2.1489172238129655,32.15347747944012,22.805806828022195,977100.0,10.080958358988623,0.0,17.292429431419425,-216.6403582966539,-5.868091810784477,-0.06275093234554793,3408722.600396676
77.33006385056105,14.318884743581151,3.8288595639769767,0.2861290044718823,3.5427305595050944,94.39234114181512,77.84842868420868,63799200.0,7.32245897866982,0.0,20.992595890837162,114.85625537329561,5.341580834719214,0.16000172130840515,24883315.2629577
31.022391636803942,3.8836264384316905,-0.3883090389306574,-0.578120614408319,0.18981157547766156,30.272621081065,37.96645486199843,1156300.0,3.867717292019807,0.0,19.22225421380351,-57.78270272015755,-5.4171709833883055,0.04791572972335033,3382607.2012158814
28.75996032369516,0.9486975972343217,-0.38071607155963605,-0.056286750044742095,-0.32442932151489395,22.633549991126834,47.12864159810825,-67126000.0,0.9440108466699915,0.0,13.556488040507872,-125.32415511960161,-7.658756905131102,-0.18592535596503268,-32936325.486843478
31.07816088481692,3.530019771428883,-1.558611774939763,-0.13153026111213384,-1.4270815138276292,37.20929261681785,29.360242411444073,-10554900.0,3.1574180703709884,0.0,16.44306896260901,-146.12844380528466,-7.045726131492296,-0.0661749809266816,4172948.344515789
47.7533021588076,1.478366752514404,0.07107163594000099,-0.04085676373357931,0.1119283996735803,50.0,63.60969756266661,9216200.0,2.449136020400399,0.0,9.746363942040391,1.0227402673952393,-1.5137332409723718,0.3056718385756755,14048368.087491518
58.49005515737127,2.225575284770059,0.03191253402735583,0.22348720152514873,-0.1915746674977929,85.52351434887589,79.83397614635932,5264400.0,2.15739204171572,0.0,17.05138616702779,12.350127439242508,0.8343378658865863,0.04911920034001533,7755153.3563750945
33.18762687781267,1.3875087032216555,-0.10940914200584473,-0.26674198449763353,0.15733284249178878,28.01111512158283,44.02439722786365,6775500.0,1.854105985268542,0.0,28.867425414365727,-77.02959093437246,-4.103984253157639,-0.04142147508473812,5987239.158272993
32.34147896638016,2.2195732046710077,-0.30151402668681726,-0.4009999303435941,0.09948590365677684,25.044448299039484,32.72828084576175,-10387200.0,2.308538277666478,0.0,19.385619507453182,-63.09888852951755,-4.807460804887247,-0.08547242222239987,-1596713.5590228424
34.47634171188484,9.01605519523423,1.3349637999932042,-1.3442416363917276,2.679205436384932,36.84481767013254,48.05714131295488,5986000.0,8.522815957528831,0.0,30.973509340736605,-18.998333821160227,-3.1026899277990863,0.08864883065154192,16514401.508743688
88.40088532081856,5.31069802875092,1.0415185300441578,0.1199261026616103,0.9215924273825475,88.4042605986327,86.7022375661359,53166600.0,1.6376266697276884,0.0,40.73641200096201,163.680373251642,4.159693397956555,0.17358544286363228,16058025.193389025
67.14970596829417,6.6078933904242945,2.8058963872592244,-0.1319131984080011,2.9378095856672255,78.23755420165762,84.8270608388725,11885800.0,4.450524339150637,0.0,31.829309213237604,98.37080009431409,2.3389546660422353,0.22909482717887056,7991360.541294723
36.46599643658678,1.5070677653808247,-0.3478065592474593,-0.11666256389047619,-0.2311439953569831,30.16946303300682,32.49241426926438,7612500.0,1.3939350884308994,0.0,15.774284208830874,-100.33277418710288,-5.45795787931464,0.1687225421363061,7354512.391415297
70.37078195013281,3.3247134679674275,0.6381802351030643,0.12631869276235186,0.5118615423407125,81.26797414361725,82.40072117785597,52641500.0,1.6878794305064848,1.0,27.54760753755025,77.76501110962451,0.12820317195012018,0.20638688778050213,29425274.114842366
46.33640907921061,4.4961386401848245,-1.2771185215422065,-0.09515622840174931,-1.1819622931404572,70.42041835635897,41.92312141697128,30177500.0,3.2243691945292006,0.0,20.557312684752866,-98.84182781541537,-3.610320975560673,-0.016753095748116845,-435448.15192711167
36.822819509591206,18.040332520887716,-6.113969457146595,0.3831626611971446,-6.49713211834374,39.9611001160172,50.223986012963145,10136200.0,13.655567486692679,0.0,30.446810085047954,-71.90564187578126,-6.506489175525976,-0.09033413457997601,-4874589.240685825
50.39502521406143,4.246827920541563,1.2012042063201704,-0.32254613643462715,1.5237503427547976,39.26095207218509,61.20682073465855,41182200.0,2.839965322061457,0.0,43.857457362462306,31.130910788672868,-1.4509576246945175,0.15595237331158618,18301689.067179903
45.0786672753655,9.46908752699892,-1.6848142296757587,0.21216619050020924,-1.896980420175968,86.6119754400191,76.01253983874763,-36532300.0,3.0185898830689615,0.0,20.56215100627059,-66.34584207701195,-18.015876103480622,-0.0676257566213319,-27176834.393252313
57.43851928246863,1.7706547861232167,0.11828821765342923,0.0814598226022637,0.03682839505116553,79.83183310252859,75.07700865145381,17190200.0,1.7935546188489462,0.0,12.660262086783638,13.811538954523149,0.0,0.0558328370439784,14355351.859679371
54.26263082335716,4.590555492770335,-0.6077055477262832,0.0007213651915783936,-0.6084269129178616,74.04577929783333,41.86643496434343,-8486700.0,2.8463738182800595,0.0,15.240170803757415,-21.941304424462732,-3.601734772389069,0.03417096060745297,2288781.6099834736
21.537310067182588,5.972356564453861,-1.1393074815491389,-1.037470780975423,-0.10183670057371608,7.416208994288906,22.204705584170668,6541400.0,5.7634337720021565,0.0,31.335246851517628,-50.11999391488362,-7.09150535927549,0.07907991543751969,2302037.688763743
67.22422839363998,1.8098940343820615,0.3931990439612747,-0.03721625999671807,0.43041530395799277,80.44284286538759,39.67403756331931,115960600.0,1.5874124603714694,1.0,45.45121009673079,100.36416060962998,1.4321504266369394,0.07209305360630038,24042307.484087646
40.20856198167854,12.549896702973314,-1.1073113753757298,-0.26439602276221497,-0.8429153526135148,41.11719103698446,56.20316601782988,6754700.0,7.868555965022805,0.0,36.620069383529064,-82.33978564507649,-6.018672323909326,0.203765476575102,4502589.425729861
79.03779516911814,39.9945878499168,8.425422213761408,0.8846118390434654,7.5408103747179425,79.90047120123805,79.44361770306038,6588200.0,18.253183391196654,0.0,23.561991444881425,137.61504885420507,2.210683168198915,0.11447690335345924,1171589.6557161226
56.66453090294475,1.6990369668482828,0.02804330384502407,0.11497669147541886,-0.08693338763039479,87.07490054521722,90.73139264423169,23586300.0,1.4422480873300245,1.0,18.37189915711557,-27.549442940876038,-2.277805071308614,0.1999632814342546,15914284.78402133
58.14164986714857,21.116622433035275,-1.5482090763929364,1.0491413273719452,-2.5973504037648816,93.02519139288097,95.77139105438363,918100.0,9.480502598101124,0.0,35.41364011577199,-11.951110953994613,-3.810771756689196,0.2117511801466313,251098.9797026944
64.84343826230104,12.41063762539568,0.5919658671517141,0.8799923751218345,-0.2880265079701204,97.8163379707486,94.7270914439329,2692000.0,6.686456812638111,1.0,10.520353231764933,8.81683485372889,-1.4027875421134874,0.09268453615540309,1038570.9056432559
57.77004789236964,6.443612652710847,1.2581047707834614,-0.05197396851135938,1.3100787392948208,49.52418999618204,68.59348824282473,50991100.0,2.3509730208248705,0.0,38.751668830754,73.35814913411755,2.794917881842812,-0.029476151739676614,14277943.069972044
67.85309438528905,18.96466321120556,1.060940403717268,1.2808129833279271,-0.2198725796106591,99.40008274720728,95.93316120962145,-1632400.0,7.845188885310015,1.0,22.328248897379957,89.87443373094041,1.0514835104860343,-0.05695813987563211,-110702.82412208343
61.185949310838225,0.7882120778438093,0.08775659045825535,0.08173236602665457,0.006024224431600778,87.33317057291667,87.36536802720109,17576100.0,1.135696709285183,0.0,17.49058974094853,13.264893978685818,0.3746883115372608,0.03420327732160066,2499417.802124476
65.00864539147346,2.649558594581059,0.8025021164407633,-0.024711980389469534,0.8272140968302328,91.34613092126861,83.59770969994231,29893800.0,1.5691438107527365,0.0,27.88046042211616,92.56152511921262,2.721514850067008,0.35904330101802934,19945307.220823973
49.8899010436266,0.2945277395229198,-0.15917888922704293,0.05159734862307189,-0.21077623785011482,68.42108785490807,66.71408109805232,-21809200.0,0.8399624412539327,0.0,30.026699129399013,-40.20682563568551,-0.6804246677756889,0.07980059632300716,15975254.153855983
80.63413413875166,5.597931739570242,1.722316078565754,0.08099401881163315,1.641322059754121,97.63947373591182,69.0604994699732,44334900.0,2.6392407995270513,0.0,28.860153627111007,144.01806002802513,4.6307722891978225,0.17340158769245523,12972586.966442136
63.33496155991337,11.380807829984576,1.1557821346249,0.3275531497445039,0.8282289848803961,58.61730394392128,62.99175004697518,10019500.0,6.0113876377856315,0.0,10.633018055881385,33.20896121530294,0.5458520493795255,0.1317827345376469,12581739.23047301
38.32736639100154,2.4130115806773773,-0.2652574301799149,-0.24869708906528049,-0.016560341114634378,31.078101459686778,45.98024232500742,-762900.0,2.6532565237468395,0.0,13.341190517120092,-43.00620601848114,-5.370709884716192,0.08728892088436588,3632353.6565398914
75.84353741966638,6.687246869934739,1.2598853516184363,0.4090258244845286,0.8508595271339077,96.74479502977249,94.41244762421377,8967500.0,3.3178111802928454,1.0,16.172419606720243,121.28763711753119,0.8104975163745937,0.2302352485759654,6450029.609222398
43.60850869276814,2.829049728533988,-0.8262434057092776,0.026819431951201067,-0.8530628376604786,57.40746409590438,42.24715958342678,5195800.0,2.0669281836302233,0.0,20.256257019080277,-60.92822681194528,-4.75090052099053,-0.005583215572085171,-1092173.2241641888
60.57823423884838,9.90544061267616,1.9051232235647149,-0.28903558070757684,2.1941588042722917,84.68634049800366,63.2921374834473,4793600.0,6.403678816991558,0.0,22.955336780521495,51.056603837261285,0.3860646967912951,0.30802648842836333,3817040.957551397
36.87568368343049,-20.17060823629066,1.2108647313183951,-1.3622689759344633,2.5731337072528584,55.137813998972334,67.34670901834613,1298000.0,10.330193860534484,0.0,24.374069355634457,-12.933992891974354,-3.312508813679684,0.19296739690703055,651664.1794764634
48.2767724139624,365.94474675085735,-79.57314302517989,15.445111375627064,-95.01825440080695,98.86515756671348,84.50410107790726,1960600.0,103.1089119581944,0.0,45.36006136540877,-68.52924925199885,-20.60184227837836,-0.11197785571474267,-484632.1937550417
44.08257309970857,0.7804910673580778,0.17949937334314114,-0.05584386991864482,0.23534324326178596,33.93944578279827,50.701748404725755,22777300.0,0.8778692066445485,0.0,7.821110515876916,24.317840117599307,-1.45730350748164,0.05298062178907342,24081403.901530784
52.62580258072871,2.8649037357743907,0.03896568598251804,0.0743090202401755,-0.03534333425765745,64.59463137622019,73.4712299126025,2251100.0,2.004571984673179,1.0,7.970850523178506,-23.553712343847838,-2.5625263757407213,0.026664261653400582,1422761.4812567336
41.77165909316633,5.909286360013368,-0.9278277794926169,-0.16192623003129092,-0.7659015494613259,46.51509581839242,61.04958283344601,-8222400.0,5.437330158655918,0.0,18.345886861681684,-58.39446719265712,-5.062958213282254,-0.1202290323223795,79183.48005218932
49.068444744033236,2.5690287314425575,0.20741248458219275,-0.07588447284494121,0.28329695742713396,53.71610911068554,53.392539800717294,27203700.0,1.8683410770453834,0.0,12.288750873073585,18.44485982589758,-0.9641926703931536,0.13830690302202822,4021434.345292501
48.56880699137867,2.083503402478229,0.03855580073787479,-0.02025948029768638,0.05881528103556117,76.19054539113249,89.10483418607953,24600800.0,0.8271767411252092,0.0,37.44141681682457,-26.873255416500395,-3.935412670569129,0.08580577271274639,21028627.624777943
28.680218819108372,10.606101517765012,-1.3782440275019496,-1.3190383978186195,-0.0592056296833301,7.178978949566078,35.06190143607457,22352000.0,9.621059226533209,0.0,20.10072140211627,-21.737911816062304,-16.143680227231627,0.1668306880199616,22782870.47186219
38.353351399434956,0.16859575010708738,-0.14796543737329415,-0.03827036465764594,-0.10969507271564821,37.06284378951412,50.90303292075109,6752100.0,0.7197497336959813,0.0,22.249703444516136,-90.46391408259353,-2.764761707447043,0.06953354138117485,13532910.822115669
42.18299180394194,5.580608320780954,-3.894552323029842,0.8733485283205722,-4.767900851350414,87.2894029676364,78.74295250644197,-22009200.0,5.802256475222939,0.0,45.20478119478493,-65.8180039379108,-2.796113980386789,-0.04188288586980966,-25738046.32458516
25.786307812058435,0.2567005359310546,-0.07340235736144152,-0.041292084899967496,-0.03211027246147402,16.393358045498108,38.55044952210989,165671300.0,0.27460155219607885,0.0,30.93189654933128,-114.97747840596853,-7.592598463118545,0.010772491148556504,418183782.99883044
43.31414059755644,1.6453315507422843,-0.2087183315206147,-0.19795280854535457,-0.010765522975260122,42.190066551427165,28.915612680749337,24369300.0,3.0866842797907306,0.0,16.27538429510575,-54.985739393612896,-2.026957827150696,0.28455714314666625,48525781.815358624
41.09588209767689,3.1382074212112343,-0.0615983807174274,-0.10703896655775635,0.04544058584032895,43.27919487584157,46.269915222276005,14355400.0,1.6369748477084374,0.0,14.905400362610406,-45.73422385979915,-3.895104359447076,-0.008623805045316258,13076095.350664064
51.48184638774105,0.9709941394703634,0.46221515627225784,-0.18701286315416987,0.6492280194264277,41.07875213488517,32.91830690745164,31801800.0,1.3061379912438036,0.0,27.20371831613991,37.767058640301535,-1.6761811888631521,0.2425036418965478,12010777.57456233
49.96589381753667,1.0532042787387823,0.29197117087603175,-0.16294071816577393,0.4549118890418057,41.453040916701035,31.338985823129562,11618300.0,1.2193475267041014,0.0,23.073957538443732,28.91716269230358,-2.4493667896639875,0.2626111475020816,6598756.66407623
35.76512884150059,0.21532901262630233,0.09346741110731571,-0.10426004046895371,0.19772745157626942,9.008882069011735,36.05138723583195,20459100.0,0.5111045082858815,0.0,44.683614327796306,-18.669235583996965,-4.825737105474764,0.13618088849844065,23983892.17269573
68.87696510033865,2.803874264243568,0.4328747914591844,0.05174906975540888,0.3811257217037755,86.12102494484982,65.38561130481888,110798900.0,1.3213381275123077,0.0,31.954569404432597,162.2142805557083,5.6023173131769095,0.13531720847271667,59638577.495193616
55.49523137082817,4.82760204317421,1.2722389044166107,-0.26388106953203616,1.5361199739486469,65.02731784800812,66.52503120930443,10667200.0,4.847207580958704,1.0,13.974472161723545,41.13057799353688,-1.1350359727738246,0.2637628773488433,8568152.539173795
26.25026718170736,3.7711097317109648,-1.60576815028503,-1.4394051833054295,-0.16636296697960057,23.796216103951885,29.21944762894766,3382000.0,9.003931332570295,0.0,14.619842801635956,-117.867267873696,-4.111183127453654,0.12399742062416336,2871650.2883994
89.66402016277704,21.656007645829902,7.000914270996304,-0.02252972498440009,7.0234439959807045,95.23068941556491,93.3210128422564,158650800.0,5.151898446583889,0.0,66.91222059424118,116.326537616653,6.773663401039135,0.4021797982817752,51612555.51614221
39.77493937093891,2.7401530742557725,-0.03323148228085415,-0.09989930919871566,0.06666782691786151,23.23669448278482,56.59389559708609,40262000.0,2.0365618320593293,1.0,23.558397001522643,-39.89852503798396,-4.074929357938384,-0.1904366102580236,-32928411.54745614
77.18116931217703,53.080340018309016,16.388256090754055,-0.776232935618772,17.164489026372827,85.36675080652782,62.6624196778698,78961100.0,16.19074413623015,0.0,69.36676781346613,112.65719448218603,13.33925300873265,0.2526138157063238,29439268.451436505
59.66919596716866,1.4118552671738698,0.1806004034700024,-0.001021070862850415,0.1816214743328528,77.3333231608073,81.78786747167062,38593800.0,0.6311364305934145,1.0,33.02756309810048,22.455496528980852,-1.132992371070777,0.20152082794032722,31467303.511874247
27.324938037400432,7.4747676485687435,-0.34947811074573565,-0.6195185806940284,0.27004046994829284,27.0988529157086,31.36208046846245,2607600.0,3.8815975199691533,0.0,30.126829154768124,-60.87875017592092,-6.798518916701442,0.061320923540144456,3265545.31229967
46.572254707030275,3.7371333902895003,0.26166196964788924,-0.211607673860435,0.47326964350832423,51.305224361416904,59.89402557334497,8663900.0,5.121255109244187,0.0,8.294577186210795,12.042314139103082,-1.7811977315385823,0.15741970584281403,7700412.905517149
53.01487064384112,1.4517032499394489,-0.14193462747302732,0.09023140012404651,-0.23216602759707383,76.71236455891997,82.89474203394941,-36898800.0,1.0313352618943967,1.0,34.53801918084801,-37.3153692093262,-1.81389439620083,0.051022153376877474,-2408869.087401998
34.79385141543484,1.5154805242315064,-0.04632855349724707,-0.1667063969543129,0.12037784345706584,22.413731868663817,47.30660278639564,44395300.0,1.304098797100364,0.0,26.49034897670562,-32.11478647135236,-5.320628076248203,0.14058669391951834,54113341.983487755
68.60742432118654,3.073731287622465,1.1887461009380758,-0.11504374392881678,1.3037898448668925,96.69434688760401,64.95396466570726,11071100.0,2.786151683619894,0.0,23.31647967989677,59.42283518742099,-0.31086803619844466,0.15943445499522158,6247467.231862374
55.98629010918027,3.731133712509404,1.6686757949064486,-0.09896690718741086,1.7676427020938594,54.30018642482474,75.502237839467,-46514600.0,3.2210297688234704,0.0,22.5741691940679,70.29916402298568,6.253662109375,0.16829220298952996,34510262.15158098
31.98077102567726,3.588314789978085,-1.1885879085859585,0.012202307293604164,-1.2007902158795627,40.666707356770836,56.51850068525449,-7797600.0,2.2679327794542137,0.0,15.157281400580624,-102.97255277830895,-9.056693985338262,-0.0004393021843387209,-4544984.410194167
61.84474335203283,3.968090856331429,0.25492854068600934,0.1632634427507361,0.09166509793527325,78.70616952888992,69.66975496217135,46900.0,2.7001416588506384,1.0,10.491393274906757,40.82658306341797,0.1392628568610707,-0.06712491833807273,2144696.8960566325
44.54955019466392,4.7301423792089,-0.9727468922893934,-0.035138130414738566,-0.9376087618746548,57.62448259815327,50.281693047455214,8645200.0,4.041702205963729,0.0,15.396458497586792,-71.98876017748984,-4.274442562812341,0.20423312101732263,11066443.843571164
46.96904868637654,15.27872472165734,4.6281967495962135,-1.8372532747123147,6.465450024308528,28.001308950638677,49.284825451865565,24800500.0,14.561516151185478,0.0,31.497634927898435,23.261462602775126,-2.7988527415839557,0.018908914869268472,7499726.750117034
48.33980091933626,1.048883382320117,-0.18387359739089604,0.004871668732240431,-0.18874526612313647,63.333326269076146,51.57608823498862,-28310200.0,0.6833218241345476,0.0,12.032865080051636,-51.412624226843896,-5.835293040556066,-0.10424388459738994,-12351642.466622902
57.75651711707648,2.193573363825692,0.705516578971924,-0.13121535620324853,0.8367319351751725,70.10325741015431,66.53366460431629,8284400.0,2.184167362499448,1.0,21.81315187606239,42.176257822353676,-0.5550515179645423,0.035341791858274504,2621191.656788077
40.5501299598556,0.38268321875951017,0.6154940646899121,-0.28328395694144415,0.8987780216313562,5.240292515533641,46.82508485353956,29618900.0,1.6765184697747852,0.0,48.89821373867894,33.50802934789762,-1.4608318112034417,0.09966267597823486,7177757.848856075
69.57881204182509,9.158568701606725,3.575142842818593,-0.5797186341301739,4.154861476948767,63.83933558764145,55.195206126294785,14372300.0,8.493367544143409,0.0,35.74333930337908,51.968703958215016,-1.38315067700247,0.1400309366014416,7381027.970287517
56.59438632006756,0.48922491035906646,0.018575035909695004,0.03193967604116448,-0.013364640131469478,63.888822661442646,74.44191324048195,-6438600.0,0.39558266100578865,0.0,18.500411896874038,14.373660474756823,-1.2366605685171888,0.02864139077169996,-114122.07563466579
29.901444989176344,1.2692170440362958,0.10557895299992026,-0.45570016248910516,0.5612791154890254,15.422874241647847,19.962912357292623,901900.0,2.0016793197251963,0.0,23.990826978002826,-41.456159879853296,-3.455940857317304,-0.008204099832818003,5945982.274545223
63.38133628088374,12.429454404047078,0.11212655797916682,0.7565869241293675,-0.6444603661502006,86.34135721144185,86.07284890569474,929000.0,4.213132313704458,0.0,22.213977797587695,-7.786099308443384,1.8676202615222917,0.1371166711549059,9475576.040469417
60.40681301117676,6.470792838966219,0.2454493098215096,0.17350681436677973,0.07194249545472986,78.12493122547042,83.19722911776272,3773000.0,2.9419050669968048,0.0,11.432428804994768,51.948917220158236,-0.8745221521034354,0.1088105805571756,-1704954.335759985
40.23093773564836,0.5061751156880696,0.056951195684344924,-0.06899375224197335,0.12594494792631827,32.142926652679435,40.45790865990889,198263000.0,0.5061193584343064,1.0,40.80634546954369,-26.470657331175538,-2.3098582952794895,-0.011311405079235021,64140326.75075902
50.21673186917003,8.225953876867635,1.021976040483878,-0.4882505452784407,1.5102265857623187,54.589927714505826,51.06309362983492,15671300.0,5.77580188649865,1.0,37.802200955949765,-15.003089586322133,-2.5368092990254447,-0.038328828797262446,7670673.995447482
67.54012502473344,11.573739552664264,1.7067643335276301,0.23156672803661826,1.4751976054910119,54.55206200647526,58.853870682309925,34389700.0,2.2253223702004954,0.0,26.677772050997508,112.2090468396248,9.191754396641723,0.08742825535891911,11150991.705911055
44.23042636945588,12.557655003639525,-0.38097775272046874,-0.27567931948011043,-0.10529843324035831,65.73573278264006,69.51200858379669,-9570000.0,7.26392615738194,0.0,18.29507288726375,-44.79903846753132,-3.366775399263901,0.05218754871341708,11870298.50084291
59.53443985088258,5.287449277963077,2.4452379859360462,-0.3137055401520472,2.7589435260880935,57.37416982271255,67.3095296471092,33032400.0,4.010614337763065,0.0,40.09926713106692,72.22603253947341,1.1844935982644633,0.19520587186577365,22096895.237705536
76.70296851633263,1.738324775904914,0.2823004023453386,0.08199326353866959,0.200307138806669,99.52152018412758,94.83789304797574,6578800.0,0.6576182857822374,0.0,14.581103345399173,141.72623311751377,1.0481483381171153,0.2688884792597203,16056154.17099358
60.6332916636205,1.0784260160014654,0.13606622046742167,0.0089469580724712,0.12711926239495047,72.83945529854735,82.45613949834897,100340100.0,0.4133709731665645,0.0,42.01539130153338,39.17001882711152,-0.7712135989540964,0.08083549409507106,54894190.25664566
87.18539506440818,11.68258798649731,3.9693142775814465,-0.08222095635076254,4.051535233932209,98.0426920654228,90.48567516827063,53753700.0,4.020199173206144,0.0,53.23186395963791,135.05910383844565,6.050362813319498,0.27243625661545146,25195234.134922564
13.368166312342531,1.3643657153878728,-0.736096955053565,-0.3411643972889857,-0.3949325577645793,27.049178726023783,26.75001214967403,28217200.0,0.9402724879946649,0.0,49.609706797131636,-120.49914645336919,-15.040927330536755,0.0052707101422848285,32816637.308572073
35.191804436815346,11.158188878366332,3.376291005491453,-1.9557659550402153,5.332056960531668,26.370407281531033,50.54891262547101,6100738.0,10.394057744668245,0.0,28.533384387678804,16.231904727939142,-2.4495521887033282,0.020245792153802535,1122011.5549892085
45.13851840265899,18.541223890499708,-3.798548018429244,0.7718035964385717,-4.570351614867816,80.85598797346753,75.91280625108611,10242200.0,9.59605497047082,0.0,20.07479490949222,-56.852861999095325,-2.760971229975966,0.05048114251434594,1768867.4479608312
46.74863597175714,0.7619633547610221,0.04319306643524179,-0.023451883445792104,0.0666449498810339,62.74501004162506,78.66145762658655,156521800.0,0.3584034059849018,1.0,44.08200951993653,-23.26392092639766,-3.7082841171380814,0.14639068271394792,135445950.76269367
40.41638604836745,7.681100611691477,-0.7095673220849505,-0.14229555550058026,-0.5672717665843703,37.08103426929567,37.32848489025991,3241400.0,5.084303805142699,0.0,21.93357270080783,-92.38988523532788,-2.563420369096552,0.07276023279926615,3719806.2236376135
64.27362475556417,10.262821967749574,1.5438467002257426,-0.25037935015587265,1.7942260503816152,86.63420856493413,51.208901696625276,41782400.0,5.613920655575964,0.0,17.118408324822273,46.90115457524862,-1.0721306659320606,0.24443747437100624,36635376.14095958
33.28746773921708,6.269399059392725,-0.9009381623155832,-0.402866699934853,-0.4980714623807302,31.209273531069186,45.76303583848139,3013200.0,4.297975165783247,0.0,26.329131898724246,-97.67888243884374,-5.769433709854294,-0.05339758149814842,662223.9771981811
60.33243666429312,27.216076892762487,5.726160275789937,-1.0009091802274312,6.727069456017368,66.32116978760243,72.96922004159866,5693600.0,12.519355035185178,1.0,56.22944169526713,48.45473184642642,-0.6369403490584375,0.3787457017754656,6360149.954859465
37.905301375358846,5.4162398897985895,-0.32322699914973896,-0.3585651306802423,0.03533813153050333,30.367137576913546,55.08245435926395,-3462000.0,4.716773143164136,0.0,8.460074713950117,-62.58615622784402,-3.457468993404371,-0.032586419566257976,744312.1501918155
60.46360465116736,3.379700892212412,0.868140319278865,-0.10281618287360983,0.9709565021524749,59.227303387710464,69.19693351028432,11847400.0,1.7683905340156238,0.0,25.220448833209495,73.32702685134048,3.1590525065862427,0.11686382917319028,14167914.781390779
40.52090514079172,1.926634151049413,0.2263672205630627,-0.20041285568544354,0.4267800762485062,42.899761880867445,60.54873147822328,20679800.0,1.86921686749973,1.0,27.983670979971553,-18.461784972072916,-3.5114920873981132,0.09298141552915104,11327634.291751308
66.5129332560569,2.770937713997796,6.089505489292037,-1.4296858776475139,7.519191366939551,56.19659025330199,61.84565240151752,10609500.0,8.534908186939312,1.0,43.10423581192885,48.178715679375294,0.07698229407236336,0.27526332702853257,7436006.202820579
30.353069405768224,0.9697156204315043,-0.3442390883388029,-0.07421513170354255,-0.27002395663526035,31.61765530859765,27.185443738059686,-373382300.0,0.7223144753884112,0.0,10.966039939923064,-119.02320134354386,-8.864266342658091,-0.07896959088381232,112576659.1970784
77.23332992839275,5.999168214003049,1.7682069797193094,0.1390429751326423,1.629164004586667,92.17622611381799,91.40064966365742,30526400.0,3.068908410701781,0.0,24.17655583453673,134.83319911872073,2.309224013741135,0.03483463371517555,14727310.08890719
45.13409756545235,2.165985454318104,-0.07827591074018869,-0.04297812461932466,-0.03529778612086403,30.73592358707427,55.07891105737391,11620700.0,1.8459409063922285,0.0,10.534805600329367,-32.71161565557929,-2.5862096045554908,-0.10809600724773338,-36607.73103785608
35.248353613521594,0.6927120805574418,-0.005571647675907343,-0.16779840948271807,0.16222676180681073,31.95022848613492,34.80167344407613,-10455600.0,1.384495971118014,0.0,21.572857163546274,-5.083170972617366,-4.958698825187472,0.13207363369853245,17795335.377311844
15.733765127592566,0.2663341509687065,-0.36950358696637764,-0.08862725769535196,-0.2808763292710257,7.13996110147829,35.71330319633192,-74647000.0,0.6123983815346803,0.0,15.801576241899498,-172.1571649239586,-9.025550609186407,-0.09390522164890691,-14348600.13488733
88.98726870337593,132.39086544788768,29.268172802698132,1.6876620348470937,27.580510767851038,99.78881809721526,93.82101267717339,24360600.0,17.481038587801642,0.0,55.021576259515705,130.92450760300713,14.129909410675852,0.13925684893937987,5572139.670858727
55.63183246292591,13.277234892976026,2.4351575702597756,-0.3090666174648775,2.744224187724653,62.32626317927344,74.92445588004075,22162800.0,12.57084243724145,1.0,24.686714180334874,7.608754648365202,-1.8293112145498462,0.2800518011580207,9235252.833698032
36.35834785444337,0.3697345349592869,-0.07192992481808957,-0.04383548383332203,-0.028094440984767547,31.25,57.175936963833635,27110400.0,0.40510056298368363,0.0,24.310642079255047,-71.14551229020208,-6.865281701750332,-0.02968640230660509,-10410483.41612168
53.39828229222101,0.7557953572380995,-0.11256689776583073,0.0522764006429709,-0.16484329840880163,89.09085024136719,88.10615077362104,7797600.0,0.6281051065273441,0.0,13.760740506812583,-59.45738375461711,-2.1789658335213713,0.16158948290835853,18899350.934604716
41.39829794537721,7.657569190483258,-1.6236228522880651,0.30833384858095503,-1.9319567008690202,48.36977103541308,71.14614866957008,660500.0,5.225411913735231,0.0,27.080826977627318,-75.14857085138611,-2.6046779372152464,0.15646943259852478,11980400.263235958
71.45066054994736,5.454293563131998,0.6913811961838832,0.07588066937447879,0.6155005268094044,99.41530252127085,89.51554969179477,28364000.0,2.3758152769485927,1.0,40.11443613289626,50.5943381420675,-1.1330875486856375,0.3634017787127584,16689991.588423064
30.94722502652957,6.3860356431680145,-0.7841661090412515,-0.416660585294634,-0.3675055237466175,25.129911171170694,52.3561486422875,-970500.0,4.016780354738342,0.0,19.700954327201778,-57.90336766217395,-7.7001073423065245,0.0009319709854737332,6033718.025881182
63.8408841764963,8.54915088850899,2.266827668018095,-0.42968615164026325,2.6965138196583585,61.326083291181924,72.84514174286296,11925000.0,4.253477382426412,0.0,44.01248815735528,48.41158242913576,0.13708266018932758,0.22633988100428878,10108708.12660461
43.875282440674155,1.3476297849909997,0.47700095449346236,-0.39910698637489284,0.8761079408683552,37.05257773880757,39.582330162129104,-58400.0,3.4419187268251163,0.0,10.763384883487998,8.430441119408028,-0.9436007431621565,0.4295258205107177,6937133.874395143
33.13797254552772,1.7892371568758847,0.15225256104180573,-0.422688722290543,0.5749412833323487,10.157531867133427,21.966173424464984,375281.0,2.7250640380955824,0.0,12.11983617543113,-6.877065029338117,-3.6587200049076714,0.16947898809956333,6256576.580560507
75.4189834389598,4.472374278813305,0.9795353749630635,0.32306207635427797,0.6564732986087856,92.52982810920122,90.15797143679724,19808700.0,2.6397447123858786,0.0,10.125300392151555,83.83435412414839,3.5698323130379,0.14379244608505892,52621622.0195821
60.331595336505806,5.342699733151278,2.07754365877274,-0.27991500644742384,2.3574586652201637,45.58011806584457,75.19338109565693,97318000.0,2.0859334591690826,0.0,61.57843742901784,83.90523284478799,2.51199742347253,0.45662067608486284,53818984.83221475
61.23293291687652,6.48171341730108,1.7590220954073743,-0.29915359097993655,2.058175686387311,57.261526383102655,69.98889577543356,150629600.0,4.940383421520135,1.0,38.47610205126639,45.67858696586797,-1.0838667674338338,0.040435205048065664,23314576.43288412
58.49005727193859,0.3080753637160285,-0.025296229783073443,0.0071601423828087304,-0.03245637216588217,72.0329156259649,60.79243639311596,13376000.0,0.3479543119448496,0.0,16.34381043466092,-37.339306590749246,0.1136873355523551,-0.12632114499090702,4435816.879000955
67.81294028599505,0.3901163379643293,0.08210172797957682,0.038467469430933335,0.04363425854864349,87.65519245068754,87.4307497676633,33575400.0,0.3557664949532671,0.0,17.85631171559894,76.5074479276138,0.4866135533216159,0.037149444796642075,10228942.194147445
46.743674608325,-1.16971241677982,0.018474952686496238,-0.019228129176562997,0.037703081863059235,49.230751173020096,52.04522224173769,124323800.0,0.5406143552154925,0.0,18.05364893517442,-34.99358406625532,-2.1091820613942227,-0.04230586364391849,35525209.508544445
47.40079807956742,0.29761647968027205,-0.09000387377418662,0.04994535919227183,-0.13994923296645845,52.10081070424522,71.80722101277752,24129700.0,0.6062126040288295,0.0,29.733411076603577,-55.289021050432424,-1.6853923712821646,-0.07030522654540758,-12803564.170699015
49.99944485083297,0.7807105416157913,0.05323704756200698,-0.009627341314474958,0.06286438887648194,55.55560601450493,73.52031285938943,91260300.0,0.40959151564637997,1.0,35.42528487898374,-11.239578031813418,-3.729932478761607,0.13397017838488667,66385153.96710363
41.87676693490669,4.467749203801731,0.11809767197522092,-0.6226010107783535,0.7406986827535744,41.633796927332746,29.46341845826961,12430600.0,4.134477635234515,0.0,43.914227969824516,-18.417966938745014,-4.256344344570408,0.14249827360891731,6580927.531885713
50.39778561605373,0.028805272850661368,1.5999694601231624,-0.2393152835450283,1.8392847436681907,17.034498361002942,66.90481000054265,-6887300.0,2.662037379086545,0.0,31.629285587998115,71.31677766536573,1.8767420824806245,0.2345612463985533,11731534.543495141
54.410703988331484,0.7308825001344808,0.06520565368933973,0.01844930466120827,0.04675634902813146,68.23525451873128,81.15485792928312,-10186100.0,0.458098179480769,1.0,10.273192414267049,6.489710545740068,-2.397420216505609,0.2144752948611802,22793580.966284756
77.44755721281436,1.3039876900746457,0.25159013528668694,0.04088323004155153,0.2107069052451354,96.26159561345341,78.57045185051392,186581200.0,0.5989905357523322,0.0,13.217100932331446,146.13853652788217,1.99359011356499,0.2359626176620867,70040479.25323756
55.27369741831037,4.566620536732046,0.4530811655163802,-0.004705881394812816,0.45778704691119304,83.93197869538818,87.5196351049518,72695300.0,3.9054192544980633,1.0,20.852126649515537,-4.019410695492869,-3.2009521290343304,0.08822467490423799,18460838.32787255
43.50882478136262,25.797165633465283,3.406578496282691,-3.7061587594158016,7.112737255698493,39.384185050425586,41.798879666732844,2875900.0,25.285195162494443,0.0,43.08132298923993,6.540799449384473,-3.3993383082526494,0.23511998508078918,9411046.801209733
49.89087048754963,1.2398133815044474,-0.2079974401561806,0.07995822391757068,-0.2879556640737513,71.12792071364028,85.83325726955383,-32357800.0,0.534125043604545,0.0,39.685333493683956,-56.93554053613779,-2.558944633632984,0.05216054545608102,-22576530.65581478
50.870831984215236,0.19550995732373622,-0.3441489099529491,0.08023944869412192,-0.42438835864707103,85.15608934718145,58.989668139295695,2408000.0,1.5069256936006696,0.0,21.91240092028816,-44.54899223087285,-0.9440835733979351,0.057035822284176765,24991771.007529188
66.07139098143493,15.536078109245011,5.091125233331269,-0.3878056604829174,5.478930893814186,45.5292193101528,58.330819480734384,8257200.0,5.531701499057807,0.0,39.89386690951115,93.31018073941318,5.629890045906949,0.28567298536858915,11293977.537346357
58.60683067500157,11.156204409436583,1.1933170319354076,0.14924876549460464,1.044068266440803,72.12554761600953,83.88685767156262,8297100.0,5.284333362709703,0.0,19.876714681116823,24.196868277720508,-0.378929451927343,0.0899678427004286,6376092.401199154
49.460108827845275,3.0975485543124677,0.6730416371865147,-0.37729215967133545,1.05033379685785,44.16548901345342,43.65350608970625,116760900.0,2.7007869720401945,1.0,38.71828259297559,14.13109690891062,-2.3096019675397863,0.15449162843715963,61996460.56407689
64.7643717715583,5.709151033366872,0.8130685014557812,0.2244286525607354,0.5886398488950458,73.59222898250573,88.64519029738699,2528600.0,1.5581797035700984,0.0,25.051956440119703,140.40012323379813,1.8384432804442248,0.24697624873883445,7434698.216996321
53.53468351853757,2.631717992417677,0.27707612562350903,-0.050541806915648635,0.32761793253915766,48.29278277617023,59.787904725440946,70391200.0,1.2019546932066756,1.0,52.863700136675796,25.445674827990867,-3.111005621801044,0.16953586507384805,27682050.441581372
12.990807039236142,3.4433680146660777,-2.719028476085981,-1.188231086839649,-1.530797389246332,10.350081229249962,13.660865976839228,3420300.0,3.980960404827664,0.0,38.54404464488315,-200.0498479021492,-10.911953524223664,0.11587356506581574,6228726.957702913
35.933593097008455,3.956170925482553,-0.9186637041936336,-0.07328705062111451,-0.8453766535725191,39.61156706467956,49.17515166937769,-1626600.0,2.843702385311418,0.0,14.309017173289712,-115.0052253570737,-6.1147898533554805,0.00659191409353714,4565878.826140049
24.277445700590604,15.659818173267354,-5.79310703324893,-2.4931884999300977,-3.299918533318832,20.193880177318512,23.51462822013342,2496200.0,15.379110591845718,0.0,14.200184822516812,-140.82569591078828,-8.912621703555569,-0.010935493594635134,280646.59507773723
65.40961230814908,48.02774590267052,-4.367351214621749,4.13133792882525,-8.498689143446999,99.24334090115586,79.25483396645886,13739100.0,25.301412598270815,0.0,28.23518170756628,-9.318210930371292,-1.35597503698502,-0.08839717187294595,-2632624.765208643
57.46015786699333,17.43485255101183,3.1770557721976616,-0.03543221668263019,3.2124879888802917,46.580272282661504,69.65885773679463,8091200.0,7.61703089837988,0.0,10.573583195810487,104.07767028383229,1.485466167233559,0.22094973197920698,8553254.125382647
38.05153264987981,2.056296298257564,-0.8607117596276908,-0.682658123866614,-0.17805363576107677,30.70105655839597,20.601638671701295,17058600.0,3.893418014138924,0.0,19.66562226062356,-53.10190847191874,-6.182279304460385,0.2767409990669151,21787140.020968445
36.66639305930842,1.0392280928194424,-0.1396886309074361,-0.07033936055374465,-0.06934927035369146,41.549360097140585,51.98116259131054,9923000.0,0.9354871415215616,0.0,13.678554266923925,-52.35867925999438,-5.756580554240718,0.22815818675520333,11710583.357322447
68.73128019624104,18.298585670771104,3.1638418416059153,0.9278263925976309,2.2360154490082844,94.82755077364095,85.36708099049446,7855200.0,9.723250168020936,0.0,12.32772122474739,158.51250948014496,2.946316654733885,0.23603834021604156,10080741.115941415
68.22145652310581,2.477623124265463,0.4016046355542926,0.09110721565015523,0.3104974199041374,98.39764356078443,92.2137429664309,9643200.0,1.451453608171841,0.0,9.395723260608918,97.32128087486042,0.3842337007298877,0.22733291117482538,3306218.9575272216
47.14895716261224,9.618112196824796,-0.5653277554040983,-0.013835948954178834,-0.5514918064499195,77.16405327937953,75.42306399052035,-4570500.0,5.089465958357572,0.0,12.150090199948087,-52.104476440173215,-3.7185636399915913,0.05687203867328568,11011897.891340546
64.83649646574622,24.521666488801372,4.709682722919297,-0.7402521441677052,5.449934867087002,95.48449816343201,67.77239737860047,28506900.0,9.383608701586901,0.0,47.5553714956513,55.35773974679925,0.4697641096802357,0.06402377105572321,13330480.623511273
32.808361958056956,1.9906033988622553,-0.470362445378953,-0.11359323838733609,-0.3567692069916169,16.069800490100413,40.39164545946592,-22879400.0,1.8161090278622989,0.0,11.778455550775508,-98.98712086630741,-6.653677697348381,-0.14404680275769174,-13638176.550092258
44.34453075980781,6.2014913182434555,0.49039065196026854,-0.31804945443725363,0.8084401063975222,37.91144745382703,60.352105412539125,10760200.0,3.891127629716775,0.0,50.99115619195854,-12.250782668123998,-3.3821525377956054,0.019236378392044853,4029240.7628977033
46.543930189268494,5.348317204901036,1.574808263957408,-0.5743419178501359,2.149150181807544,34.60070898257326,53.04133650134305,50562000.0,4.62599007897243,1.0,53.2512214401142,35.62277601477458,-2.7239762532147678,0.1518193841521334,17752354.468909606
60.39723453905187,1.5811564529192026,-0.43288036666024254,0.295925002514453,-0.7288053691746955,99.18561999244518,55.70103854437829,1225800.0,5.125676267997141,0.0,17.26452176859876,-20.501049812572234,1.7406858760811241,0.056113340407828415,-3306.4311621745583
40.14529395267246,8.824672871754416,0.6814981317592128,-0.6127593160838705,1.2942574478430833,29.87630971174097,58.02200782517519,4012400.0,5.890272512529099,1.0,37.736956815023184,-26.37715453940305,-4.152890364034808,-0.03901094767696346,2551667.5847266926
75.12244674470071,7.706369814851939,1.7059729896006104,0.3183670121814719,1.3876059774191385,99.25145050025127,94.044021533783,5612900.0,4.34005435525264,0.0,13.019471149164866,136.93505986936503,1.4564134690681285,0.1876096290231081,8588311.748170491
28.103824950625945,6.564639503386047,-0.39438139587821297,-2.6588621934409398,2.264480797562727,22.217264477892964,22.61456857327671,419800.0,12.512278837726829,0.0,35.58275654385075,-78.62345890370149,-3.844752259644605,0.1510421392835117,2687338.6533512725
31.807103707141874,2.4299632044436734,-0.5538872528169207,-0.19168013936727696,-0.3622071134496438,29.268294952227922,48.392394397190934,-2905400.0,1.8705544577938766,0.0,15.121700002695528,-77.08716958268793,-8.905066377349986,0.08243613615354117,10116515.223914634
59.59948617893972,19.32871901410988,3.8945482421700035,0.21248963095708184,3.6820586112129217,77.08001967435116,90.19630692701868,30573700.0,9.82568550186012,1.0,46.60658212105022,62.037177171934076,-0.3531851752636436,0.23411681114848917,15146705.953067863
62.31121421901098,1.4863441412866294,0.26220684897866064,0.019937224644206608,0.24226962433445404,65.19333756251568,58.20268930755009,18371000.0,0.9262537010475598,0.0,14.5095527578397,71.34106447995026,3.6581186147836537,-0.03463287257105793,-3770122.8393309033
61.42367543057847,3.0431069026472386,-0.3897341614719352,0.23536793941673095,-0.6251021008886661,97.53096497700193,96.60432549247821,1609200.0,1.5409664324007177,0.0,20.447946551750796,-48.158704730522466,-2.599468229188221,0.17168639291315213,8112082.665377056
51.458902672160946,4.3241698643469135,-0.3065102194954079,-0.06815308270337872,-0.2383571367920292,78.66982717377957,58.08117818540645,16872800.0,4.709032495866848,0.0,11.876815934226492,-20.093908836427,-1.3046012491844736,0.280801225862043,18811780.593034297
64.86905755518454,7.095175165621754,3.624981381288535,0.0983632445271132,3.5266181367614218,90.67394671208748,71.21149529178962,9747000.0,14.427214830894114,0.0,9.419956977422572,68.52834991279556,-0.2371078261443247,0.1476782323321573,4641746.621705802
61.23382621724175,6.744404066696006,-0.3391720886832559,0.2069986620787253,-0.5461707507619812,99.01964695322629,85.78812558527738,44752200.0,1.6947734679751347,0.0,13.31480059211944,-22.016806272243763,-3.1235591177440436,0.03924550618805052,9064324.326205254
40.04401511852993,1.3118285788695374,-0.4177004998081202,0.0032439522355973693,-0.42094445204371755,30.357137991449616,35.83062218116095,18838500.0,2.121995269529408,0.0,11.671783413392811,-60.192112232039754,0.24980600513414333,-0.09484760911806137,4354379.754981464
85.78265232211903,46.11379358555439,11.267449672390626,1.2427500159840292,10.024699656406597,94.1743155204937,82.73363557467442,172874300.0,18.890428011904902,0.0,43.08520090725563,119.13845949437793,4.772464046744879,0.20271736274508442,74864305.37345915
50.778881793292555,2.796207351929681,0.0687074004078454,-0.0351218489489956,0.103829249356841,65.68643950528634,75.77150642268833,35826300.0,1.7298340841184834,0.0,19.562280737355273,-29.49741523660656,-2.6599053286831436,0.015315169090974962,5879651.610761477
45.02523935730291,54.46121642647722,7.4219554097967375,-2.610234809775191,10.032190219571929,34.42793735098729,64.95242547543536,1857000.0,39.38625238220223,1.0,14.761578408806669,4.137179917449443,-1.409138905611075,0.10389348633503076,777981.7015380529
24.856551683546723,1.5668121000967155,-0.344679952329237,-0.05932588811226286,-0.2853540642169741,29.22084758169093,53.787929958040614,-2047900.0,1.0430209769838632,0.0,26.409815668319347,-83.09615590397935,-8.24257004354392,0.17199380777405104,21547779.272386238
67.0218475718904,7.73197887022048,0.9974197486615068,-0.10931574624192564,1.1067354949034325,92.09807196781104,76.51160202498765,117655000.0,2.6031590871009547,0.0,46.580144827910786,43.9300358090944,-1.2182234159682208,0.09238925703325795,67240328.89061266
65.45744525224349,9.25162671828052,1.7202357544491207,-0.23867918912125563,1.9589149435703763,80.43187956052193,62.82597067029713,232748500.0,3.664890363361945,1.0,44.822504951192144,63.4728768492051,0.18367378079161353,0.23615939778488723,125124078.7917446
70.26927322774593,12.719817620124502,5.485217731382136,-0.5555897067239624,6.040807438106098,92.37186623041858,82.7621957779952,293718200.0,8.232659827922683,0.0,51.37168868283016,88.24991793336339,1.6950299146438899,0.2159045211302886,88582674.10318008
43.50267938258924,1.3239406285547375,-1.1329266691650446,0.23180206816740268,-1.3647287373324473,75.6153011135158,79.88326110582527,-1520900.0,3.188608110540893,0.0,18.193265504754642,-78.11778523364181,-4.613969926534352,0.06885958753547565,1268226.249703439
59.391524151124216,2.318532722901594,0.29846504613518476,0.0314472882302923,0.26701775790489246,64.44439358181424,57.79214929145206,52846400.0,1.6057076256824256,0.0,22.40746960258222,75.45662345145081,8.809326520278047,-0.07558664879800764,9988994.888369558
25.908424595002213,3.2462092635192192,-1.676561860300339,-0.34240887054081437,-1.3341529897595246,17.80457314208443,30.354013404440042,-4760400.0,3.239096146092027,0.0,13.801681963738114,-124.19890161403586,-8.958116830951036,0.12049034518580753,4667525.203741175
25.035731343669738,2.561819051993268,-5.303572992992315,-0.6409500448667727,-4.662622948125542,29.946243129901188,36.656056250690696,346000.0,10.880605659267284,0.0,32.292501386869645,-139.57321253535213,-8.603304404449934,-0.000976914400943569,-1127654.1802333286
26.043972054284854,1.0161193148164287,-0.8154444409383288,-0.05667039156478981,-0.758774049373539,27.802648392609406,41.275749826021084,-13128000.0,1.2777507269092907,0.0,55.87883750139439,-125.61317944405877,-7.000878890169327,0.053611603382575486,-3324026.0611185236
74.5456890700333,2.2398162756929167,0.4520476188880025,0.12366148563239354,0.32838613325560895,75.12702740383871,83.94051059465362,41798800.0,1.1246872407173958,0.0,12.493872645966631,72.73758761572587,3.352728799200806,0.10050103211240714,6477511.317387768
42.65208147502325,33.396757112746286,-0.1247078517698128,-2.910905595382121,2.786197743612308,45.057839345538184,47.036723865895965,9713000.0,28.259583294106505,0.0,33.66569674306892,-31.95234331137631,-6.533414827293719,0.03439608859763711,4789684.18928704
65.13170496986815,1.4493061875969815,0.6458600655554747,-0.07358025227054876,0.7194403178260235,64.5716303615687,66.67996001153148,68974300.0,1.1173017424869054,0.0,26.32033789049967,70.02168796251773,1.5431136036982294,0.2869909251088611,28171519.639769368
53.58837174756037,15.726171466809717,1.999004801915362,-0.39668409876255506,2.395688900677917,76.74063223379629,81.63432576715711,1644500.0,9.745450097013972,1.0,33.937529212161195,-5.750719516366927,-1.8347313014289706,0.0997590606475686,3345943.8614244247
56.5488963884061,3.9611750426067687,0.888782624422717,-0.1999104184273821,1.0886930428500992,64.46525866763913,71.22296621017732,102708600.0,2.998915021837343,1.0,32.27280071479801,25.542552834673632,-2.859735957595848,0.1172181187980743,37108794.72009074
85.74111136993466,2.2345753440569,0.8780975558313742,-0.04242159083897423,0.9205191466703484,94.31826309732038,88.06349718109959,140846300.0,0.8557504883571656,0.0,85.44691993749373,101.22161945455731,4.487366862078268,0.35300692218871177,59247598.05085976
49.17693983433727,7.529630796322351,-0.5147413206128135,-0.3501271601863023,-0.16461416042651122,61.132647570569546,45.11522802048898,5556400.0,8.412658411493046,0.0,13.182154697639948,1.183917102066697,-1.181097490346796,0.18063522979699742,3185566.3787966063
50.206305170449994,9.726984599941602,1.245819935072518,-0.4732223163440892,1.7190422514166073,78.63158100411297,69.58399774487245,2533300.0,11.311617602572078,0.0,27.65781301624968,-45.77241106942594,-1.4015516596247226,0.10761576674801927,721115.1242821689
79.70339231326905,3.4832772381110573,1.0778649912271732,0.022274071578554544,1.0555909196486186,98.61116507426311,96.17773934438863,58109200.0,1.440748793843856,0.0,48.41308241937819,130.87901955911272,2.564100653230797,0.2588087646156542,30570869.13648939
44.18510121343928,5.943675052035246,0.6394593945182834,-0.3271406936705137,0.9666000881887971,66.38174161119413,64.34538097449675,8389300.0,2.742112539409694,0.0,52.54938326768386,3.8297519860889424,-1.7507233239844853,0.3199164287616148,22181480.81209627
69.3550011593604,42.806169033020296,16.11337441839737,-0.689065538390885,16.802439956788255,99.02587200167592,66.25776384081689,101790300.0,26.97464821124393,0.0,46.11011357950273,99.32700288355146,2.3037565564397307,0.23143979763734868,35051268.82059292
82.74271389247066,4.926922293260596,0.7241224429401143,0.2452391526113163,0.478883290328798,92.42059787216381,60.905590721114585,142421100.0,1.5187899355577863,0.0,17.905517508492565,144.50697724337385,11.457499742775038,0.3680683617543411,115476424.46515046
44.06790548000184,0.2599792184131253,0.08271159077692758,-0.024376428649052692,0.10708801942598027,45.67903850953908,71.47631202137028,25278600.0,0.5625802642546978,0.0,13.948616435775826,-50.9755132555801,-0.8474568280522495,0.19827464630637806,21798258.912727665
41.956333924760365,0.2903313027169503,0.08859187938652724,-0.03329289527599416,0.1218847746625214,40.206072046562845,67.72303260092998,6544500.0,0.5968622889635437,0.0,15.94535825682502,-57.454652647123645,-1.366537378588254,0.10586453555448687,3008565.419033438
59.21065728581164,6.546408169438465,-0.05546563331103016,0.16266086526831686,-0.21812649857934702,98.73937959821637,98.52423328771107,77663300.0,2.1555610823934974,0.0,25.069962581108193,13.330680905422033,-5.709832184706038,0.3951902980709117,112661377.78985122
55.93517218164297,3.190477492765673,0.29258629217855514,-0.06795043846945381,0.36053673064800895,63.6847156348303,49.31288456982018,20202200.0,1.9000500149137223,1.0,27.854247130561454,20.39914341451559,-1.7918379836697853,-0.10962599477207116,66234940.93546853
63.34825751186391,1.0787652781958883,0.1294379486066859,0.06014908146848867,0.06928886713819722,98.23004965853428,86.09303265806496,24719600.0,0.7967059163234764,1.0,11.024037228867702,56.812598764332485,1.3050109970259418,0.1827508629177172,25275448.45770127
77.45113163259151,23.873765327954033,3.8973228327130585,1.1761637198984611,2.7211591128145973,75.04285807760256,72.40631926629489,1987100.0,5.860581271114621,0.0,31.27305375546977,131.6422668835323,3.326022093626173,0.028283483394413552,896550.4631254296
60.25540133353255,9.987656637685404,3.0137641828505934,-0.24051107147404238,3.254275254324636,45.444556666046935,72.73734020148403,19966400.0,4.9832200850346835,0.0,38.7201379088398,59.143044866771945,-0.3413293684870362,0.20807610206968682,7740983.798453821
47.599019033917514,2.166379384132142,0.966275216615486,-0.3568404429078951,1.323115659523381,31.13915640077723,50.055845499626066,8978500.0,2.3946138649869773,0.0,54.93297945345568,30.267903259834007,-1.4735903102872592,0.25979002980195465,9585515.174464874
76.76185561159626,23.535330330700674,1.826808117916812,1.4448026123685191,0.3820055055482928,97.32687699963367,94.41456565470163,4449900.0,9.98339774752842,0.0,25.43152881018848,79.07466748998198,2.6469138132242263,0.18673273907460725,3538932.9770053662
45.043909113558655,1.4742576642593512,-0.11728138811739441,-0.009130693991930464,-0.10815069412546395,42.342329957952366,49.06780817073397,114042200.0,0.7221192182543632,0.0,20.69767875205757,-50.507493433830255,-8.303063536384629,0.0791964658296208,70159884.84741777
69.15819836902504,7.988329924535094,4.207693184563311,-0.9621336371076694,5.169826821670981,80.59718828215564,50.24753079300651,55517000.0,5.223398779397794,0.0,63.62358749714628,52.66150189852878,-0.44597454063328384,0.31796258662918264,34230454.63192624
82.25773103147927,17.973054775641273,-0.08294315549954945,1.0528379599638817,-1.1357811154634312,72.62027521262934,63.115722242911296,18318200.0,4.259806173126005,0.0,22.938405024840833,124.82755310803977,3.6501357869297233,-0.11926519460895223,1739555.8292612983
62.75208562658796,11.014419487241838,3.021918930800183,-0.31209310901895737,3.3340120398191404,42.194925481727,51.282928069523756,1947214400.0,4.832905898027423,0.0,43.03792656852967,69.9168772588452,1.4623420055999983,0.189250205881241,1890300832.1293259
40.456057672551474,128.5250665888143,-33.192723682546784,-4.373411377011529,-28.819312305535256,32.44165956074208,39.29104057574431,8400.0,177.03258912584394,0.0,10.703453865804278,-98.16977092346433,-4.4366594676241835,0.04805353576638925,44056.01801924665
35.87077849750248,13.62899345597694,-1.8923782021423108,-0.882123367583556,-1.0102548345587548,37.73433798392543,30.693736856896095,20825200.0,7.381263300991623,0.0,27.081321486935433,-53.18149464387144,-9.291494273072601,0.019650151447944575,21691024.850297026
56.60245344871193,26.16058478138939,-0.9220182890769593,0.635953802036203,-1.5579720911131623,59.18883155049102,43.08001908674094,-1333400.0,26.630783350138692,0.0,10.801488052550551,-2.5426088661198127,-0.7946948016969297,-0.010651029908881095,-600804.8176644254
50.17258534226008,2.120850039907836,-0.13611180090574493,-0.02883918215042336,-0.10727261875532157,60.38959430470991,50.57785460346764,49111900.0,1.1905631359843512,0.0,17.096497417204375,-8.92168870894044,-3.7174773577691393,0.007250504429437617,2071784.7412209923
29.613715330812077,6.372699024327659,-1.0896338000293895,-0.5468850490999125,-0.5427487509294769,34.81577993248916,37.21491395641319,-568200.0,4.9663598580422486,0.0,26.10827558812775,-56.17695928751259,-6.585706947506309,0.037834719744510824,8489629.814326772
13.63233748111894,0.8582697254830549,-1.020829879629602,-0.2604275065146304,-0.7604023731149716,10.99582599281064,46.40339684377563,-17532300.0,1.853671439512077,0.0,15.149043488789971,-189.17990965944438,-8.41886872049396,-0.004964129193246526,-1385152.8462583495
47.22835866190695,6.194749866925889,0.026087223368470802,-0.12730052388865415,0.15338774725712495,40.07632309625417,46.2589228978617,115324500.0,1.8996778182305203,0.0,27.613683232068173,-9.278058569941205,-5.298302204881522,0.01074906419102864,61132634.90254779
59.3856253207239,3.923864231353761,-0.5019372918331158,0.10648616518844578,-0.6084234570215615,93.46054540843267,64.21791518053986,46123900.0,2.175942382935387,0.0,14.710316375578934,-23.20088658141536,-3.6885678770334294,0.2354703478989156,12785391.751341932
77.82168875806136,14.945564587147004,3.129844679954374,0.2095065248444521,2.920338155109922,94.6783096740323,90.29428149269603,65115400.0,4.241691148032361,0.0,35.950255196946586,112.90147684825271,3.7883990422778444,0.30543636057612067,48840675.362850145
20.249808408016623,1.1446534552306247,-0.6314866570444337,-0.24538501333283197,-0.38610164371160177,23.711309798863063,25.46667086077589,26742000.0,1.6108904516950961,0.0,14.36500560023696,-202.51234248075062,-4.732531432966792,-0.02973066135269039,1194844.5706174737
26.73918849318796,1.97168679460016,-0.20655706816910424,-0.3489098614703009,0.14235279330119663,10.730454018934148,38.950958587346456,-16040000.0,2.249026091320354,0.0,12.981869955871565,-37.144207830330785,-5.108057582640796,0.001957647404818818,4093337.650365971
50.50966204639969,3.7474036396874055,0.9589464812416111,-0.2251908680651491,1.1841373493067602,56.307150707706384,66.33617939105925,-1472200.0,4.288819803017352,1.0,13.075897227872797,36.45942799224784,-1.009168315079929,0.2077358639136082,5910468.411026883
76.82201558864301,15.474180225767498,2.58357471217262,0.581061698426856,2.002513013745764,82.0588035649472,67.80519703969706,1416110800.0,6.363243890173825,0.0,26.878467492489655,130.2639899717242,1.9456369136390503,0.1251841864552491,823330156.9054024
70.96518013051025,16.733160627787697,1.238268695199821,0.6295245199098446,0.6087441752899764,96.53231542393613,79.63682004152771,83058400.0,5.315910592389905,1.0,21.807440435971444,106.32524057796276,0.9741967688022989,0.24401673376980462,30930312.696163934
43.67014177428402,0.27940854604937115,0.07947822731801679,-0.016194240010593358,0.09567246732861015,23.684052020539177,64.71292001112059,45059200.0,0.23931848770092887,0.0,24.32737595419303,56.47695752519007,2.0512801284672686,0.061462735422384694,18424279.828673117
41.65821964133875,14.515590940541642,3.337715564455266,-1.8614348660906872,5.199150430545953,39.3244111264132,64.77928401028427,10590600.0,15.805436720662883,0.0,34.92155303819675,3.4096006030321897,-2.9541498970996103,0.1271231382579534,4356995.67555042
59.065427762966934,2.7386059901812985,1.3963321191027944,-0.23969731974811692,1.6360294388509113,47.30684429261111,57.525239611410775,4261400.0,2.611683191705783,0.0,23.69592063777097,58.58734734434365,0.9744866739937812,0.2435263467733215,13212798.098252304
57.306313721455666,8.212788955644783,2.668131300296352,-0.7078227104886876,3.3759540107850396,67.86824964053083,51.147634501460026,6160100.0,6.760170268187268,0.0,35.6806833271951,40.2142622104069,-0.1697837710238593,0.4182817972236106,5743920.800287355
48.93451805070834,1.6322283269721538,0.14306778607804915,-0.15526935066251457,0.2983371367405637,55.310394982862455,44.65152475423347,65682900.0,1.7624329886567625,0.0,47.8696780939281,-38.43382756689071,-1.7317816496467469,0.027748284052475033,41726897.96090163
49.35046660953484,3.209946444659721,0.8352881330448412,-0.2184354326810769,1.053723565725918,44.56941039312839,72.36401504972837,4088000.0,2.153266862249744,1.0,40.58787165794807,32.589734449618284,-2.5425402139581688,0.2035145470656522,7654740.3801968945
47.52584569862676,2.5468111666153845,-0.20320335254882593,0.12234343058666158,-0.3255467831354875,50.41094286932602,72.92545643241148,-60772300.0,2.2114513706887564,1.0,41.61627003795587,-56.3423542380153,-0.810722912613659,0.019011476620566382,-17736701.86914329
58.77128999248181,0.4714301637113394,0.16765641291944533,-0.0006943880567916727,0.168350800976237,63.636174477559145,72.3785161771858,422570400.0,0.534595793473344,0.0,15.466449831852579,79.09273999787764,2.759523271449631,0.10828318599359109,197742403.63182357
25.018260818571868,0.079174868597498,-0.1304742402355039,-0.047117667009719325,-0.08335657322578459,32.978647852915095,39.2946607680884,47005900.0,0.38178505235341986,0.0,17.974825402937938,-167.48755780039204,-6.827091009557343,-0.12153522875979694,-62995911.73585647
85.00110112431827,10.772672839910939,2.9843329301607753,0.25178692092267463,2.7325460092381006,98.98731976783489,85.87557846256595,119982400.0,3.2359225048505893,0.0,34.692666493852855,140.4758872797196,7.222481449345011,0.3422841480819304,63925292.62335544
47.69515339264209,7.631232249137113,-0.1376721707191848,-0.2281208489921532,0.0904486782729684,70.54790583440023,68.33849160097417,28154200.0,3.6489598577327516,0.0,32.02292797071056,-15.213415448629565,-8.230954068817221,0.05978737432966125,14798993.904219378
47.94023854409629,0.9317486528152017,-0.15295906135392556,0.040032685354175895,-0.19299174670810146,53.8094321183211,64.3061148732387,-484900.0,1.5826588897649267,0.0,22.073678254929824,-36.00466265108039,-0.9810350412427248,0.08620427067208784,1796404.6883042245
47.91310302492728,5.915058943890813,0.6790440861477123,-0.3490574296230524,1.0281015157707647,53.65475704562929,62.92878474038124,17828500.0,3.564145532821599,0.0,46.37933047000535,-2.015937596959047,-3.0542836826801176,0.08520468255093627,9390315.270838004
34.876276520528265,15.021954195764806,-2.0442974890012806,-0.36247762653811244,-1.6818198624631682,40.29985642128626,39.03076764095544,-655900.0,8.349157808132915,0.0,8.920230357891558,-66.30165453644598,-6.489622482670844,0.10025805398963351,1913001.5828900696
40.61645338425476,2.489536033427555,0.04196435593878789,-0.23491075102646658,0.27687510696525447,36.747028097775754,51.959195316917224,-30600.0,2.479915916291151,0.0,25.112476325926046,-43.38699691959935,-3.2696382337523926,0.15340398309897044,2724922.7489231294
53.43675144084545,0.33883555852554537,-0.08395766002853833,0.04452941020616935,-0.12848707023470768,72.0001220703125,62.999979654947914,25289200.0,0.6185149943325479,0.0,22.013499790336063,-27.388909930857707,-0.401604667806188,0.13486299065977975,25714154.11808154
41.07163873715268,2.37565989134265,-0.23411783672887054,-0.08911366124864897,-0.14500417548022157,42.46168529111155,59.7234469251486,975100.0,1.6481507703424618,0.0,16.051747979782387,-66.70754210416736,-4.686183084203156,0.01382178015055933,410037.40340940957
58.403596927332565,3.279323798168491,1.7250893084222412,-0.025619047969641207,1.7507083563918824,43.881013482150955,73.80989706478634,54239900.0,2.80174514883373,0.0,24.781485997575132,87.39404948456611,2.7560019804278553,0.20738508332688438,48040385.60383372
75.63510323479478,14.7852968347853,1.2173826269775532,0.923379247349312,0.2940033796282412,99.41598640668259,82.66013868655016,32105500.0,5.833923328218263,0.0,15.16927013828071,107.1301432328957,0.9474500809857979,0.22219092220185724,14500720.723966226
60.32483051737255,5.7800436819700565,0.592425430740164,0.1294373752805702,0.46298805545959376,62.049103353520586,67.69263446772214,50823800.0,2.788228193523315,1.0,13.031127075742587,19.956992368852607,-1.6282252393200556,0.14705741745015483,25723997.655915674
48.55086378135379,3.7211875588883174,0.06926086713490065,-0.027174075859690672,0.09643494299459132,55.081922105210495,73.49142005622166,-6111600.0,2.4002809263474374,1.0,10.55544492146411,-25.083506345287695,-2.25320535246136,0.04091457535143766,389744.28748031775
73.58003390111212,5.594861383283288,0.5919590379509714,0.33182524926254586,0.2601337886884255,83.73992438833012,88.56011277972124,9731900.0,1.7751191779576745,0.0,16.231681013996717,242.047779042111,3.2917146931706576,0.24724854784482994,18860635.790594235
36.80646193302295,2.7087989525820433,0.25147693593334,-0.5869969384477337,0.8384738743810737,29.478101797051544,31.656579257187236,12930400.0,3.8767186295186633,0.0,36.42283356447449,-32.70562149305538,-3.5625490322392763,0.24205141860628152,6653217.431344398
74.8493731236808,11.060095106192705,2.1091615548867253,0.7959513713442936,1.3132101835424317,98.3087435066028,94.99491197266833,10888400.0,6.069645772663212,1.0,14.084169074267209,106.15817794845816,0.20054831940093742,0.3767604182407625,5846885.992000009
34.00752842077473,2.831268522106839,-1.1320889420314728,-0.07967349076355079,-1.052415451267922,42.572541388051164,37.101862867294,-4210500.0,2.710659467239748,0.0,12.65481270136207,-127.11210896123666,-6.5702522457061,-0.06121167524969162,6408449.974753243
68.51084800705863,24.471327703311488,3.952492538503577,-0.27993520543555217,4.232427743939129,94.51487252124646,89.30820630889544,14935300.0,9.438748162806869,1.0,33.25140839048221,63.639729638171886,0.21462055629102966,0.1968571737660196,7830910.753928297
42.64313274098469,6.095190734164163,-0.5327225491403453,-0.3469516050847353,-0.18577094405560998,44.871897979189804,50.37801714292187,39588100.0,4.2435416150794065,0.0,16.386606840935514,-37.4208666816448,-3.84917712602459,0.04506399258229129,18873288.700732917
58.336873697929164,6.002169543814034,-0.32685366901409907,0.2591608864538517,-0.5860145554679508,82.46729441139848,78.16638452657565,9577100.0,3.478392016868133,0.0,17.291075739542098,-31.108271660020005,-2.005960161674401,0.08377204497917652,6360376.556962373
48.8198866135946,11.084198334356472,4.835815080840177,-1.6695856011450196,6.505400681985197,24.72221574665313,45.08180113507506,6686000.0,8.753352714639774,0.0,55.4909884123657,45.77209512684001,0.5099602603392984,0.24327970795840884,8420399.401536128
35.03001164170504,3.4806087202958906,-0.3516520391115421,-0.37005552316870516,0.01840348405716305,27.941157613991898,59.08763947459756,13511600.0,3.197560688085334,0.0,24.835288633616226,-49.82816554087506,-5.497794674694686,0.1161614629002516,8178573.528306794
74.13971587390495,5.971016612525858,1.4826152402984292,0.15121540652996712,1.331399833768462,99.09369388888761,93.12000699821498,33356400.0,2.9651682216943795,1.0,20.506529796819933,104.56822444313315,1.9787103691917303,0.19560096160137438,26055890.249896754
71.41560124113695,1.3113337967144574,0.20069301164068065,0.11578324494977528,0.08490976669090537,99.23320933196865,97.03235565918037,13761100.0,0.8663136430792573,0.0,15.519613748643032,70.4690824878115,1.084799933701067,0.16570988808230808,13980897.635930777
47.15543137064238,1.2438211207403214,-0.08232680696104921,0.01828398122157074,-0.10061078818261995,62.650347689804626,78.37263564419786,-866400.0,1.33798384787086,0.0,9.396076619998095,-65.2232694521173,-2.533192568833272,0.16682776692119286,2695903.7873162697
18.081464567825336,-1.5265975941006786,-20.008944014989993,-11.539090701763362,-8.469853313226631,7.291264123028827,33.600981995306356,-3549300.0,27.969564061499412,0.0,17.20081654657295,-211.20232023844062,-17.29454205117261,-0.04079296633711448,5060712.069920223
40.11542437498719,0.9948877787487902,-0.05205192681623316,-0.036361662703073144,-0.01569026411316002,43.47619446785756,62.258390466864135,70105000.0,0.5072745707133945,0.0,50.804533909214484,-48.27636923713761,-5.449058708239835,0.1454643861493987,51898418.8000281
82.41637866347939,7.527065215624447,2.686955543186315,0.26932577609256647,2.4176297670937483,99.14986596635275,92.45366282605387,11379700.0,4.067811580533127,0.0,17.675035476177012,120.7862275211384,4.14868005836507,0.31902301106464204,13276011.954506064
39.448539797721054,6.532431316476675,0.12879603349006175,-0.40533039241802193,0.5341264259080837,54.24403156184166,53.0008136165115,6019900.0,4.845448836296382,0.0,44.56431260273782,-80.43618266712208,-3.0434278627704465,0.15458976704810493,8565840.943486333
35.37460860846125,3.032536133952135,-0.7289433708059079,-0.11019837995079751,-0.6187449908551104,20.112777372247074,44.533997309493195,-3744800.0,3.0882801923942536,0.0,11.640101789518459,-124.08036398374024,-4.224750537374911,-0.029404288938357157,-1888899.150128436
83.20215231719773,15.909800884871629,7.098233728892808,-0.5578501864728311,7.656083915365639,94.96857760180747,96.53048712064681,17299000.0,7.205497036121198,0.0,54.44503542872351,83.04039043109293,3.100022372021328,0.2884515748454321,8808533.957410337
79.61552191777722,2.1460225310397263,0.41876097080087504,0.10620115059559021,0.31255982020528483,98.21441343864633,78.28518715249368,22154000.0,0.9686794059049475,1.0,10.436518355449667,209.14916917970345,2.8441059912580746,0.25689691275709975,13842268.130076593
42.17696836950348,6.4902108369843745,-1.0689702493505138,-0.4998841879824185,-0.5690860613680953,29.62185240045308,32.38186517963464,1121000.0,9.780934792527967,0.0,7.394388473390782,-110.54055640638823,-2.7775875490292785,0.07985898081219417,1417999.249340049
46.3386432743812,12.150321119842971,-1.8071292083022001,-0.22369078589926872,-1.5834384224029314,58.52352209862712,55.17740620010821,11233700.0,4.499726076480794,0.0,28.289373979772776,-59.55091035703607,-6.866335420956289,0.21365617420639493,15854660.140531134
75.23804151788318,32.85452692771352,5.746922935321976,0.6276713030860739,5.119251632235902,97.69414453076897,93.7285685750485,41466000.0,8.070490687740863,0.0,49.89878136904418,112.11101085032836,2.548741114049323,0.26513097070619546,18237114.43668461
51.845570368893846,7.499247701987315,1.3051733688708964,-0.47377401522430995,1.7789473840952064,75.78007374828276,69.92882218153652,2724400.0,9.089623792910347,0.0,25.591174322232195,-37.87910424163852,-1.5147562388512,0.09228331819890759,2062953.8966464761
15.847530889854134,6.045403043770193,-4.689736880109763,-1.7061276318321004,-2.9836092482776624,29.288341555881946,36.56965611769326,-1883300.0,7.986419193427094,0.0,26.81173717151294,-152.85702758850667,-10.142538003897739,0.10921170949416784,20523439.067746725
52.44914400401734,2.0012045292047844,0.013914197456983857,0.16010566724542094,-0.14619146978843708,75.32039760848036,77.54636298782627,5412800.0,5.216381462642376,0.0,12.042488646521562,-26.248034097154378,-0.38986934364494813,0.07127778722325452,4237702.635701489
34.386137817653974,1.3803921103602406,-0.3844588236495383,-0.04244095412966098,-0.34201786951987734,32.89472693551909,30.914088442212165,-95931700.0,0.9689307256660777,0.0,18.37257205685907,-83.98894312673688,-6.79340305864705,-0.11627765783947173,-22072632.62889049
86.63549697575056,20.3849106481931,4.886110489081176,-0.10632526745403048,4.992435756535206,90.70121756201495,92.01459287014195,75688100.0,3.5148219009108472,0.0,77.43312782999845,119.98988824058542,10.539011516712154,0.2470528791655284,34340067.76130495
54.226292951326066,1.2525389485315372,0.5969027687230408,-0.07212902251228537,0.6690317912353262,44.84298182290936,62.26456954289,20110500.0,1.5809257094366886,0.0,25.154334674074885,76.08172283267203,0.5282773218534916,0.2001148370464447,31576541.103158757
45.59471847430666,7.401372135019869,4.910945798504372,-2.7830373877952983,7.69398318629967,31.602835999091905,39.26270312006688,20173600.0,23.880962400980906,1.0,46.447681974965064,-0.3837517468511648,-2.69857783363875,0.015250277257626755,3995196.6092257854
47.11682210685618,7.314118823747265,0.7411805965920735,-0.21861106698641541,0.9597916635784889,47.80660952191331,67.03372903715179,4313200.0,6.938351370974557,1.0,21.96292821226364,-39.21509137881282,-2.2200234126762917,0.06716432225160779,884549.6173284606
60.584434031686946,5.786138858840275,0.546768067880123,0.25314407467493116,0.29362399320519184,76.62166007513929,80.7001275894462,8919500.0,3.8437767039028894,1.0,13.849325904472995,-3.9526786701668266,-1.3384154072374272,0.18180456830725264,10049881.188470326
38.83011984945423,3.4190757023707476,0.08250105926641993,-0.2955268555751479,0.37802791484156784,33.726378597416804,45.911193071177074,30976900.0,2.2597638372892526,0.0,32.141691467151375,-24.504796707065434,-5.001843743863823,0.19317971884747184,31438380.004194476
45.75329986028854,1.8700469630405223,-0.06932379451691872,-0.054810531769760334,-0.014513262747158388,44.7643775152538,54.18847801555838,-6183200.0,2.2323570791967966,0.0,20.1267346191188,-19.79429880349221,-1.312889146018036,0.088676660870756,2866226.770752355
26.52497166528174,0.7193752600363865,-0.299769528950506,-0.22361293664203957,-0.07615659230846644,22.302129644876228,29.775930727458753,12480900.0,1.325414183045313,0.0,21.487137234726553,-41.065245338750216,-8.619212071979346,0.15500417026862104,16071342.461276356
32.96146182405292,6.029334445291738,-0.5906734101114353,-0.7760572591014341,0.18538384898999877,19.85107215427915,39.363618380100945,-1302500.0,6.451470943840364,0.0,10.8164127582548,-57.28445038981144,-3.9750015879561995,0.09003518397301964,-454610.09556137805
57.6610836381636,3.723274636311288,0.505447974288117,-0.0836218289902727,0.5890698032783898,77.01617244869394,79.92430382141784,4692600.0,2.1625436602842045,0.0,15.21995348279873,43.71928667571999,-1.3358492182109765,0.227667899489964,8182239.415646004
59.38860469905048,1.4851144830407463,0.26380879306699967,0.07383746475103342,0.18997132831596625,88.46171288330466,75.29146048132884,14279100.0,1.6771171134744938,0.0,12.142649480721545,39.742102147143,2.23940115194576,0.2244489176906034,25791916.2680426
62.07921049372938,1.8450260025164766,0.6680583142214687,-0.0058407928934760545,0.6738991071149447,57.78544383454781,72.50661711238698,195096100.0,1.071672243841372,0.0,52.34308318694532,104.754014676017,1.34680889521597,-0.033703538589508655,31272563.07543174
27.32151587582761,1.4897994830742007,-0.5358996837122305,-0.3956971319212541,-0.14020255179097638,14.705882352941176,32.64244493580265,-24823500.0,2.6570158073744423,0.0,22.177935634795396,-47.64096812278494,-10.509373660438557,0.062802489049164,-649627.6673796744
54.01117921133858,4.067892345705019,0.18668612122809236,-0.0804421358154499,0.26712825704354226,45.35151472163065,34.07012919103792,-1658700.0,2.5517606799930226,0.0,6.492060652701965,18.83479838270029,-0.44407766129856985,0.08678644558597767,86092524.55659665
44.140717745969795,1.828529889685072,0.506250436608255,-0.2577554522882619,0.7640058888965169,39.323009799012944,50.78883188352435,31584400.0,2.0478765222803372,0.0,31.061993788443047,0.9403687517971521,-2.0958363408340577,0.12558165754201395,8190929.648715146
68.17114147580001,16.15081273984498,-0.48141067559657813,0.5508547479893617,-1.0322654235859399,68.06285954575132,36.571260937112534,3556000.0,4.880040702147425,0.0,26.79144625708761,116.67369858662295,0.6900192483999102,-0.2511224858796992,-1825903.584496072
40.090990240334065,3.525541048518818,1.8049819160973186,-0.8918173480876139,2.6967992641849325,27.426115061131725,48.117364037857556,3948000.0,4.835346139488081,0.0,31.550368554551106,26.336123156208448,-3.779957329489292,0.1894274900807643,5098651.192086137
43.452825272027134,8.425070288812208,-0.22019772450909159,-0.27062896235795514,0.05043123784886354,53.90857125152975,70.930210154606,9913700.0,7.681727931549723,0.0,23.408598178820778,-75.27517667309459,-3.3865214968902975,0.10849196372056384,8287818.40735629
51.79387695875955,4.1355633870590225,0.48246827871920317,-0.27328515481625426,0.7557534335354574,43.69920038705205,35.129995537378875,172186900.0,2.7373218602634943,0.0,20.970159778452636,20.809927322193033,-10.725895123023363,-0.03060599149660268,76463400.27270503
49.83822755292104,2.8159142875565664,0.21835475578333785,-0.14395950263268698,0.3623142584160248,60.2230957729222,63.13387269017125,38924600.0,1.7383742940438485,1.0,43.11757938674534,-9.001867267148715,-4.391444411923313,0.15333079956763201,36749642.53920327
33.72006037416481,23.37888745586696,-8.576584140915543,-3.305236265793832,-5.271347875121711,36.7747591008535,31.033283436833084,7380500.0,19.456296457325113,0.0,42.88830451729062,-113.37162437760446,-9.38514461961499,0.13961687765710998,5157903.437766258
64.49051002529868,2.5941841862456414,0.2995364471651243,0.06983488039547164,0.22970156676965264,70.56442061287335,64.73025974023192,-851700.0,1.3487701569714228,0.0,18.04989412187839,101.81592037191758,0.8558739595418825,0.14681559109902204,4104576.415059659
60.58063214755539,5.721775502725109,-0.14145230441459944,0.3662321635099788,-0.5076844679245782,78.8756172962746,58.76525834706674,33436200.0,5.288959117046975,0.0,17.867061082946847,-4.545319136857387,0.5345393050010777,0.1351860982783286,17834889.62848671
28.77033899074235,2.2323730581781973,-0.3980365077266441,-0.34636183808537846,-0.05167466964126566,16.43516515344444,35.13065828388743,8469300.0,2.1226774361724376,0.0,24.521264031500497,-78.93260861897726,-6.026918396753422,0.03178332599201815,-2471359.493961726
51.58566545087393,9.289953664108111,-0.19907807887446438,-0.0900858149424805,-0.10899226393198388,70.61860940695297,48.58562765817438,14595800.0,6.3234219112186185,0.0,9.589459596011515,-50.676318619288566,0.37928931353822803,0.11124337614525054,16065676.17400948
41.564764675758276,2.4157047374884826,0.03530552573396051,-0.29688973561629856,0.33219526135025906,36.04391845440308,40.39303975698482,76770300.0,2.5292154474779016,0.0,42.662281172579995,-35.363800366627274,-5.143687698536293,-0.1343323128087727,3505770.789433959
60.05938962796552,8.189339111647115,-1.018734424262476,0.27493054033211206,-1.2936649645945881,87.01137769602137,50.154179914357684,4805000.0,4.847245457311356,0.0,13.760950187507001,-15.416229775251336,-2.0158104222804654,0.10337926211635778,-423966.7399709679
34.46348685367303,3.913385181201477,-0.579268981981059,-0.23850243159426898,-0.34076655038679005,22.066590862629457,30.052635764398133,-31504700.0,3.002152112073381,0.0,17.332722844321577,-111.00619128783579,-5.335769972133904,0.022590925983357033,36652225.828539625
49.49376447861348,4.410089849339357,1.2542433095569265,-0.4163380072459857,1.6705813168029122,41.39529107006618,65.46041288227036,24864600.0,3.2378920909116267,1.0,52.09928139819863,25.966798501157353,-2.085566115073786,0.1303246366594361,11157415.31740474
50.3312422902391,13.234838219672952,2.7394345479188473,-0.3279041865353971,3.0673387344542444,49.80040576448611,78.04947654618542,2241300.0,8.577458880447583,0.0,21.82107794275802,43.18516427336919,-0.9876441013564815,0.267532371753207,2790773.318432995
47.54235383466053,4.6183618443318295,0.0451677627781919,-0.15405127878077735,0.19921904155896925,45.32108524896303,54.20168976596178,4674900.0,2.902505795718963,1.0,16.18604425567324,-15.287556610099289,-3.770146994890881,0.06130432808034096,10576764.49917093
45.23069820297637,15.12136909700439,7.627954216430737,-2.571564740533729,10.199518956964466,27.225173181461507,46.693432178227546,680754400.0,15.678963289811367,0.0,44.95775286497266,35.97883215980283,-2.0829785462252177,0.11334641744688062,587682495.4358063
55.6688365465462,11.148492053689466,1.651848749002653,-0.3939595273468566,2.0458082763495096,73.72697715243426,76.87402775476617,77679300.0,5.336829688684682,1.0,28.85607197777594,29.68888226547153,-2.2758585072322615,0.20607606585584903,42756979.11715713
6.476507270346509,65.91115666973928,-60.78720423524305,-14.392357562125895,-46.39484667311716,3.678816210902296,4.52849513906655,415400.0,58.05871110760485,0.0,30.64569486991481,-183.29334530264813,-22.286067575980145,-0.21068552498659182,-121081.93265992153
40.1660782923057,2.4277058027603857,0.0837819311225445,-0.1529125492599503,0.2366944803824948,31.428473558665445,52.32454755898638,19393900.0,1.6685641126227384,0.0,28.27196372720872,-18.929997409763825,-4.107983194238832,-0.0921515047487958,2251407.0609209193
34.01306722712925,9.616042620271173,-3.658896720676921,0.10810958939063386,-3.767006310067555,25.099597556972235,57.6156166045495,-23311400.0,11.988443055977534,0.0,19.75716869895909,-108.62166617045425,-3.7834287313157042,0.006302721202322078,-1361122.4205695195
50.53089342882137,5.26401144880613,-0.7397991294142514,-0.026336108770168565,-0.7134630206440828,98.83666945621542,62.877404664446566,46454800.0,2.474817450950348,0.0,18.953599317826708,-59.45499660910736,-3.682318731783347,0.039642403767660504,4897701.49745518
53.51669763186574,8.571066137777848,-0.7929459050504022,0.13014534889725893,-0.9230912539476611,88.51482216723018,60.120900768643615,13273500.0,3.963136942547121,0.0,18.76510892094799,-71.11300361586602,-2.4039593702529207,-0.026897529736877028,2623881.3164509465
18.737714537977496,2.007862141203759,-0.7886454810902706,-0.15467990305440105,-0.6339655780358695,18.573758111037908,15.627511592773445,-32082400.0,1.3134699610790932,0.0,18.87943706484192,-173.70053518675786,-9.266847146365448,-0.021023926444910787,3851200.2436462557
58.58499998790647,11.137864876964443,5.479919206911575,-1.2228890653134172,6.702808272224992,57.04463750120602,66.58790167236539,15053600.0,8.913260398465086,0.0,48.73803761957506,52.65348439489538,0.29597264548479735,0.180333620251239,10526542.026329828
58.47702273543481,56.97500469124839,14.54334536514125,0.17285757987147754,14.370487785269772,45.60325521019072,75.66780698119642,5143300.0,32.812030363584284,0.0,20.05850913334436,80.39981411422222,2.1501278583062526,-0.014058193883073668,617361.2273347508
70.09841860484241,6.185336640450544,2.060875423880077,0.013685037414143952,2.047190386465933,81.39210271926896,78.90964091697496,10109400.0,4.785897851877883,0.0,22.12248647216461,101.77437653544334,0.990385340320676,0.19613441656475408,6315648.275515666
45.02493169271997,1.494173692768129,0.6549528182113988,-0.24496814166324898,0.8999209598746478,43.209682736534745,63.65348761189682,12026100.0,1.5652964024102034,1.0,40.93632803935565,25.181241940339774,-1.4605690091423262,0.24598115459369532,12678746.836349724
37.38791073203929,1.2489672250703663,-0.1072710759476152,-0.07805333608827161,-0.029217739859343582,37.83784480403326,58.00261678115249,15793100.0,0.9230639661677776,0.0,32.081389182460335,-55.386632917464084,-5.241550491939287,0.11374782873977153,67871017.76422137
37.90097829579505,11.408591325255998,1.6844542745931221,-1.0180313361122915,2.7024856107054136,25.9521484375,56.18446798923541,691000.0,12.563575263226936,0.0,10.021407494299007,-13.465059829367855,-2.111293672297615,0.1130470153389723,1136117.8035563903
64.2281461292125,1.1867858292081692,-0.010915939152717158,0.15020248604680123,-0.16111842519951838,85.71252764141394,83.3596311677553,6077000.0,1.1031607438299695,1.0,27.58455866215735,106.63690914917233,1.2957691938258737,0.09197402737056394,8439131.343122212
52.741174966360845,1.941316935096168,0.18696958659194252,-0.051190055596506856,0.23815964218844937,77.06422339424016,84.52342736640641,68524300.0,0.8950521344872373,0.0,49.79791819093794,6.151752006633776,-2.8940322574618436,0.22042703311936956,69667339.1060004
21.811080914877277,0.49949826163383193,-0.8253624132983646,-0.6422117672555208,-0.18315064604284384,14.986362710328168,18.807160044109647,28559800.0,2.9158717837625243,0.0,36.20996759372544,-85.98117690863431,-8.878964423782067,0.1280164080389042,110206523.11451414
59.28348423044294,1.854921662628307,-0.07930091327338573,0.13187456181038593,-0.21117547508377166,94.81128935033153,97.19364432050297,7814800.0,0.8627519590696259,1.0,14.254460752367342,-30.545679593171776,-2.380948526944066,0.1364297669985772,7448930.077418655
90.24540388420425,97.08987772915737,17.065036107818344,5.352366522182297,11.712669585636046,79.96556645617694,78.42633629768892,11312500.0,15.760506056466955,0.0,43.24937737347823,279.38471137321085,15.179545248985137,-0.19748320242150064,-2123603.657524775
30.198837517680037,4.695772923915769,-0.6191145535376279,-0.45592873620226676,-0.16318581733536114,22.380402802852437,42.512754026385636,-8369000.0,4.157451553713786,0.0,12.814943113912433,-46.994949562426534,-4.841331406435261,0.056638946316084036,9728669.09726745
71.94441268772549,8.14634925717705,1.2526272396297031,0.31806134283251275,0.9345658967971904,96.90912420099431,83.30400995301518,103035900.0,3.6997067248202717,0.0,50.55802690435069,91.84073426256153,4.2345733848773515,-0.08109367611185973,12967976.250916138
51.07059714992347,2.8936342271231723,0.21065792351623713,-0.009715862307343143,0.22037378582358028,59.41416450128008,75.50359489261304,-39268000.0,2.116804731637453,1.0,12.260861390064482,8.661598194129171,-2.3274475197847235,0.059122796359113765,-8886606.090652175
32.45171970101224,14.382457368957034,3.34229121611952,-3.373915058454368,6.716206274573888,22.448067869239953,53.10363662475851,6055900.0,19.90882918579118,1.0,35.121688268640206,-12.898370419607906,-4.756977594368485,0.006568138733440934,3194231.666324635
49.178676661328105,15.154041277039369,-11.8232553598898,3.764642318966194,-15.587897678855994,63.841143522695745,65.30137546724033,-141066100.0,17.430267901181864,0.0,53.08821886226202,-37.82561916775846,4.388337980161013,0.15005936966841554,42733489.29765028
38.36152503027275,4.981626429479178,0.3014287164322411,-0.5246443385682589,0.8260730550005,28.517727797187646,55.791236065150336,1450400.0,5.459236605448778,0.0,17.370580925409623,-28.133270498027585,-5.235378667670481,0.020216410379428913,1046267.3342257994
45.57310815669789,5.2537309309587386,0.5857193116409292,-0.39688844326769923,0.9826077549086284,47.83269146773014,53.215060324737955,17697800.0,4.049378611292016,0.0,32.101571986727095,10.225348155359521,-4.679218648537857,0.07260011305743261,8715593.72254091
40.98075455931067,0.028309261476017866,-0.3064080914524254,0.03292813424832253,-0.33933622570074795,48.18160695521902,45.63036990552072,12767100.0,1.2357573945764853,1.0,30.907008350704345,-97.29930570713074,-2.3464893798195936,0.0859314726780168,6742967.900600019
42.09388833406832,0.4980466658926588,0.5197722616132268,-0.2406326443632052,0.760404905976432,35.13506082892295,62.32998722868705,6462800.0,1.832849098294074,0.0,19.976273225128338,23.194207378136966,-1.3962617616084956,0.11006182938797826,5839421.0495214
54.29660232889358,10.46758540739637,-1.3659408909721265,-0.02315684390033823,-1.3427840470717882,58.60305522099663,39.73121680284899,10236300.0,5.688183369191761,0.0,31.219005776967855,-76.00696873386923,-2.411728468447048,0.10744691794918125,5557474.165291278
72.53203362817897,5.68268844177976,2.772644069321359,-0.29006193208214226,3.0627060014035012,88.18433666065697,61.5743226021601,-2627100.0,5.253383951348865,0.0,29.622178379958555,78.2077394022721,2.396867504798408,0.2384099332070898,3650208.427589434
66.83871662499521,1.012310700804143,0.11612593111684077,0.06180825217625455,0.05431767894058623,98.24557294106624,79.29046160275728,144989600.0,0.7396781321475516,0.0,14.886714138206305,56.955754297393256,0.25004953729779134,0.05947153014944982,84872328.5955172
56.419394682714646,14.30846810592385,-0.6344403807687513,1.0531262069207574,-1.6875665876895087,56.573328524509,66.05585915332908,-5005900.0,11.981031010119636,0.0,31.597151412324642,24.70960134094726,1.5456511737457963,0.05553639106035536,8991532.319166213
54.72559285540321,0.4777510099250861,0.07098552531308755,0.010113027165551125,0.060872498147536425,69.8112087176516,85.94990757143887,56913000.0,0.2941817457941985,0.0,23.921649291924783,30.262359561556046,-0.2891596588080166,0.0959566873549413,77579348.6672718
57.861277061374025,0.6103008002010064,0.020263222838693196,0.021548232740888042,-0.0012850099021948468,82.94589919122322,79.68018773712242,8549400.0,0.5186217190587333,1.0,8.39580476693482,-9.351218864080844,-1.0280312524733144,0.09551213505281383,9811528.264241222
70.0230217175526,12.981559558052538,2.715563600350663,0.15686373133794085,2.558699869012722,86.30572010321552,89.30248351050886,85689400.0,6.0497575922352675,1.0,37.95965370417524,79.66697416351754,0.05477985585726546,0.12767372546032654,15753483.058665881
76.75405004672785,25.210730259365164,4.665622432298477,0.017945875662572774,4.647676556635904,85.10643080031316,66.35533013836653,115543700.0,6.619760724872781,0.0,36.06767749685103,126.92751778539765,6.927599566962918,0.3662423627187272,59149343.47596091
34.359608409271104,4.621551503694604,-0.8532658980124666,-0.7268362534260443,-0.12642964458642222,28.476873056333794,33.36626109384479,7716300.0,5.705156949515936,0.0,33.516332738781,-155.87447313403834,-4.230012132101754,0.08721214702417637,5924584.925297598
72.62822807247862,2.6668327449520604,0.6726563034817588,0.11128861372042542,0.5613676897613333,99.55147438682683,91.9726175047332,28029600.0,1.338650615691237,0.0,15.77227070964827,169.94020129878228,2.5791476816760013,0.2879858997666321,17980941.13551118
40.79514524011983,20.13249522330534,4.320579940666448,-2.143599776237979,6.464179716904427,37.74041328721374,59.57402836873475,1797200.0,19.08112788829236,0.0,29.665231514342484,11.230959803100989,-2.4708251120052647,-0.007567176338780734,1014455.0797585462
52.353554285617285,5.835683963375658,1.2616898045698974,-0.37351303122527835,1.6352028357951758,52.07365008824791,68.11381783560172,10341600.0,4.122363019876521,0.0,42.148160504898875,27.47452115443649,-1.8020615022054205,0.18020386588198292,5794246.968556923
46.18605558380608,0.0707093123027338,0.0157033666061146,-0.004744170281244374,0.020447536887358973,38.09519484471006,58.998867371261845,120928500.0,0.11715260990271352,1.0,24.494493263924028,19.060672082760995,-0.7971669875286599,0.1545963695079895,60753557.48338156
78.31781794676948,4.695562695388176,0.6264145489043926,0.2352299625647426,0.39118458633965003,95.79558732558938,85.08897001338907,234803000.0,2.0062730963438,0.0,16.7921513092674,151.88812211550146,1.5574092147462593,0.21156305288465582,120488334.94523588
66.96194073409629,3.8679526702849643,1.8285568843894993,-0.2719792687234639,2.100536153112963,81.15935939566296,84.40269855570402,115363900.0,2.450629185735871,1.0,57.18913502386507,61.559577888408725,-0.41439007960750657,0.3185330758451796,72313727.87695612
79.63780992229323,1.371507137375291,0.29395985220390486,0.03190797987740834,0.2620518723264965,81.73080890841884,84.80172335591523,533030400.0,0.41429097410059673,0.0,34.77492440202214,139.78497411762962,9.170307495422154,0.3447373924467193,160528185.12510246
85.04881122479628,9.874120461121521,2.8229924512741036,0.4179811849684256,2.405011266305678,100.0,94.30840705915698,17853300.0,3.786910863072418,0.0,17.47660321361348,134.40897097525678,5.3204033784806395,0.25581422472263765,13922669.186071089
33.575427850154675,8.716293498177663,-0.7605720103172757,-1.1595520315674692,0.3989800212501934,20.074365257640732,45.4262216798295,1256200.0,11.553658041686177,0.0,11.567316003566354,-100.63889837394728,-4.395242524666493,0.06662812174522063,1350406.331915071
57.597268986120284,2.2700757488598384,0.2326703942331534,0.09153877081347295,0.14113162341968044,74.21219348506146,64.66101639337096,4437700.0,1.8570660493961573,0.0,11.216635513584478,43.14712695620307,0.7138180966627866,0.17941724621469796,9797511.649801096
59.344751882311215,3.3448396625019114,0.2939613799056815,0.009447472361120424,0.2845139075445611,82.26596912160436,84.96913160352966,174532000.0,1.613061999731679,1.0,39.35330769871128,-1.2282851537676533,-1.9165123111366826,0.13943745916223452,125108600.16437817
76.8608032167919,5.891363650305777,1.817950768924419,0.36280941598893746,1.4551413529354815,98.15487351001954,95.16172030893871,37976400.0,3.1040393130539923,0.0,16.416866044834826,155.88559975310102,4.37062933475497,0.3262073884904013,18853285.1323563
42.68974827425366,6.116980268915967,-0.5662492735430931,-0.016645565960478392,-0.5496037075826147,42.50642683657698,59.81242071927841,634300.0,6.0708051505774225,0.0,14.054597791591862,-68.92340120660496,-3.346565740595373,0.05146719882693386,4481304.937604044
68.97904732401531,4.731336733606092,1.3561922103690947,-0.1456666054913094,1.501858815860404,57.509155973635266,65.91301838094007,175378500.0,1.569351018457557,0.0,68.54121566379784,83.77029322063858,4.400873923534666,0.04126556361498836,4535539.374947043
48.573958169689796,1.1071070988715022,-0.011644617277859481,0.02837933996324405,-0.04002395724110353,63.1324831802681,79.64645841017183,27089100.0,0.5694906117849029,1.0,14.26722639847333,-35.66552021414578,-3.148582325849165,0.1316380070190124,12380033.752599902
30.18305429607555,7.3140399846799085,-1.285322840668556,-0.7944955089082282,-0.4908273317603278,28.500699810829857,50.37403093155459,4464700.0,6.637163364356753,0.0,30.213443730942505,-79.53346839727602,-8.98527119548893,-0.013731892128118428,1457267.596663703
79.27516389406239,3.9670417433402747,0.7018512002196147,0.14399832451960748,0.5578528757000072,93.68425913470516,88.72299753673794,119430300.0,1.3470257874879072,0.0,12.91196611398247,161.0509812477893,4.21840364622502,0.30385315687883985,61267514.218146816
73.82610146242136,6.891490277309913,1.950650602920632,0.5189601809015958,1.4316904220190363,96.31885568428969,94.97113933301182,495300.0,5.9904598307091455,0.0,18.478006850900112,146.39316949007403,1.7247475424411833,0.03583876229504199,906245.4583796556
42.515907567833814,26.584323035694638,-4.100006872778096,-0.2707258553060359,-3.8292810174720597,89.72722833806819,64.27117830752654,29318400.0,7.435203319629321,0.0,37.85122027802043,-62.197848009167195,-9.265698195947785,0.03557544024110996,5113267.926097351
22.629176163667402,0.5844349967161122,-0.3476823786658656,-0.5758712745166645,0.22818889585079893,9.306306445866188,29.366514831507065,25979200.0,2.7662763256711487,0.0,44.75665647902287,-39.71122390425365,-9.260023653014892,0.1937386720092875,23078991.288524322
47.029222720553,1.4060287259854647,-0.17698747729011188,0.0062951472178623125,-0.1832826245079742,62.011175565491286,65.61109209593569,31295000.0,1.4484802694474588,0.0,13.641971633200592,-37.52987050140518,-3.661224090968359,0.257285065738846,27426442.375819635
53.63763490365289,3.480111806131518,0.5909161395574785,-0.1256038063815469,0.7165199459390253,64.48809415078271,71.57845884793859,12851100.0,2.2108044989910165,1.0,42.7125593541774,11.47785145297043,-1.5063374423995228,-0.07058182275555695,2742509.2042678487
48.23912088630509,2.359810243058206,-0.6177099091982541,0.03604175119270603,-0.6537516603909601,73.6390624385168,55.71811834557408,-3898500.0,2.5024248239140414,0.0,13.41397510843648,-93.0382804450001,-1.8440856757596686,0.045073727463848835,5952105.253436828
39.59738617601663,9.77469326798149,2.050739523117045,-1.3994135620399621,3.450153085157007,26.234911839304086,54.2404111219696,5900100.0,8.886090506543784,0.0,41.06692726748557,4.331550297693875,-4.876589681399809,0.2679507550467465,4677895.18024151
31.65381522304849,1.642634319457315,-1.1774066760601158,-0.05296276845844927,-1.1244439076016666,12.623812392475605,42.571284315030304,12017200.0,2.513008127946955,0.0,31.84565390901631,-116.35895688080154,-6.02371998114489,-0.06798896854344304,1409001.7668483392
79.13456815705455,10.536359283327954,2.5538182432670737,0.24665621287009554,2.307162030396978,93.7920193346544,91.26533843676998,40542100.0,3.9509088332451463,0.0,10.76501801544071,139.91860952809066,3.91315330319947,0.18722082166171716,19601857.034029033
