RSI,BB_Dist,MACD_6_13_4,MACDh_6_13_4,MACDs_6_13_4,STOCHk_5_3_1,STOCHd_5_3_1,OBV,ATR,Golden_Cross,ADX,CCI,ROC,CMF,ADL
49.41747356693972,4.344575649293347,1.2503805542959014,-0.5139189943189537,1.7642995486148552,34.70131256087338,27.596183690679663,19462700.0,3.646169154810056,0.0,13.904904042671761,48.384162100008346,-0.8968492634691416,0.223138143577883,5739488.553281179
25.473389829195494,0.10874108569443308,-0.600519364076078,-0.43845549183913246,-0.16206387223694552,11.720276734965841,26.94923090308032,-947200.0,1.8194424831142069,0.0,17.771458949132775,-183.84183217469229,-8.39988471040889,0.015768832121117238,1584162.301424569
44.77071050525751,4.034280111717379,0.013977326779894383,-0.1648208106424586,0.17879813742235298,27.700523955478406,28.86194530766102,23041700.0,2.648075534216713,0.0,11.352717122760282,-1.2512682186300006,2.301434444377311,0.04252220745662826,5085529.518385803
44.97526575068941,7.2387921074212045,-0.640396041165161,0.1555386275027909,-0.7959346686679519,48.54689529612453,65.3416939540071,1905400.0,5.190039161451097,0.0,25.181251977578253,-48.030975241549044,-2.611704075590093,0.13873753329318306,45130085.442543186
51.698550667569485,7.116293656035111,1.0987761142036447,-0.7121475439618528,1.8109236581654975,54.16944901382759,38.67021449860747,13263400.0,6.629962585790094,0.0,21.1990836147515,31.78238887279806,-2.027721008797423,0.1691133664421702,17487264.37611059
58.59737429597547,13.476515245658845,5.859637726637743,-1.3656939936098773,7.22533172024762,32.151969636976446,24.40933424757195,12029000.0,8.472939838978244,0.0,41.106416493694596,72.65310816144735,3.731760774436928,0.003297845504815926,4038088.4816723564
54.85610031525444,3.8695278405736104,1.9133534233902907,-0.46135109472017355,2.3747045181104642,61.56586303110494,58.20482676086208,151801800.0,4.403708790735636,0.0,27.19530446747323,55.88830524055273,0.35568337998869365,-0.15752442575689468,-83598155.77682883
25.821027471507154,1.3250842577871893,-0.39027285715270565,-0.12314621502409862,-0.26712664212860704,13.33331920482644,21.157999791089722,-92735900.0,0.5304605191680947,0.0,30.391916271263675,-82.47128442785947,-22.709166041079122,-0.0020303060218396993,-17715588.96529022
29.63576462003326,1.7173565515610818,-0.8368784485020484,-0.12731491668033246,-0.7095635318217159,9.726431786506875,21.913723524992395,-4639400.0,2.021434303020355,0.0,33.95120717015404,-132.21315517459357,-2.35822420667166,-0.08211095804978585,-242566.2357707913
50.86984747692796,5.5153187726173485,0.10474685490660818,-0.15124431370072583,0.255991168607334,68.77250774300788,49.56255571518752,-2301100.0,3.344226100414957,0.0,10.283591770910174,21.706281394409604,-3.9334612610909465,0.15745073224441092,3838770.82760887
47.020580330078594,6.320869141862545,-0.08430977730824907,-0.14786691219903614,0.06355713489078706,55.96748469981844,54.291265710268895,3544100.0,6.4050567446157896,0.0,20.61169762500571,22.284641834246745,-0.6870358069626111,0.09801780711595962,1638059.2125066
42.08671132407041,5.086462075648171,-0.2598837823772442,-0.5360810044313256,0.27619722205408137,63.3851886794939,41.04101752459074,23526100.0,4.024203384745475,0.0,18.698310280544206,-6.526111601583747,-6.7946430101097075,0.21650906269969927,43320672.44415914
41.78998272229956,0.43487944769047715,-0.6325409293543487,0.03366028973145396,-0.6662012190858027,29.004280392105056,33.26592041976275,-13740100.0,2.3120584360243637,0.0,16.793950004721722,-71.65568722954005,-3.192303261367933,0.032592236845256105,2923485.110035369
44.69967492372166,1.2843523993065986,-0.2911358669296149,-0.04391712274767828,-0.24721874418193662,69.6477141271008,59.41018363003565,-9990200.0,2.8015048064724115,0.0,10.13093352098559,-33.87134343419802,-6.159071024408389,0.09225239869427514,-3733591.372133173
43.37047081838984,4.43872895080834,-1.1205923967181661,0.07045994444596526,-1.1910523411641314,51.80175923046125,35.02440568360681,2786800.0,2.429358543150399,0.0,27.000887986738356,-90.73223328456503,-3.770722789222279,0.023200228671252255,-6599460.2046254575
55.20777380704096,15.413546663553262,-1.0034312308058588,0.04090055953581362,-1.0443317903416725,86.12102117658813,53.72333614569362,-200800.0,6.832077486665508,0.0,27.179699286847967,-14.660613682278141,-5.41434600238073,-0.23049758720374067,1588246.5696499702
52.84012374709096,3.249660716804101,0.7528577683286528,-0.14705743606670563,0.8999152043953584,63.36212991676724,60.94245368203061,-719700.0,2.76867686389203,0.0,37.329865099790375,69.49597623847131,0.17500874295996782,-0.0683573503922188,-1165270.2234697917
43.0038257641042,1.5109388300453475,0.10701623159425111,-0.08946040452112197,0.19647663611537308,36.882160713275574,42.247134575578876,17883500.0,1.3181396016469784,0.0,15.183440513998562,24.31582579742093,1.488590042188811,0.20289250591259195,11102843.906061685
49.53250437769925,6.819626902609315,0.8333433545335822,-0.26608209126052285,1.099425445794105,60.10848861283644,52.13239533297568,742800.0,4.142933193925476,0.0,12.188150303977421,67.47805008303766,1.170021300233251,0.24896126578302247,5741764.5866378
69.6508768981869,10.15397152780352,3.2021328489457517,0.24802097488329178,2.95411187406246,66.61618909337889,59.624275663898025,214437500.0,5.4112368769711,0.0,21.34841870472802,136.92659223858323,8.042375684340387,-0.08946476979772086,-71201512.68661205
68.87606189990511,9.746123256875336,3.058807158776432,0.23809663663064295,2.820710522145789,64.12388195418447,57.54379769307684,141676200.0,5.3809304450001605,0.0,21.41244064193627,135.65782742151063,7.763071378299515,-0.12989136258068706,-68939941.80995987
55.85084863001092,2.505841167736115,0.25498235488959864,0.017271544377015113,0.23771081051258353,61.15689451881183,66.80536924318243,10412400.0,0.9810697399605,0.0,14.561047004998587,32.15807593752623,5.330260769375852,0.11267508422585462,25234175.986781925
56.51635765961222,6.088780160038539,2.0170608217993617,-0.3958271469366266,2.4128879687359883,70.03054869436995,66.08509849768267,-12798500.0,6.143292362126423,0.0,22.248964921944545,56.3816949502575,-3.1461390216702676,0.0805717278659374,154901149.2476769
38.681569453294955,0.1948979439548726,-0.06280255413080127,-0.012717683873954909,-0.05008487025684636,39.99987284337058,37.32635542677027,-506160600.0,0.20625973216685023,0.0,16.973949946752587,-93.48096800916552,-1.52672128852735,-0.14988486620063146,19174800.406279713
35.469391580287606,2.0210830748272315,-0.4861284530327197,-0.09827554660682053,-0.38785290642589915,23.409620801649346,34.9229558009554,13500000.0,1.8280777889259126,0.0,37.26140226744482,-77.71281867406036,1.0602205292997628,0.07081520020104645,571268.113425037
37.993571391667935,3.1168506394017754,-0.40540491050914795,0.012358156555751343,-0.4177630670648993,25.083629961342673,47.938281526762516,-11445400.0,1.9508942334767367,0.0,20.362261668700015,-54.24803636484261,2.129372035524963,0.02000789194405418,3418287.0099739693
57.07551857838834,12.685696087662677,1.8076782355243495,-0.5843461040610674,2.392024339585417,85.48837943485533,59.43888189034177,15467700.0,7.223610438310387,0.0,23.346007415099866,45.08256617296439,-2.957328085480719,0.18087610481560856,17265101.060700603
48.982929027174116,2.4943268850853,-0.03773302535741152,-0.04922762541800857,0.011494600060597049,56.690083144165804,43.39847739325702,2873800.0,1.590684321590671,0.0,13.200782267510004,25.70338968025995,-1.0760420043598105,0.026161117186045874,-6350027.8661638945
47.617878747275846,7.4412440440399905,-0.6056604783232444,0.17742972068737117,-0.7830901990106156,45.26039799211187,48.108573182524424,-4313600.0,4.993056086094698,0.0,14.753874353963344,-43.9334182779857,4.167483683173505,0.028808973998813932,-8242204.212136483
39.49680895336908,5.569680470345816,-0.1660307727044028,-0.04130860881818585,-0.12472216388621696,10.426595121527903,48.785493764635454,-10802200.0,3.1651147608148853,0.0,14.529741514860307,-35.706149565231414,5.252539578340271,0.07690968474430368,-2535122.3078020737
47.97971247405882,6.974190073279431,3.6320636519326968,-1.5434383830120302,5.175502034944727,55.756855064353665,51.19940873353619,3264700.0,11.585423125221707,0.0,19.612578020367106,43.110330589858606,-1.8453301569856297,0.07194616282163518,1033980.053347057
51.15714317431108,3.450520190236915,1.40941711061879,-0.40753242483032714,1.8169495354491172,57.25682022827383,59.87248776190012,10026900.0,3.5667377006534307,0.0,21.4513831629902,55.277222332985595,-0.847644753073061,0.12346348071063408,8473660.327746827
65.15570076903626,21.399351012323336,1.2027993452143164,0.8333539561240179,0.36944538909029856,75.98035304677371,69.03051785988244,-19022300.0,7.115465047942526,0.0,38.02847326531221,79.43234356762699,3.849257223596996,0.12523267332706622,18418796.459385946
78.66098578405746,4.532069949246392,1.744758779949791,-0.08144838580232805,1.826207165752119,87.8276784336585,80.09605639947391,74223700.0,2.1198965905930773,0.0,47.75357574206533,103.58949520117051,2.739564592635864,0.2586695177880526,58514378.48422681
45.90374124048697,7.244778794109067,1.2034299777172919,-1.2497123434795103,2.453142321196802,44.974265505790704,38.927842356754155,-3555200.0,6.8721378028574005,0.0,30.12465069282773,24.60416493009727,-4.8791238379881126,0.045458093098957056,7886545.941570415
28.355260159842036,-4.880075387573129,1.0702530676510946,-1.9074121683686638,2.9776652360197584,24.25801402817228,50.85429315292512,483700.0,8.332158643193177,0.0,23.95433383612613,-16.327254038202113,-4.94122235795165,0.18560879872692004,2857391.739837603
54.8785131375797,15.285134980700548,0.9378371872991238,0.2862323775868896,0.6516048097122342,65.73623303220421,64.05753446205456,-4025500.0,7.600236008123651,0.0,33.19237736223218,111.4515320500036,1.7602162590694541,0.11673625529599702,7988891.307871425
53.148188364755974,0.9312638622573175,0.06212352611404981,-0.02099855962623068,0.08312208574028049,71.52779893373953,71.90459680968023,-29713800.0,0.7548557309783398,0.0,11.116195742507857,43.78665327111587,-6.933904890458669,0.10961959385391289,2290214.842938877
33.00289427676301,6.21487033776684,-1.4814403185045535,-0.5906586140761689,-0.8907817044283846,44.78171898785305,37.11365044188378,1416700.0,4.931336170892883,0.0,14.483762594161808,-49.50019714983275,-9.024995054696012,-0.035717831761981095,8633669.736612003
41.0317501541376,6.128728741789018,-1.8538745070766538,-0.462596916887158,-1.3912775901894958,51.251828696889135,35.84007822612541,-259209400.0,6.020678785299341,0.0,13.899023655472885,-42.62635736154688,-5.875167866033947,0.11851140902799984,221882077.06822532
47.488176346276866,5.139662013794549,0.27065284920840327,-0.6207439016339733,0.8913967508423766,58.37476645745218,45.774476053647426,10837300.0,5.325329903108627,0.0,18.959589765581065,16.21262603845567,-6.346021650507391,0.10116966851744741,35533779.59441181
59.85469897296942,2.1918477342950524,1.3056660637418958,-0.24904329893680632,1.554709362678702,77.65729624885394,75.19141767484886,4458600.0,2.0389606437223757,0.0,48.5030038417148,63.37627773452044,-1.5699982798094547,0.2619005404131733,19387679.875615116
47.26417604522118,3.5487208825223604,0.040412898536501984,-0.03331415080274319,0.07372704933924518,48.66312124012411,52.96371507231865,-6626000.0,2.1572793237997367,0.0,20.344940748704538,38.45997142275163,-0.4709856782656006,0.11462558304144906,4300847.574338772
46.09935391332179,0.9056789920223807,0.013257344182719066,-0.07991689951131285,0.09317424369403192,45.26742123357561,39.02465134106319,-5347100.0,1.1688212194872827,0.0,18.203156302192237,13.381334947239624,-3.636523849018773,0.11673255285747594,13986131.178826164
49.01695887618243,-3.5207407335942804,0.7252159960539615,-0.5050764064047433,1.2302924024587047,55.36624325929662,41.266393098868775,150920900.0,3.4318680127405585,0.0,22.00793835066087,27.44402597111385,-4.586117310511729,0.2880816218964773,76294423.70942189
54.028576734391876,10.941364333160436,1.6482991554923956,-0.08689968758633482,1.7351988430787304,59.88630261174854,62.294940300885095,3174400.0,7.18652261391476,0.0,15.567856897302994,73.76228240796135,2.1340472874763092,0.27827691475258765,7450420.030208205
49.9986369832577,8.679026494836563,0.19772817402943588,0.004441746047813805,0.19328642798162207,68.03857721790276,64.74125436356802,-1387200.0,5.346494047865517,0.0,15.626468299981756,35.75878471600709,-2.227707866050969,0.15150367315687513,1731692.8268130706
53.09605189606947,0.748247257631057,0.015531085460647631,-0.003528070366185951,0.019059155826833582,55.73767416264352,33.42769748424113,234617700.0,0.5833267476691135,0.0,16.023461619244657,-0.29674332986437324,3.969751254343094,0.03658672069650183,29317702.24012225
34.68877827576047,2.787067563070707,-0.5874518029429225,-0.1689234995173533,-0.41852830342556924,9.06332744872719,37.439135813569074,7291300.0,3.0529747190340846,0.0,9.465915290365086,-72.2615037993438,0.5954930811724292,0.08236026380503014,5676755.066057725
69.17461433057213,4.76091635236088,3.500825821999797,-0.2307102696506531,3.73153609165045,58.02576173271915,51.117867248041954,7035800.0,6.438824916183204,1.0,42.0363079816484,92.49367619914808,0.7474499672435151,0.06179368311008118,6693403.742029192
72.16022139992575,12.587681684196241,4.444981440619813,-0.290718413083793,4.735699853703606,62.76618037252709,72.81148672802637,5661300.0,5.196498788082112,0.0,30.176427147917266,109.04966567364777,5.175382744631277,0.4456640333872898,15823551.14710019
41.333997389819196,52.01233961269145,7.295065993454955,-14.67412599701143,21.969191990466385,38.3199447784636,28.083853247788003,736100.0,87.54426607812725,0.0,17.005283587924623,-10.394146447334355,2.734616143082516,0.02836621064455288,-105256.51285939859
45.338072978471615,9.783226092430795,-1.4950998085825518,-0.10308366394042556,-1.3920161446421262,48.35978714915147,31.858403983552638,-6635700.0,4.192626432660858,0.0,12.373370261994863,-85.0035039007953,-1.3287744314871044,0.10838213488647344,2252273.7810264193
40.47747219745189,2.8758548574348026,0.5442426053716929,-0.5939336914079703,1.1381762967796631,12.110676402726519,26.19735766509506,-2909100.0,3.835119829491614,0.0,19.41455025950188,27.838200632497326,-2.399390687321591,0.24524399075238565,5499786.989935841
77.61570543712344,10.806685039118065,20.318973330293602,-2.1086157899809166,22.42758912027452,90.1340097507594,77.41059860748724,10511400.0,21.48972585485616,0.0,33.72109071674014,84.51509377801625,3.6190763637980528,0.22656689161105295,4988183.3832781855
39.15984219242607,1.1482288128320164,-0.0937844914553807,-0.050506608455718804,-0.0432778829996619,46.703220694945735,52.00934732861137,-27310600.0,1.0879380069759206,0.0,12.9372460051014,8.919502651536309,-3.9287584809072307,0.026313009274761517,17507203.37539577
46.756488638711204,1.623934952476958,0.17770319083655295,-0.1466956049150251,0.32439879575157804,43.99996670809659,36.26290033143276,3955900.0,1.3046682814780497,0.0,24.190447653343885,32.168945061124546,0.11365326302940576,-0.03384814014234751,11523617.716970084
58.99760538968205,1.3412489330303359,0.4456052068655225,-0.10396140740414184,0.5495666142696644,79.90655788259663,61.139840948502986,556052500.0,1.0548703757734457,0.0,25.423596915982035,61.51215310406329,-0.496832457250923,0.1284842938588938,189925905.67334515
46.10356655269454,0.9439756098637204,-0.07894610754387088,-0.032807371652754956,-0.046138735891115924,48.31462239333585,43.26115327428473,-15996600.0,0.919891459985328,0.0,17.073186322242602,-30.84070321610125,-1.8298545804319744,-0.1631172843296271,-11807323.353424992
45.847412209034765,4.190217327275519,-1.3583151723126718,0.3306573391454022,-1.688972511458074,47.75894530557117,45.54884071117275,-37780700.0,4.966490936476436,0.0,35.63101238890749,9.2421688128569,-1.328847883950354,-0.046507984739351325,-9445828.960995093
36.57065928018468,6.468034691109779,-3.004950908421165,0.09894490777330578,-3.1038958161944707,29.33318309294872,42.785868181668896,-15596200.0,8.842275292074012,0.0,29.024603421161384,-85.8580459037103,-1.7132959771026353,-0.027183747788131388,3408788.0748698576
53.27773738544445,-2.9151400454136933,0.40529238198833184,-0.09729489556994786,0.5025872775582797,73.88057152129541,69.54052004037761,23740600.0,2.3969762963905508,0.0,22.894952546081974,49.44935995497707,-3.050020472261301,-0.0798735775625114,-662561.2809698656
46.57337489661506,2.136329301602821,-0.5158536673956959,0.06052470644667407,-0.57637837384237,66.66671175765578,51.24893718365078,10868400.0,2.2547170963279357,0.0,17.22218326747639,-59.38336444175481,-6.978995176731633,0.03252756236904932,2915736.283457705
57.764682910711926,11.832363917455453,1.4656196076699928,-0.1347475029419949,1.6003671106119877,58.360557320459264,48.59686782680122,-4697800.0,3.6292653841266054,0.0,17.097606219547348,101.29268140849142,3.5482258746732604,0.20227905571524185,3446456.9595127087
49.53060075618438,19.930340285319744,7.698487849192361,-2.6987432039291157,10.397231053121477,45.23509981707879,45.12628817323911,3011100.0,20.763335113235943,0.0,16.045383138809452,55.77460299105718,1.261498020547616,0.0784560724176163,1997940.5800771357
40.298117547322654,5.923062792360184,-0.7184440641608774,-0.49431975402946726,-0.2241243101314101,53.91849229886157,42.683946631306526,-43270900.0,4.606097243842501,0.0,14.859703775511226,-20.804191869056705,-6.857336489143773,0.028834132199533218,10373219.67309969
48.80362685260786,1.1338059568889065,1.1011279239431815,-0.29962727407057765,1.4007551980137591,38.49397628821881,58.33794499445049,63421800.0,1.7523447362549058,0.0,29.73701063204349,60.74491328298163,0.9894265251478916,0.1315644248181142,8972488.773525227
47.20198626765006,8.180452092557118,2.357637731439894,-1.0841884324980127,3.4418261639379066,32.85545524815144,30.843754598104777,125434500.0,4.942434029865257,0.0,39.88383332197216,38.38954053170748,-0.9438591024618468,0.12763691084401418,28999277.155236
80.11137552711205,323.13501293417903,84.86388830338365,4.521690476362977,80.34219782702067,87.81137935450819,82.47228464053353,1986600.0,118.83300904784093,0.0,36.8708872711476,179.24385508467319,4.044524133569432,0.2163744804223964,1870073.6724721678
45.06052168227278,1.597442164285681,0.4618986181518352,-0.1599518396830395,0.6218504578348747,28.370865979734944,43.17234157311066,54435800.0,2.092960700940386,0.0,31.897530185554817,19.86870951868493,1.5153037729302403,0.22767329025500546,39597923.51827007
49.406527364907426,3.137729240735652,-0.22093642504068356,0.07465703192962347,-0.29559345697030703,48.87648756903413,32.31300200074557,-20745500.0,1.3533293586037605,0.0,41.59220715657374,-44.61077901651517,0.8156279606582633,0.06982810322585367,54147642.81931085
82.10626690061534,16.33597487451999,6.5735250480593095,-0.27886336928354183,6.852388417342851,89.46649920821274,76.33841116858213,310321600.0,7.777342746451243,1.0,41.59397428181043,94.34218538169365,3.016089218682635,0.29224946304578214,265561643.11185881
58.283252845396014,3.663715165569016,0.601836035483359,-0.10367927773179375,0.7055153132151527,76.23324726984099,54.138760482750115,2165400.0,4.386153441975944,0.0,10.74274057771826,68.94535018119683,1.2388868870475378,0.14637308507154095,2940884.491081265
46.54621473908998,2.945522101540348,-0.06073377065675345,0.04200337864140717,-0.10273714929816062,29.64828070067821,39.36350078402656,-3328200.0,2.357124732510852,0.0,37.53394781968932,54.07773855044011,1.6969419927360492,0.11975786724395032,7856239.245664982
32.86578830388223,0.6598887782644454,-0.2185817659608844,-0.1162239329676154,-0.102357832993269,17.277584158020353,24.275731436305108,-379300.0,0.8383146257710773,0.0,17.78881330127187,-99.01618057112672,-3.0910076096335195,-0.07875956093813274,-6822661.3439552635
33.936838259590346,4.975241349834491,-2.081040651229017,-0.43627501005754166,-1.6447656411714755,12.379656079270097,23.842396106623596,-7326900.0,4.664478299403126,0.0,15.772627296227926,-78.40594181675867,-13.205717467511755,-0.1258266554904295,-3927791.359883379
54.80668645162053,2.0093310519245478,0.05590289303127349,-0.030739222383112885,0.08664211541438638,77.65355746977013,56.223091624333144,4773700.0,2.1127792400152288,0.0,12.848044825091653,41.416173051703446,-3.428595136686032,0.019845316322454985,6833958.665448464
68.46010609859073,4.877236402429837,0.3848914030961481,0.10601705329576744,0.27887434980038067,97.9949405040757,62.14643000164792,1101600.0,1.836875184763811,0.0,10.804350161901777,96.35484993301964,2.619617964197068,0.11498175087287658,9562965.780933328
40.5879515735991,1.5297026899589383,0.5785659111515287,-0.45294324822364884,1.0315091593751775,6.557353616460923,16.339443543031688,3367100.0,2.3587177448279486,0.0,21.265666169569144,32.41129842582962,-0.7270429550448936,0.20476174048781048,6087945.961118836
19.032135883468655,-12.80299431972486,-0.7884183891420093,-3.3353981215065205,2.546979732364511,11.025823989657288,48.1429821046568,8687200.0,10.195336533771222,0.0,42.44859053674065,-134.91102315936968,-9.430119238437706,-0.12020723104338471,6132376.77643758
30.75046976734883,0.715020029772159,-0.26299788878542074,-0.17981947731358439,-0.08317841147183637,20.816329390442707,30.94806089922568,-17708300.0,1.1322152660158926,0.0,32.285492809721234,-46.87026102171132,-9.927918221491169,0.0029814832916904197,28388014.862521198
47.03897090764288,4.655770936391633,-0.6412162761278069,-0.12558108915373234,-0.5156351869740745,56.335838028423304,37.84951300851125,-5473100.0,2.4632965196196697,0.0,14.353671554931248,-59.98054167158821,-1.3989652581085337,0.12892207449086227,467561.8625598333
35.883477691535276,1.0375191097989287,-0.48868841903588134,-0.03233005802183331,-0.45635836101404803,30.324910244457328,31.103973070080077,-28632600.0,0.871650402466889,0.0,37.97470041692785,-119.06896381402689,-3.9511068152092563,-0.03732735391247492,-13195822.921249676
51.082630366432056,7.122212470517354,0.18856450133836233,-0.3517780200151055,0.5403425213534678,70.00306601537733,47.851112795684436,12040900.0,6.136959891148315,0.0,23.81313012715144,17.95792017371322,-4.650832725914085,-0.0049351644528229585,4351117.496929505
53.97595663377302,4.542699517803641,1.5364256048883362,-0.2884791799545252,1.8249047848428614,59.54783502150793,54.53234997343257,21797500.0,3.131786620183943,0.0,22.60829689674444,70.51949113842923,3.2847771188552266,0.28153569176615856,21807622.11964317
28.05927574753057,2.4371093791340925,-1.2355133764715163,-0.18170097505102922,-1.053812401420487,32.37111245171658,23.33837797548344,-26213700.0,2.2054438560317045,0.0,16.3901012467746,-107.49649573451639,-9.560089052015888,-0.038797171655245384,200057.1760598556
57.7670284791173,1.2369686063860037,0.5492102418118066,-0.06580007908189456,0.6150103208937011,67.31705728560928,66.36598003275894,162542300.0,0.8734461198294035,0.0,37.71041789345647,72.80803873307798,1.1433607365821503,0.3875610788118556,231184314.07527685
37.82273730597902,1.702296354909194,0.24648387964892038,-0.44861403914377374,0.6950979187926941,20.45756533672858,21.482969651700298,26322300.0,1.984330899732769,0.0,39.508089556381634,-6.3006090454883354,-4.835901589499746,0.18260760711681823,27667719.56856326
60.37990885811708,10.251017202460105,4.641053047005471,-0.7986034138666502,5.439656460872121,77.485352460055,69.84899373612609,9192000.0,8.459406741669476,0.0,36.47648618507993,65.36732729286813,-0.8651552268168256,0.01569944311639846,1715368.8932963386
45.515971923536526,13.041251232156782,1.6224878231356854,-0.04753766239549684,1.6700254855311822,19.221430613358677,68.63592953966813,4093300.0,5.704286568897782,0.0,15.467157899003237,36.9452645444891,2.54560326983144,0.2918320439642973,1915317.3543131344
43.90496989176482,7.069513416986098,-1.089221522082326,-0.2110697886782099,-0.8781517334041161,58.95885577584734,40.994021651611,1980100.0,3.5600416949328384,0.0,15.90563062714448,-52.86517214757482,-5.846528828784562,0.05298684710755093,5752976.034768971
48.75504326290452,2.2700776923089165,1.9471774054174489,-0.780398386961564,2.727575792379013,63.79309210850842,59.81269262909719,7786400.0,4.840510960909717,0.0,41.755606581825866,42.250958005915955,-3.5205600469061125,0.08687647379856207,6548336.103164554
45.51692191164331,9.654392088536156,1.2547226068109012,-0.16365112935348214,1.4183737361643833,11.367923505561459,38.07510170165618,557300.0,6.030656698054972,0.0,15.457696792258893,24.361912037130622,3.8520655334116043,-0.025625202802212744,5978074.466121523
26.55668739406238,1.3947228399592646,-1.2028177181950923,-0.363610682966498,-0.8392070352285943,2.3972497601117237,13.675512378810375,-15315600.0,2.0875637261716964,0.0,19.868352778977986,-171.32874090532877,-5.155165088346757,-0.023510095700154426,12850223.27462876
42.00999184621911,0.5562862872529664,-0.019197069044508908,0.007237967207393614,-0.02643503625190252,38.39996337890625,67.11849011187424,32982200.0,0.6828900007500359,0.0,15.31671115637837,-41.219890986386226,2.032246184356453,0.024543881400091158,15027198.54208732
86.78270528747863,5.356093801325002,2.276300551120727,0.040767310678653246,2.2355332404420736,93.86142891890626,90.00235740677067,43703300.0,2.4011204631094425,0.0,44.85188214837261,118.80387085554382,4.9418088711675905,0.38306561681863766,25418039.49100484
44.79059538357693,4.35990689312888,1.1486223775713995,-0.7055991784453279,1.8542215560167274,34.76702574302189,39.26072559094783,-2778200.0,6.087447251758739,0.0,23.31737269384516,24.474552754006847,-5.395086822634329,-0.027035751777170065,10836805.934627604
57.888190190630915,1.0863351939197088,0.9988560579012074,-0.21796751539883985,1.2168235733000472,69.17827188879889,57.70167123921893,126180400.0,1.6899999830879067,0.0,36.7491339704373,71.25621584835623,2.122479477088279,0.20611714342762633,39972227.375221
41.690592405106486,-6.3765395041250486,2.3274869643428246,-1.9881951456709457,4.31568211001377,24.179797226123597,25.08730885318762,15722500.0,11.50786363470528,0.0,26.05293584789606,17.35041369879163,-0.9121202431014226,-0.04240642469794258,2369821.706589981
39.9422936400171,3.902732256859423,-0.3993803080761609,-0.10131976281818328,-0.2980605452579776,44.820815222347186,58.17355417863606,-39325000.0,2.9890211514513334,0.0,15.885314489378736,-3.3445781028866657,-3.282912286343634,-0.012411057909431355,-46042211.05216675
30.015697208410597,-0.08160795612741367,-0.1552013076027592,-0.14491340514119094,-0.01028790246156825,14.465378626661133,26.266250685264193,-74243100.0,1.3026267080446763,0.0,9.016877082418683,-71.4581415479438,-1.1451171048007645,-0.017360415088168657,34012372.19151789
49.30603873879211,12.124628905228917,0.0660299022153481,-0.20515693671330532,0.2711868389286534,50.519590668769865,37.1931282505719,6559800.0,5.06766901896421,0.0,11.91705378369659,22.635769530382884,1.2862347458895174,0.16343327118236006,7230235.613881914
73.12472383649836,5.121442229763275,0.6590733636901263,0.2687997130827543,0.39027365060737196,74.41356177040903,76.14993180838745,-4874600.0,2.0894368647185386,0.0,27.623627619223207,134.0777861620779,4.43272116756832,0.1690367002592169,4327300.714803448
34.507480513766176,9.253701353200483,-2.914911808803197,-0.11082499991880113,-2.8040868088843958,4.177048445726956,24.32478196654395,-538300.0,8.120129346155073,0.0,24.258074616555184,-65.10714446223318,2.97127108148008,-0.09413936072727466,-1399123.5038047442
50.982469457687,5.812800319321923,0.6723849147563783,-0.22367690066511625,0.8960618154214945,67.17443334529597,57.10534103394516,4134000.0,3.1356914693522877,0.0,20.33884447983188,46.69388565849833,-0.4981086742971569,0.22601319545302875,2448237.5039554466
74.4505457887282,9.756713116292104,2.857117612437605,0.03126263601958312,2.825854976418022,77.22655029090704,83.47170111460686,14017800.0,3.891757061212284,0.0,29.01555301776334,132.922338410929,4.718606304111578,0.3058225575769853,14286722.871455912
58.0264015605367,1.2342115130723812,0.7830269654095403,-0.15216304461052865,0.935190010020069,55.479435948486014,58.43038215824138,131521200.0,1.2477522637907434,0.0,34.22452908916138,71.39379330055412,2.5250912983406995,0.08218332976149267,9039335.411988972
58.83457647617638,2.81780500490909,0.7422565094267668,-0.14490481881425699,0.8871613282410238,82.43898808139265,66.69738387576602,55190700.0,1.875280318614964,0.0,31.807083590835667,63.1502552159196,-0.7145704879026595,0.14197862375125994,51495948.938207075
40.011051623261444,1.39034622916666,0.0632710993552692,-0.16943866447872014,0.23270976383398934,38.85184562214175,40.69351292163468,26144000.0,1.095535679794542,0.0,24.119633807491695,7.781521278873896,-5.111056709434949,0.056271002611867314,17330492.763429098
23.909036584343642,2.527806527718269,-1.7982606932745,-0.14519510806338443,-1.6530655852111156,8.053866536950038,11.624315581507174,-8635600.0,2.819220137400211,0.0,34.896496023315365,-128.92945616442586,-4.525781622589141,0.009977489036284365,-24041.68557316123
80.0995383213356,18.062926375814754,2.905680231886379,0.4655424609935519,2.440137770892827,89.5509977827051,85.53855289598998,19652000.0,5.120281088231625,0.0,20.069208007382368,103.27099647975054,6.573755269127081,0.11468412753568463,4820078.167135932
27.081071152472656,1.5484574698629388,-0.6480499080467581,-0.12469358784241136,-0.5233563202043467,5.633926921208839,20.48686294873779,17252100.0,1.4651037991136646,0.0,17.84025370890871,-113.85059945747723,-0.6932347520914999,0.026271956253182793,2615057.293084029
43.231214914396645,1.681990221850043,0.067382069418926,-0.022215381756894206,0.0895974511758202,30.065323626209235,58.09325434292606,75422100.0,1.137193462478343,0.0,11.780217280984889,9.149218945153969,3.175757642809135,0.0073628797673927346,53495799.58885982
56.10578681420042,1.5492832961428462,0.5719625546448697,-0.1691778448562008,0.7411403995010705,71.73911841617877,52.97173846202711,25804400.0,1.678139189067436,0.0,31.53490429056895,56.07045868039087,-0.6183849975036926,0.09010109113320604,9094164.50811995
47.04143557035075,1.8114880640429476,9.857587793194881,-2.618109390232725,12.475697183427606,2.1111162974470297,26.108547058273597,85655500.0,13.835178737155259,0.0,38.49734653644039,54.41865155442855,-1.0159597790427506,0.0952149316157571,89928378.66258197
54.19827282887435,4.019814298179298,0.40006362630600734,0.06615666211666305,0.3339069641893443,41.21412292354755,65.74198347412856,-32814500.0,1.779204564089576,0.0,10.457718605634037,99.7950231704399,4.4151172099195675,0.07238223359400328,5627671.463952059
41.389367463494715,0.06570635862806284,0.010614793971349457,-0.06510307193070788,0.07571786590205734,28.777100828805093,31.312853682138407,65926500.0,0.6965707552095268,0.0,13.905329201629849,13.287691832852538,-0.4599018200677852,-0.019353587584551843,26864073.711044766
47.57971635986536,0.4979966577470236,-0.19597067351347874,0.051379292272020066,-0.2473499657854988,65.76568836346141,54.05616236207504,-32954000.0,0.5145856840010221,0.0,47.54451000593093,-44.87541834788998,-0.5256278564801606,0.0072880363119382004,-25161536.166432377
19.575768829277383,2.886251463487838,-1.432698068284381,-0.354779419722113,-1.077918648562268,5.681877293876253,9.479353577959854,1701400.0,2.6375137887292346,0.0,13.545948102615103,-121.45767419400029,-9.419310854114292,-0.30183086786138846,-45944788.744001545
31.321996075570517,3.5527702686328695,-0.8057142082541731,-0.03662785532199486,-0.7690863529321782,4.522616918455643,30.61682762556316,-21511400.0,2.2170916891305765,0.0,24.42080387755572,-64.63093169085934,2.386440562826375,0.016810379627770138,-194669.8592759152
21.372564583448487,1.3668484526433815,-1.9032493606377159,-0.893527617290288,-1.009721743347428,2.832631516905808,16.52470516574044,1336300.0,4.320257451086619,0.0,13.508661178798594,-183.66859044384688,-4.763682276672818,-0.019168935857478732,2070918.5731246853
80.48608456423187,25.11150394746022,11.025767850593809,0.04987412744175046,10.975893723152058,83.418391959799,84.75171852812461,56051400.0,11.31776135754304,0.0,54.004692893525615,116.57869091263126,5.814636938328497,0.19976858605493153,22569601.574339364
45.745771545362004,1.779197085735177,-0.4468653749970173,-0.01749042749891938,-0.4293749474980979,63.22580803941692,47.520912078749575,-8692800.0,2.0844782073782446,0.0,11.084484261644647,-87.6757799639242,-2.005870042561681,0.06144045032225232,6577256.55599906
6.059842246540483,0.8469446308504303,-2.449388970654333,-0.8928386169455518,-1.556550353708781,0.620450568299268,2.250054655797452,-17437500.0,1.6471203393895326,0.0,25.890710479892935,-259.4913544688314,-16.573169183751382,-0.285599250616437,-15053952.15143574
72.2500458351352,3.2078534407811006,0.9419869387982658,0.01914118384154473,0.922845754956721,74.7899913928928,75.32946733119907,33126300.0,1.211137806550855,0.0,30.12068406780406,123.95921160265368,3.8429270728718543,0.23964217143578187,31713062.770690605
39.54865068637519,12.507667214808066,-1.9280246881168637,-1.0820450986400068,-0.8459795894768569,46.1818942775974,35.43971500450356,-141300.0,9.829189042664456,0.0,13.373496050556218,-26.506973997504133,-7.344568237602589,0.09509409617431279,1423423.9317333852
82.91934102961505,2.3544538868358984,1.2367579518886345,-0.03958225649868119,1.2763402083873157,85.97123881662002,86.93744265170608,39912000.0,1.3176826449482661,0.0,41.15007491485532,94.17980738582169,3.564062024391814,0.401923349860966,35672996.81397869
36.58265555567405,1.121441661673046,-0.6437825497606582,-0.015380830136129231,-0.628401719624529,31.730672828864517,28.53564004328953,6095800.0,1.9310724122687337,0.0,23.19310675107619,-89.96886212022822,-1.2503357775878265,-0.20942148679724762,-7233941.315808546
45.16582649000742,15.90121242334078,2.5120310914493302,-1.8518453674533726,4.363876458902703,18.909825033647376,18.920038296603185,11379100.0,19.211366440924163,0.0,24.474851972688693,44.02072431001464,1.4123684912147452,0.1791289628293295,12022141.34838818
50.267716439185385,0.40784402455942725,0.06817096833648151,0.003025045378600724,0.06514592295788078,53.70370043321542,52.96300094421978,-2014600.0,0.748367063255212,0.0,21.4436562801988,49.65396255661535,0.07359888359742017,0.006768604151610544,3283567.9864761103
75.08549969793037,38.635517720607936,10.949506485175903,1.9264590324408601,9.023047452735042,87.79103985361502,89.58203318712505,30206600.0,16.740307311940754,0.0,28.159246508207136,224.3316028290053,6.50385587717098,0.2245251527930168,33602496.55820479
33.95837074948108,2.3590822490774315,-0.6876055199740847,-0.0870594247102201,-0.6005460952638646,16.904752389637096,25.79563105952378,4298800.0,2.3103614972219315,0.0,11.61530231800239,-82.02746445814095,1.342554616478204,0.07169600676908475,4165452.418556675
68.94192997258263,0.9545619623604651,0.44879263346922826,-0.03326875270663893,0.4820613861758672,78.00000508626302,74.14881076860853,109536600.0,0.6549452900875965,0.0,31.16707292166392,84.687486382818,2.6195128129606773,0.2523332534769915,113275804.72321706
50.505696379911015,9.48737640070641,2.651482495859284,-1.1421403187039072,3.793622814563191,69.61230913169726,53.18857553382059,2633400.0,8.660028276299505,0.0,17.90957215301492,45.323540160718686,-2.8999104619369667,0.14811532177768572,4357026.832051552
54.09355108811811,3.5012445003776236,-0.728764540219494,0.18798526425790762,-0.9167498044774016,75.20219956938124,46.512129327043716,24152200.0,2.0412964757611465,0.0,19.13920734005758,-36.87134299616188,3.223141756924716,-0.12749043621501255,-21540268.829862937
45.79330338986308,8.550896456491586,-1.6949080711255817,-0.09012563615831892,-1.6047824349672628,46.96603867964004,32.46536067745751,10228400.0,6.357981276365,0.0,15.779600414857324,-62.89521655225391,-3.8655236661015926,0.003922492911389613,-8715180.951618616
74.7749417887243,12.967073805883132,2.337119120937416,0.6056501461642385,1.7314689747731775,90.1751099376168,71.36219634525594,9171900.0,4.4776702880758,0.0,14.795700020120385,163.81672758451072,4.273168052115092,-0.001871993259383388,4335123.586055003
27.83183229381563,1.2345889358461193,-1.4739855858004773,-0.4741560000816216,-0.9998295857188557,1.9048068853519151,15.781045226116959,-2811100.0,3.8523718730225944,0.0,18.193746210449355,-162.06247484250324,-5.084034089903499,0.1743675668453236,2452139.3089443543
43.315035667842594,0.8534575080734044,-0.0889218007787349,-0.12243066877209396,0.033508867993359066,53.75941305286224,45.72824203285529,-5926200.0,1.9587567455552917,0.0,7.965692488926325,-16.06646279183263,-2.6662134004538114,0.07751177571698614,6116390.077193117
29.319017111027833,7.76002420507362,-4.270480272406971,-2.143829949298414,-2.126650323108557,25.80848230615169,25.33526214310479,2703900.0,6.832822070970034,0.0,35.82651597928521,-129.86211737839085,-19.36306436409168,0.13408140202383284,29577893.572762784
42.086077356161496,7.722522754609884,4.495246736137233,-2.5355964858488615,7.030843221986094,12.725157730105083,11.49266705973308,-1366100.0,12.257908316162707,0.0,32.94238964505214,35.20422361265904,1.8894002390381377,-0.03986891169521204,-769596.2610702193
75.95300436507725,3.431269642829122,3.2915743549400673,-0.4969037171023314,3.7884780720423987,67.75955315926778,61.20219946142587,42198500.0,3.746690054963942,0.0,31.63212291886816,76.42845434205992,5.489103618639209,0.15505778014255045,21070650.87173297
45.7793955889686,1.1868704465054591,0.3370198517589458,-0.2576206328524553,0.5946404846114011,52.9229971078726,43.632147300838255,57769900.0,1.9675020193221355,0.0,41.73415483819018,23.92097660582592,-8.284587781263726,0.0649859962844294,50999979.83952139
25.06099394818336,1.067133447373184,-0.3433993787973435,-0.13845415428510072,-0.20494522451224279,15.337413262500146,24.769401842321457,-54400500.0,1.0716464758522615,0.0,10.387902655227004,-48.72652333080216,-10.002916925040367,-0.06872218880773392,-23103475.171195533
69.29059481375856,0.9455197610294022,1.284865894518589,-0.2164253898488624,1.5012912843674513,84.95155699090397,51.338756551169645,30265600.0,2.451236411200132,0.0,48.38609008048789,71.46924580118255,3.4122015524380047,0.20897986201758642,25028306.899945688
39.55670324031888,4.4234220528574895,-0.36254768798951886,-0.28217064654750346,-0.08037704144201542,58.11964883070362,57.68820794773944,-8716100.0,4.582563929920731,0.0,9.037978436964632,5.191842613344591,-6.117825138622448,0.01462841909084963,-1624783.7528958293
59.11971140302979,6.662243836868896,1.4109174954295156,-0.17546121079327492,1.5863787062227905,56.63263717328572,56.482465632459046,10089500.0,3.481266018115928,0.0,43.00680107403447,98.90845247086098,2.2798544690719167,-0.005926757120448795,5029962.7298876485
46.80111467858524,8.448203924135356,1.9462867693562345,-0.2700864815266977,2.216373250882932,4.731051184280473,49.03042900011943,-5480800.0,2.8333545622304586,0.0,25.379444314999546,72.91709352833765,12.573400530570154,0.11727624511330727,17440575.149950802
56.56088960439358,5.608578435382526,1.337355928857562,-0.11814020405367875,1.4554961329112408,54.57298635082202,65.78063538563295,70004000.0,2.692399381384736,0.0,30.664128105389036,107.74162334906343,4.235208601321271,0.05798992057947134,6746362.718935457
47.690262758939085,2.0141356242239823,0.3764692660695488,-0.08540961593471985,0.46187888200426863,29.55328712873883,37.41014545682523,44885000.0,1.3382981513411096,0.0,18.314134177323602,59.876999780629426,3.846867946470037,0.15329156066428562,24038539.59910249
45.25152147283706,-0.12819051076064625,-0.16069278419945476,-0.5772249354612873,0.4165321512618326,48.27827510038365,33.74939769930362,2509700.0,9.586105693852156,0.0,13.99534196691404,15.804689947629546,-0.26631060305040966,-0.09699579295690891,4550190.580340749
67.63827879766605,8.617966917588916,3.5090602560339335,-0.07841245867933688,3.5874727147132703,69.39072569903017,67.62847730704782,44934800.0,7.666027443134232,0.0,16.812679765641192,99.99960904280773,4.443879246974914,0.17842043356831147,23447241.69396512
44.38727833894785,3.4242670517219835,0.5574413232310462,-0.5913138163404232,1.1487551395714695,47.57111821086262,37.25500086334579,1123400.0,4.172837551788478,0.0,16.039320876827762,22.394185312361877,-3.2598756242998133,0.08488388112496228,4181395.553822869
31.74449152011987,0.9610706922065404,-0.3775093118261168,-0.07881274290846507,-0.29869656891765173,24.43183234407698,28.065386378850537,-99267500.0,1.0289427071785018,0.0,11.63800528112704,-95.36792541769604,-7.8973034417445405,-0.1718456684659623,-40762107.0610383
31.563225501744586,2.1011848454316464,-1.4618495932280524,-0.27992093680748953,-1.1819286564205629,5.882344691402349,25.84437429044519,-2799100.0,3.4126377155702112,0.0,13.908889053413306,-142.6465254700148,-7.098766363861739,-0.14414364713764133,1276466.3401807277
40.615748112848976,3.461905966842153,-0.013339322894836414,-0.14816743722195075,0.13482811432711433,32.715969921979244,48.78929923697976,7582200.0,2.738996781699174,0.0,9.377359251424187,-31.760046149924214,1.6109601389969586,0.28173649022726954,14047213.197107753
33.32165106868441,3.0805134338110207,-0.5484508400989512,-0.03438615664388989,-0.5140646834550613,13.043361079725093,40.42226394891835,-10535200.0,2.1792919679251326,0.0,16.277118361817696,-67.39156308072721,2.1411095498378776,-0.05445118201816795,3615104.3518055715
47.221341839479116,1.6710422704785088,0.2972350314391434,-0.11110544658291854,0.40834047802206197,52.04073159085719,63.575565439169395,-9825100.0,1.96303754614196,0.0,13.802982072715864,37.28162464536375,-3.568905609231081,-0.05408179766006619,3514555.3544771546
46.94434561599179,1.3076224607384432,0.5011335187264621,-0.16880464285626395,0.669938161582726,43.465042773295735,54.68951252426598,-10749800.0,2.363784896692671,0.0,13.808987681506723,51.21887381319772,-1.723507925069511,0.01945241079104453,1983752.868081251
58.1197472186301,5.129570770375949,4.047223370658912,-0.9229120941593072,4.970135464818219,74.66361907482968,70.36892691087921,7217900.0,8.869524085714618,0.0,28.339482015769452,61.10837104208195,-1.5358991904053287,0.1255432313376754,19531992.890391473
67.43250609729213,3.0655809190969165,0.7785432793392317,-0.06070960075062004,0.8392528800898518,64.220244490563,64.16698930458818,20103000.0,1.7300523196611188,0.0,29.191146583603135,105.16814535139287,4.669659451261547,0.11201970677288586,6184128.05593589
61.4180308086116,12.45131038285271,2.950099227639498,-0.06298183385228473,3.013081061491783,65.51285775180786,79.99263927880203,4138600.0,4.687657278662102,0.0,26.416255970320275,123.10612442251407,4.473161033797217,0.14067331487391835,6287631.258135254
29.34178969047728,0.8221531159895932,-0.1937836474748167,-0.22116187751795582,0.027378230043139135,6.68696533380331,34.72372824148648,7515700.0,1.524228584218126,0.0,14.839889359168046,-34.35244446429399,-1.9045918280738088,-0.13948437162679253,-22131.544702010695
58.35436535643979,3.2863734229862445,0.19965241234824305,-0.05880432755344944,0.2584567399016925,54.06604536049284,40.48405573336915,39534900.0,1.7139050490660812,0.0,23.66495471520798,94.93617554721418,1.536428691535596,0.04534026764049082,26732563.072282337
34.77999326808537,-1.80302055335315,-0.8191844880325903,-0.27642319478363053,-0.5427612932489597,15.723646523306167,11.652038086945788,15437400.0,3.149760865273365,0.0,15.20886979984147,-76.08688309235532,-1.3348896830536434,-0.09824647686988439,-635791.9290746847
35.81537144613841,18.669250811033294,-8.020222957000897,-1.0353688087356865,-6.98485414826521,21.616571275327942,15.310780546321391,484000.0,14.786047806551117,0.0,27.557325046864246,-101.06355597394594,0.6792803281850975,-0.09190312638263007,-2312291.6715086116
60.93481197051589,3.883416506030329,1.7988630754146442,-0.1998118997431031,1.9986749751577473,73.7237080712398,79.12572946291942,37889300.0,3.1527195824137486,0.0,32.91530414478405,69.67944001888296,-1.0057828873412407,0.14506325440265722,16098042.509205546
26.465481413512634,3.901115626274205,-2.4232141425221627,-0.5636203785807039,-1.8595937639414588,12.580339840854604,16.24909010113233,-52233900.0,3.2792236541225974,0.0,22.662566875447546,-137.6442716002712,-14.617580161100104,-0.147617249626439,-31197515.07803438
41.80464359966104,2.0028606733094705,-0.1317555110845774,-0.04749096985535953,-0.08426454122921787,31.675371233984762,46.952194535872316,6099500.0,1.8637846601023522,0.0,20.092330948675848,-53.70503591212183,1.1373447594104513,0.004441102429343918,12476038.103884464
34.33874525442416,1.4507044684412023,-0.6110468841743995,-0.22994959446694485,-0.3810972897074546,39.735008993593325,36.940994543983244,-19977000.0,3.0138423403903394,0.0,10.811739835876912,-22.983949204899126,-5.315048861153459,0.05974201678691644,-879417.9556259811
29.12398716114495,0.3708098802738675,0.5542685537741079,-1.4814315483770053,2.035700102151113,13.092144030951255,21.644730479872283,985800.0,6.234012878011509,0.0,28.762208610156456,6.061170912414345,-6.714814447730604,0.017272882667999624,949310.522017134
47.229663510659776,0.15108454470827581,0.526938787551785,-0.14552531701312077,0.6724641045649058,23.115556697197057,38.838346523242166,83997900.0,1.6850222278186582,0.0,30.910567810104,56.6952193773677,-1.2455529420580753,0.08208755642273319,24153690.758497853
42.132131116633616,10.879778297143645,-1.4619288070192056,-1.1691761836015018,-0.29275262341770375,37.1313959685794,24.972167314937547,967100.0,8.543848915262258,0.0,30.08336374238011,-64.82281611056833,-4.062482548801927,0.1688201948774823,3710002.916818575
70.36642509619152,34.90236326420825,5.692874896966373,0.5890287371031189,5.103846159863254,89.35058403322842,68.79609374787718,4509500.0,18.213323352288914,0.0,15.998419298898298,149.21906521219032,1.9073336225918889,0.03493602435300899,2031992.0968983795
46.38262149779645,3.0559175738601283,-0.4192176299958419,-0.07710591235077818,-0.3421117176450637,51.24385568692946,34.43289081267221,15670400.0,1.496924017697793,0.0,14.372421382900663,-94.7202974755041,-0.8334447940534793,0.14871699640172847,11155322.977153242
31.219373748310502,16.018167589776567,-4.69952956467273,-0.6909677411130373,-4.008561823559693,18.8754330984664,23.740030625036635,278400.0,10.052384936865138,0.0,37.01815636084001,-100.15554512625008,-3.0385701150221753,0.14257903446462006,135699.3886543667
49.672077275575305,14.551041781808408,-2.1546837115179756,-0.22283069131066657,-1.931853020207309,52.06668325105375,27.12911809076522,-285700.0,6.79959019263173,0.0,20.114074385930454,-76.42845162726476,-0.9366005981358628,0.09246501005825228,-184187.9099869781
62.28100770637999,6.0506343547099135,1.1292721311794622,0.00629796096338664,1.1229741702160756,74.14826717875877,64.58811375994152,29485500.0,2.494178396781838,0.0,21.929144063622882,96.1196413286952,1.206464944460271,0.06432358654077366,12750523.318031067
35.52395429482084,13.681396821957946,-2.532280830590537,-0.3284255984518536,-2.2038552321386833,25.820183513453884,40.14281968576943,-4475100.0,7.78195139377896,0.0,30.79084451147643,-113.03737573530667,-3.05069991182831,-0.11932738392116543,-715185.9835333463
48.73897774137757,2.3771144647716085,-0.11638793373245448,0.06194887676183192,-0.1783368104942864,59.338848184961776,55.338804864946944,5151400.0,1.226748571056929,0.0,20.866493706993797,-33.735493541132016,2.6928873934089705,-0.006808722732975781,1004420.5308650684
50.30946384964757,3.2055785267050325,0.775383885143043,-0.15216049626029127,0.9275443814033343,36.62413804833247,42.91866364813411,12436600.0,1.6205047493060967,0.0,23.73562820429718,74.39084272691683,1.9829253551385546,0.20543947291691764,14131052.375770543
35.424143024254114,1.2202803474188215,-0.3014978397042256,0.00585416284465734,-0.30735200254888295,19.594404765280057,39.251250575150884,-47571400.0,0.9118218617340276,0.0,26.649931882506845,-68.74407965338519,0.7214278561490752,-0.027809762137005624,9866849.112010643
57.591477645426885,3.4358462777552603,1.6570067555010581,-0.12717817234681505,1.7841849278478732,43.84227844247801,74.50254796314601,18434600.0,2.8300592476180224,0.0,18.52639464334825,91.8945524116799,2.536243773821928,0.10633199406946017,9425529.68494035
65.73221424237579,8.266759624150438,0.4275728092270299,0.4121032215840409,0.015469587642989002,95.96050574186333,73.26048089140373,-2662300.0,6.326591001972145,0.0,8.82090471828434,56.63215210564948,-0.9919069045369335,0.1352275404616354,12074384.69629736
38.42788899489804,2.5698130186928125,0.0390112585126019,-0.41940709156503897,0.45841835007764087,27.695488982549183,31.570848780785937,-5163500.0,2.997532460721037,0.0,14.025617530490429,1.96403769961741,-2.757783689623176,0.0879033277327201,3353802.162839311
55.31399940205126,8.094067419306384,0.08910702556767092,-0.07658223098010711,0.16568925654777802,65.43781961244821,47.159830766595825,429300.0,3.3387294903083977,0.0,12.550407793096724,-1.2765561903444882,0.999864765327366,0.17219484307835395,4221535.522630121
22.79366235268485,2.1362094752173846,-1.044083444052049,-0.2408514891103768,-0.8032319549416722,10.062882519331396,21.29354519339027,-58698300.0,2.284444547893296,0.0,16.03130370553719,-98.54106428527953,-5.855605507151099,-0.14955100465678536,-35512068.680022165
50.08933193112295,-0.17987073544804844,2.618086166430487,-0.6991429306186712,3.3172290970491582,42.776107128525496,48.48493856029118,3099700.0,6.361850098335435,0.0,20.284686314407008,63.218647383126104,0.021183333780489158,0.21179970407549437,2990627.075379592
41.608063580516365,8.713388324124992,3.273951999473809,-1.5884876567946087,4.862439656268418,12.403574644569263,24.426277743200018,366100.0,9.215261394926156,0.0,22.29240366875871,51.23687354760553,1.9582208717442362,0.13242262064662982,171973.10012075445
28.5269441820638,311.73777151735294,-133.31971913686357,-28.981776549624456,-104.33794258723911,28.242160327892933,12.478025020293787,315800.0,112.98622358823454,0.0,39.29654128245806,-163.9320642740475,-24.161181294839206,-0.24176707013949458,-1193564.1575700403
65.5350046160646,1.0584315067427212,0.2966477854184788,0.029511002178044088,0.2671367832404347,71.5054513236585,66.27437416396003,18561300.0,0.8850370215054072,0.0,8.187177671973307,119.97465697969737,3.713894179526701,0.1308547071492053,34971282.64701338
49.01197665252508,3.9549565274215013,-0.32058320626828163,-0.05965313234899472,-0.2609300739192869,61.48635645061516,41.08593393448162,2124000.0,2.135250712177028,0.0,11.128844665819072,-22.796993691998843,-2.1360099535607566,0.07030096009075187,1720844.9688255128
37.16148480494866,9.04112622283381,-1.163513067204434,-0.6433132997398507,-0.5201997674645833,39.6038321833474,36.58389595005913,-16572100.0,5.995047404882718,0.0,14.098992363119477,-33.651465384334756,-6.0566733158857895,-0.11376027398587779,-4362210.439135768
61.255938369919434,0.8488931838347327,0.407411937406323,-0.003980544478502046,0.411392481884825,79.08320417277857,57.2061983961332,9629800.0,1.836320055979658,0.0,11.970201352821203,115.10054576630189,2.9479929280777335,0.07852156486855733,729304.4251784007
43.743662484391635,1.6255911569448855,-0.024047571616627295,-0.11796659148418948,0.09391901986756218,50.0,40.29540587957228,9503300.0,0.8951169740706139,0.0,25.999948854256136,3.620922453051657,-4.083186908168058,0.031490249205696284,12557006.964168591
39.60037000698043,13.304845342045326,0.4731391598166397,-1.9897782786161646,2.4629174384328043,31.561710080772944,24.657493998662392,31434700.0,10.16348506457772,0.0,24.033128354737215,10.539198511268902,-18.345515676175378,0.2206684585512465,35413811.76650321
22.718062085999772,0.677334352630325,-0.14400013895795638,-0.11179260964233584,-0.03220752931562054,10.46512659463104,29.414310691773156,-796400.0,0.7321599663651082,0.0,18.750257286732047,-143.67747849459286,-0.09701895700087627,0.018804291776908563,15428174.550335798
31.086257488111514,11.681240144889728,-5.976169116387922,0.3285090489291509,-6.304678165317073,38.947410689189006,20.025147034317406,-20755800.0,6.551673249157708,0.0,44.620786617438185,-102.51353257003106,-15.842929061170647,-0.16494782501871363,-34136471.81705474
19.446019320848816,0.09461744275946771,-0.023159745305767032,-0.059215671373321455,0.03605592606755442,3.703788736399102,10.76802503462473,3379000.0,0.260435200426508,0.0,29.124416293174804,-44.20246453088769,-4.056606506613731,-0.002648266646542944,305438812.2218473
57.22850427668768,-0.15875056559508494,0.4446381894225908,0.01314433755670541,0.4314938518658854,65.40185489831438,60.94064771956882,23735200.0,3.1396987193984383,0.0,13.431327025039174,40.30437241181711,-0.5140417894717119,0.2795916517866487,43075794.760341674
57.63771086740403,1.9344018701827679,0.10909927279431031,-0.07647951769263564,0.18557879048694595,71.11113465858517,47.39666421841189,10218900.0,1.7028842427896114,0.0,13.617070199351806,45.093493600961466,-2.90563387007737,0.08159608502155438,12764565.539886955
70.85373779953616,0.3322441272843122,0.9357167405109692,-0.10349309169014176,1.039209832201111,81.46475977946515,56.301212756920506,15567900.0,1.2952818805051904,0.0,29.229406376552582,80.62004593323834,1.647356661407992,0.19888776766398797,11507602.55797727
66.12605998115748,0.12132030693420148,0.7045892724794172,-0.11209844765951904,0.8166877201389362,78.85336913791156,50.74748746758655,4762100.0,1.2209674591322466,0.0,25.591772443566988,73.56940732885758,0.822236009964216,0.22349765862371238,6281258.292193416
47.44660211959218,0.45906955501138924,0.2744188271742196,-0.09260359872080126,0.3670224258950209,43.589760309870776,57.966063523049804,21073700.0,0.5563237550051251,0.0,38.62639771433323,52.53429970892432,0.3243730077465047,0.13642057244903547,8177414.114576631
54.554374408223744,1.5506204027534523,0.3764233738373264,0.0089959149739543,0.3674274588633721,59.85662739393011,81.29744648656151,26077100.0,1.3303595512093196,1.0,17.459994974119752,84.36033162103877,-1.4694750775696968,0.18379567249829176,61703409.75693038
51.02497311593954,3.9428187105395693,1.6672995744070818,-0.2789796985150177,1.9462792729220995,55.025054345117375,64.38933355009004,3387100.0,5.290030032376624,0.0,11.791833363593613,66.42989696708867,0.7433597167364645,0.135109884746823,6270842.971458726
34.31183489441384,-0.1483701152197341,0.8868964995747319,-1.5844772718044817,2.4713737713792137,3.201377793614486,24.114155654333373,-710300.0,9.308739710365586,0.0,8.270838610123196,-1.5259723241081555,-3.013153368271323,-0.028965573964601435,2007830.144989225
85.7289916747067,21.667640762278864,6.974676503340078,0.18670023259302848,6.787976270747049,87.04835397665634,78.3325385923668,94479200.0,5.620660383200182,0.0,45.840068759333775,130.73151622046532,9.969309574576728,0.3750071898871352,35588274.42125318
54.26276051017842,3.134412383606744,0.002162341951873259,-0.07770996770142292,0.07987230965329618,89.59300533380662,55.47579657584695,2182300.0,2.328381247711069,0.0,12.943826731891425,1.8348842822407192,-3.6299610438970737,-0.3151629717001039,-37696297.25153201
95.35882010280457,55.611357128249324,19.8741163648279,1.0288522894812147,18.845264075346684,94.15651714543456,89.81721336099152,66135800.0,16.337797877691433,0.0,57.64677278549816,138.74739215885594,11.926251308421923,0.22426746073760506,31051570.3074279
52.044246144167104,0.6400427011848642,0.14382939710364795,-0.0702115258628247,0.21404092296647265,77.27273515433046,58.74363316284496,28913500.0,0.677861450296744,0.0,27.265590695832778,31.760210582024765,-3.1536902627515664,0.11621183645999564,22014412.48914995
47.721720256209174,2.604576933560338,0.8057634227576784,-0.42348592410657737,1.2292493468642558,56.23148541189122,50.61931000481824,-14000.0,4.0680935741830595,0.0,25.048800346351364,37.32824103961943,-3.5019787835812743,0.08112970772738518,3567420.0172733255
38.73346516970565,4.460977856077079,0.39618669537077267,-0.5951819224365248,0.9913686178072975,4.91455078125,27.47104336764579,3808700.0,5.36434961018135,0.0,8.762756200571369,20.203616551904236,0.2270989889808311,0.12403150847709253,6586486.751317142
37.473805050053315,1.390671398826754,-0.3951933297627548,0.007740037741885308,-0.4029333675046401,40.83328829874147,44.354386655022914,-54209600.0,1.1006640870645978,0.0,30.3432619010809,-80.50614921400079,-0.7439120745277051,-0.07114186561694069,-12707763.614530474
30.813623621031187,0.48777941833630223,0.1277688461168367,-0.25116287368207557,0.37893171979891227,4.365102792448718,18.716896451267463,1235100.0,1.221910667231761,0.0,21.84389635333282,10.262451716608345,-4.6175149794531,-0.03535779389710932,44371904.63457541
50.571407148090216,2.406107220161104,1.4067539149426835,-0.36803748966513616,1.7747914046078197,35.86394911073608,42.533310211164334,2026400.0,2.8144290427623866,0.0,23.500332591929364,67.72435402392827,3.9108957198969705,0.11801955357589027,5901566.443078622
64.81990193743664,12.76958867006833,1.6945256907961976,0.14923067858646832,1.5452950122097293,72.04029549001069,77.00467064456882,-36017500.0,3.1908346642706076,0.0,27.140044810905138,102.73280886644042,6.911172350526712,0.1583761022260003,32204177.123308912
29.217552347003107,4.2008825680953805,-1.4570965147632933,-0.31040495251673694,-1.1466915622465563,20.16129404399516,15.522794777265313,-14767300.0,2.5203269521020464,0.0,18.523819675190172,-95.24967928633185,-9.388598443570368,-0.03928071826505407,-11805976.683705471
43.95987086115503,2.5913512523089395,-0.19390447749857742,-0.004139654054843789,-0.18976482344373363,35.49785980394747,48.491749467814,-3117600.0,2.998863245635518,0.0,21.122961321823617,13.6036712507,-0.033302762388538666,0.02837563961754989,1427190.1668675437
18.24399282813299,2.7757990432039037,-1.30467344242075,-0.8424336492783024,-0.4622397931424476,1.6118747084888059,5.363585195359163,564500.0,4.3158981317692735,0.0,13.273942299154541,-100.50567588520069,-4.437573780177899,0.13099030970371825,10133379.885520848
58.52751450962557,13.304585858948485,8.352036619899536,-1.185680625639682,9.537717245539218,71.79628822509858,69.92418541568996,15368400.0,16.345031233186116,0.0,24.85440780113341,71.67821202697505,0.7667983142930992,0.04796493852214965,6255405.184924731
28.76501212082367,0.7619663267098105,-0.22954911659039468,-0.0450993549344032,-0.18444976165599147,44.4445818049524,37.515226768034985,-64551600.0,0.7414478449520092,0.0,16.641978645097765,-43.52847405320876,-6.804312022195059,-0.13505619712028785,-23131072.15872333
47.898347594494915,3.627568619893978,0.8596050254504348,-0.25999937150697927,1.119604396957414,36.5333322482661,46.351052324959284,8290900.0,2.4107208674375187,0.0,15.712595212810514,64.52209228475701,1.008364662276291,0.10800118210166569,4866934.136635195
53.1453181926242,2.162053670034652,1.0839699225000317,-0.23597893558186955,1.3199488580819012,50.99333565751646,53.197228504817026,24871200.0,1.8093705352957692,0.0,36.74391112427772,72.55234903739942,1.7252343791623415,0.12916818619995404,9450873.151867583
55.84336727822901,9.97225500667605,4.471517466552825,-1.3958698738284774,5.867387340381303,36.8421910244443,30.951894927855648,10257300.0,8.828595769485336,0.0,32.73681258319815,61.86849913236678,2.8090182467921103,0.16487873829071192,8130503.237138483
59.90818254448463,0.9721646282277554,-0.06621534943533192,0.046056809425499834,-0.11227215886083175,92.77114801716154,57.76740021210107,-16665500.0,0.42401046446656,0.0,29.227361153861462,-1.7030561239573754,1.511531774351647,-0.016705317756749122,-6356292.496215147
70.17316547454172,1.9473955499612288,1.1918564758300931,-0.018185054723507843,1.210041530553601,70.35289091222427,60.92182600214176,5654800.0,1.8614965501971505,0.0,26.38665383087956,100.78722206801291,4.054438011386552,0.08841305341088247,8946333.709754722
43.656478051535274,10.556862448842566,-1.8871501847729633,0.3602191204364358,-2.247369305209399,60.10257036258013,68.21667748889818,-3273000.0,4.163507552074034,0.0,25.500829414844617,-67.6636122318149,-3.725772106707042,0.1477798917689092,7636842.0601044735
41.77709056086879,4.771948955126959,-0.39051668856345145,-0.05942936432071311,-0.33108732424273835,53.53738698129557,63.11766428787259,-7014500.0,3.0980639590288677,0.0,14.307347448103954,-5.338463357813413,-3.411930529216871,0.04105839786989934,-6965957.001729827
55.13156752779326,0.31376712459472245,0.20114672870569095,-0.030585756154793586,0.23173248486048453,63.46158431130894,62.820543387026476,201993200.0,0.5479769574737069,0.0,30.117795150767698,66.84571110377041,-1.283479582907985,-0.017272835119298547,66142106.36045575
54.64147956598624,4.58815675166079,2.062116356871968,-0.5448093287350968,2.606925685607065,71.98877316958497,54.938706251724945,2128900.0,6.042184081122226,0.0,35.429425213995266,53.57489746818247,-1.9832870031010272,0.10090611865340893,9107584.265732659
83.95723529848989,12.065087983552303,1.3717593011362084,0.8461681311616858,0.5255911699745226,68.96787023876665,49.43183044262105,36797700.0,2.531096337541195,0.0,22.716236832178357,254.97357308423634,11.537115328812284,0.14991197228710265,20749337.69645545
44.82348172121863,7.2256266493968155,-0.18021122796659483,-0.7929988095477594,0.6127875815811645,40.221225890570096,26.006137361701207,-25680500.0,7.76936747762703,0.0,20.400973105869515,1.9109110748933846,-1.482871641973922,-0.006366729176382613,13254990.94770389
60.39839936637017,7.845175606665379,2.9276692895744247,-0.2930144188394004,3.220683708413825,53.606754449765724,59.648152654588785,7078800.0,4.3112430448165036,0.0,28.898297527876753,105.30165616985981,3.454142884110739,0.12603906960370456,11600159.27069729
58.669382031214326,1.376701709786218,0.0799015478246865,0.027704375500177257,0.052197172324509246,71.91783774744893,61.344079783045174,-13506300.0,0.6082629271039385,0.0,14.01108703957658,95.8333947040225,2.630681399799686,0.11715278519761865,8324322.51471414
62.42901676564175,0.8954206915655103,0.10017939207476623,0.013081115007939612,0.08709827706682662,88.88889870035375,69.76842119294342,1786200.0,0.44546629866019716,0.0,31.367101220778334,67.58378831768519,-2.1573613429573757,0.008648520064983805,44478863.03569347
85.37592987647507,12.096699114888395,4.250050013399516,0.027131422878630573,4.2229185905208855,89.57431859157917,88.87470302272686,51073100.0,4.398808771128624,0.0,40.05519577925003,144.04166398605483,7.5931800636358,0.2888929592732007,24388449.231054887
28.021852654975227,-2.440034237368465,0.1405549110571549,-0.23154866114628092,0.3721035722034358,0.0,20.83334575096717,14062300.0,0.8099262244663834,0.0,30.16306041093151,4.0976898177198615,-5.489923161951856,-0.13857531469009873,10681722.689096905
66.12758542359701,16.030288820407634,7.294578144490345,-0.3206064673512339,7.6151846118415785,75.31622637562675,83.13446755407502,5349215.0,10.699085907803616,0.0,25.762312714849863,90.49581606565394,2.213830620576437,0.08741650901734672,2968375.936604752
36.094007617788506,15.51681540389282,-5.964149227071317,-0.5187074031853509,-5.445441823885966,20.594458704081323,14.912086225951617,4302000.0,10.555986347577035,0.0,19.267589627591395,-83.85444155954428,-0.4805828592113548,-0.07862808891439656,-1016405.3315140813
47.14433066507293,0.5995622481084357,0.05497220615848164,-0.045486332151930015,0.10045853831041165,61.72843576116212,50.53643184171525,99798300.0,0.39494563746607264,0.0,31.06086022429033,23.893838887624824,-3.293969719981308,0.09193975055132755,90764465.79778224
44.920884824214454,1.9706098004513422,-0.3349529246557381,-0.07770979732253974,-0.2572431273331984,57.17647776884191,56.18080056432124,2369400.0,5.55654112664946,0.0,19.129442896126736,-46.6246403560395,-0.05758633167225935,0.05589007523451453,2773972.1985005517
48.730686486160465,3.683947894213162,2.1490683719874255,-0.8294569015093756,2.978525273496801,45.13181209715484,40.445531412719255,18579900.0,5.908734075561769,0.0,15.451928333583755,56.57830523970115,0.6380733670487334,0.27093448316306223,34424323.85916144
37.807452591654915,5.129000689070409,-0.450563908609098,-0.6669099490218116,0.2163460404127136,34.58321235792896,30.67856525366389,2836600.0,4.532771072367574,0.0,20.869537992826203,-23.543673509791795,-4.695102278275682,-0.006081061209160317,636066.1301311065
61.36462207744546,17.655385507194808,7.254052789445041,-1.2568534905540218,8.510906279999062,82.26555061885117,58.24934200238795,2772100.0,13.299310327683877,0.0,51.9129669686583,67.05641093452772,1.0213525341583722,0.20517245906584,5804327.338437815
42.77075445885547,5.308052738647945,-0.02957755095428638,-0.5003506211966285,0.47077307024234216,39.6482838506662,33.1257027456767,-2808200.0,5.153027727229691,0.0,8.471230258927015,4.80639843079234,-2.1313308066157024,0.02205357328094018,318093.7410657188
66.0453656845596,4.507646832676535,1.0293291267782934,-0.03863472154627434,1.0679638483245677,62.00869216122976,58.632373950870026,12976700.0,1.7319195985252536,0.0,22.895815496743165,108.47431657451143,6.775199537644399,0.16236717433470688,14462476.206168924
50.98626410098661,2.000593941582437,0.5134520503104909,-0.2105259079584364,0.7239779582689273,67.8061482883866,55.321181384486074,14420200.0,2.0349393893789403,0.0,21.007316026705826,41.28108949511873,-3.124658231615988,0.07767816985335665,8121906.215459399
62.7122675964428,4.4590215783688905,8.854795487921706,-1.8676658678415041,10.72246135576321,56.92990953868824,59.165442475125786,8368100.0,9.598297265196699,0.0,39.68444468399458,60.90989525821182,2.8906686334974245,0.23659250040809568,8677883.385678884
37.12155616456341,0.3881766125617432,-0.2017738165342351,-0.07386861159096234,-0.12790520494327276,25.4438257155949,22.682419046716166,-424778200.0,0.7689966950569103,0.0,9.177378117061116,-49.05991507353481,-9.707440951029753,-0.039968578541234374,198072735.25504833
64.80904014224684,6.443162519048968,1.3786869370386228,0.05834025132597631,1.3203466857126465,80.82639542186116,81.7390572211922,-1488700.0,3.283209992356846,0.0,15.84601792114945,111.69953959591398,2.8697100317976787,0.049891807531568404,2096675.5157443206
40.85476770780511,1.9895226200890477,-0.13356435415350632,-0.1323467850294113,-0.0012175691240950068,19.99993064189195,34.84840340525191,4143800.0,2.005249319165267,0.0,9.832907139514957,-49.80987354187922,-1.7777785756229576,-0.12319855568185331,-789305.2808046828
43.31501361881555,0.7967171575589234,0.2608740545308237,-0.18708071972365892,0.4479547742544826,18.401115111259248,24.647463606202276,-14889200.0,1.5264136453954322,0.0,21.487450708844907,38.84203746834942,0.3722986682619879,0.1168294915812409,19477347.1031328
38.49950447510733,0.6605046610846621,-0.2370759856385014,-0.031724111040812575,-0.20535187459768883,50.72465370592024,37.24157158035883,-24662900.0,0.6122417618530508,0.0,12.121428601934513,-102.25940899118324,-5.072178227186736,-0.059194404339098956,-3520883.1660500835
91.97195777037578,143.1963982866339,27.67364632029296,6.661647754722331,21.01199856557063,95.67003460106005,92.32718934615768,17133100.0,18.37922654309692,0.0,40.464850738937685,247.61000771005308,14.867543579316107,0.06963742392291235,3976354.5989761446
56.677912344595306,18.962188351761256,2.269005812150226,-1.0738041935546243,3.3428100057048504,78.5544080967988,60.22111478795904,16440700.0,13.414451150068704,0.0,23.222931443067793,42.899290490903084,-2.046287580939629,0.23576719179318145,11754417.635462115
37.54072380521253,0.6047383410186011,-0.030451736210780567,-0.07154440627271628,0.04109267006193572,39.39388684988778,38.4557497160496,4292400.0,0.4405645204950545,0.0,18.39536638673336,-12.670464257886213,-6.152848672820707,-0.023274589075981223,-13727658.36101285
34.462399962648064,0.8590838238247755,-0.29044707437599726,-0.03770810945788877,-0.2527389649181085,29.746878229209923,27.631244715270473,-5824600.0,0.6459750024499525,0.0,13.442966857538996,-106.2490560117298,-1.571297914289078,0.05528856526354613,7496706.754523469
39.921754538139844,5.704202409463761,-2.6256180852023476,0.16946995404219933,-2.795088039244547,40.97226322011859,38.33547401801167,-1957500.0,5.62876517862763,0.0,32.19487368289879,-82.54454485655596,-7.897527525163636,0.10365596799972544,8505024.443033496
49.221305670416434,3.5369192969481418,0.37186218869815946,-0.29725000252109446,0.6691121912192539,47.41538988785743,37.86656083883429,19185100.0,2.441886356169466,0.0,32.74568776708197,18.709448098913114,-0.0924176837430196,0.309888167462814,12650058.11674437
38.05505950069361,5.4306749201896025,-0.33235578088110174,-0.6609837465677157,0.32862796568661407,31.258902749600725,24.585549591404618,-3743900.0,4.359506933360873,0.0,17.2394575403233,0.15146388873850822,-5.891941014819213,0.010165556550236859,5256416.09442365
65.9219957872217,4.20735192737618,3.0264223738260227,-0.44488987638033217,3.471312250206355,72.32567258507227,65.01121296185337,6037200.0,4.585429976838461,0.0,33.39844168936607,73.51067357525208,0.4852869568778343,0.09474078962270786,9084753.721420085
49.298037882762685,1.8493476362151,1.3604241717857235,-0.3138947353525168,1.6743189071382403,25.714278387132346,40.20276296306616,1386000.0,3.6548567913864525,0.0,13.632463313549767,70.64748941532864,2.1083379179290347,0.36866304864159066,6439084.037756232
50.802493962865945,1.578778462271785,0.9875285678032384,-0.19477838758292454,1.182306955386163,39.90608310677943,50.854513576424374,-1505159.0,2.8853135580202283,0.0,9.840618765263429,72.31976350388716,1.064077941218623,0.25446933594873167,6862343.471031011
56.81283886008873,7.397346423432083,0.22413068262952152,0.23177745910410336,-0.00764677647458184,59.30903169277221,65.08663506764131,-29619800.0,2.685014662236452,0.0,11.702472990579613,22.373221111545075,3.56828498008496,0.039123767156766576,27419150.670683324
93.54756715335476,7.128628046550304,2.5702227044030934,-0.003922155062708654,2.574144859465802,99.81781165532911,92.59793673573442,95737200.0,2.170499164771967,0.0,49.18989104975962,111.96418383098566,5.652717513201728,0.4586227724867867,50757671.8728328
55.901380301244814,5.150470539417142,2.153838674718088,-0.504632654704606,2.658471329422694,69.86930393169985,65.0826663940778,92292100.0,5.6207168415128335,0.0,25.63643117648933,63.400182800038756,0.18249513361781286,0.11687419240747944,23465698.69196368
33.75434799080487,0.07832595466247483,-0.046933029258568126,-0.017043390928986546,-0.02988963832958158,51.723843098050565,59.292644343598226,-4083600.0,0.3857692046868226,0.0,13.013176918546531,-91.60559452156872,-1.2915669925425235,0.029634082021879456,4287021.604278132
46.5026866263517,0.6671321630528553,-0.012556107901986024,0.013416447206770061,-0.025972555108756085,43.333799575295956,60.53230238895956,18555300.0,0.3493828739554735,0.0,20.569338207764833,-15.512514468251535,0.18268362533661417,0.03696467890708095,5499860.140578132
41.516875429880336,0.36093126811157106,0.03393875828533055,-0.04644095343653355,0.0803797117218641,15.706767593045667,35.0601329894554,18275300.0,0.5797762961163204,0.0,16.49185181000978,-20.771118056881445,0.4050279840695119,-0.05611654827515584,12081198.947807135
22.39761977107182,1.0746819804948515,-0.2949502182799293,-0.042439942816307474,-0.2525102754636218,7.518693478578865,14.134149598005221,38882100.0,0.578590042983927,0.0,28.69157123834396,-124.02481602675633,-1.0580479729290277,-0.10774200533223253,4448353.694270244
51.07452953314827,0.7851483209129562,0.029500778949232753,-0.038209450750151044,0.0677102296993838,68.00494087155347,50.24402847032267,51738100.0,0.44877997347842197,0.0,23.87197931399792,25.37745300101837,-3.915889792543241,0.08572052834317216,39796952.46160352
36.44761602688846,0.1362681076530805,1.3317503676461229,-0.8798999398150968,2.2116503074612197,4.027948631384667,14.166127011754826,10056700.0,4.53288373798089,0.0,32.96340366028783,25.036924615886534,-3.9500814060938274,0.11061365501784408,6337863.393401974
73.70301134499579,9.188898441349778,1.9815459933990667,0.06631931811973768,1.915226675279329,79.51802166171171,80.68398900157848,-4043300.0,2.826290715652371,0.0,30.496717884390875,117.29274625703219,6.453774509636501,0.2721362533698527,11865022.228271414
51.28485946193716,1.0861563276893094,-0.031159271638784958,-0.01720331801487414,-0.01395595362391082,73.25582684796856,44.459179130246554,-38054500.0,0.48189932194176166,0.0,12.333900286043313,3.4747394361867774,-2.2367174404197945,0.2495711773302067,12633769.227914074
57.209711896774365,0.6514172759783676,0.1843708968595621,-0.0023350336121033544,0.18670593047166545,68.75004656610375,77.49441267997373,123446500.0,0.6192854610022669,0.0,12.20498454709692,103.13571092981603,1.6363664106889204,0.15008474145640718,53395359.95801451
51.76895248707547,7.534837308598313,0.13537178044295217,-0.3170451342028483,0.45241691464580047,76.55261575117149,51.128116950290156,35131400.0,4.348950185987459,0.0,15.07773464724071,14.650009431088932,-4.617809724105105,-0.0232199035656925,7636266.723469984
53.62293263901213,17.339659515355606,11.321130068137677,-3.0234340333823138,14.34456410151999,59.489552245449346,54.15985097845464,1616300.0,26.058461625107476,0.0,36.4635800321077,59.17974248567834,-2.076685543762602,0.21463899465457856,9890411.274366021
33.80297435869158,1.0920192643090587,-0.4525879939091624,-0.00021458940430829632,-0.4523734045048541,25.238123350938462,25.98988821735588,-81161100.0,0.5790260204415306,0.0,40.35112169934225,-113.5243757891628,-3.8057239262539797,-0.045363594938210156,-51574631.61409386
36.43522782132215,0.648101359332145,-0.49435140563372215,-0.019716588851818928,-0.4746348167819032,27.08337969247202,27.86348728146014,-4731900.0,1.5418592464091505,0.0,23.177171060765883,-72.9322421884022,0.7824836349769787,-0.03522840359794977,22789959.913312312
75.20511587149953,25.321801288329397,6.3674191917474445,0.7678815998330801,5.599537591914364,73.22828969388017,78.95763379236584,4469300.0,6.078703447556933,0.0,30.815570273080056,156.24384909566342,11.90639766514039,0.21480543895773355,7232724.457564559
55.798619996670766,7.685393433149272,0.6551591381960122,-0.07887239780061883,0.7340315359966311,81.70590109020664,57.21293701727215,4186800.0,5.675222690984766,0.0,19.445653109592033,36.19026821851149,-1.1919506391803794,0.13135477913132448,5516911.488401001
63.92289477875483,2.7691252844969227,1.4590043354657638,-0.2769265511189527,1.7359308865847165,80.38097563244048,63.06034148685516,75972200.0,2.6420788647768854,0.0,30.565972592462757,66.01524108479481,-1.466275659824047,0.1720026031178859,69946584.7009861
63.789391506200104,4.27408646335568,0.21026888776992791,0.11702306483804933,0.09324582293187858,88.0829271570825,57.79453473395804,10681000.0,1.5497421463658843,0.0,17.125032878714,131.4452923951821,4.198401804952983,0.1227642169758476,6495536.46952215
47.29069111871331,1.9170010715160686,0.27007544898032876,-0.14484755415520306,0.4149230031355318,45.833366447056456,46.68187905330561,48563900.0,1.244544415774021,0.0,38.968236535841505,30.84273356535088,-4.040640587910475,0.131105566565534,24409553.981320936
19.440845420897645,-1.2789119224524086,-0.5171704416474654,-1.1368326601915968,0.6196622185441314,6.371690497827986,17.75693808788828,4668900.0,3.832842199478672,0.0,37.1674278094116,-65.60165221107312,-3.9052900672081803,0.1929368095706842,9702825.186199859
36.72325816185125,2.933240079072803,-0.9508541743768575,-0.2132205567845349,-0.7376336175923226,31.4606564989106,36.665850880043976,-5746700.0,3.033666066247965,0.0,12.494932118619664,-101.27473035075892,-6.336213021760917,-0.058363726667644625,-299592.1700504422
37.57131348204756,12.917214905138167,-1.6655979855494252,-2.5039501399448216,0.8383521543953967,20.205299850544574,24.790771958483276,2317500.0,16.21305297037078,0.0,14.514993624930714,-24.624321182776917,-5.6612602684091655,0.05129907215192221,1056168.1900035911
37.25685486907329,24.245999917762674,-13.988819208837413,1.0665241555483895,-15.055343364385802,25.024108287370787,21.14258819106931,-7940300.0,27.21442342561783,0.0,31.323761016698086,-76.5948520599988,-3.377127720316437,-0.20076326155914442,-5914924.073899407
58.43852986602235,16.741228609620975,3.0584334991289666,0.3455263372422879,2.7129071618866787,61.401125964678414,75.21466349907291,-1555900.0,8.104029075906837,0.0,13.777667178281938,150.72662945277335,2.6271986120925233,0.21415878002519817,7474227.602051249
29.874280706943544,-3.862350332765317,0.8575346518336175,-0.8729729065644021,1.7305075583980196,0.8583353707519821,19.934889664153935,18437600.0,3.9239600301884767,0.0,18.927961490875028,17.911032989079608,-1.9440550904173952,0.1695732213215709,18722435.39540641
37.79287475585445,0.7765081736696757,-0.0541599969718618,-0.14219253760572703,0.08803254063386524,38.85354961294179,33.3627658085261,2168900.0,0.9548312028667109,0.0,15.906734365753966,7.549932406505961,-3.7089314402089433,0.2705311643332271,15072865.332350835
48.090651656006884,19.551593956404474,1.0196087600792794,0.0694191577729446,0.9501896023063348,28.757415952537905,41.270950645032336,6993200.0,10.146111812192691,0.0,9.396450878091477,34.20540636016657,2.2073428681161813,0.10129041580836823,6959352.853834281
47.39903061460603,1.8058023015451568,0.1276588247226016,-0.05255232569832774,0.18021115042092933,58.110805263549246,60.01429205216052,4396500.0,1.5462854536034718,0.0,10.893974404236097,42.54566633363285,-0.48271829381852216,0.16762121109510988,2221535.369338672
42.030301427968425,5.377898294655296,-0.8449922194856185,-0.5428699609213229,-0.30212225856429564,33.074597442969115,23.293415811291293,-3808900.0,5.37341103385198,0.0,14.241675128372293,-31.648154443212377,-2.708324255443907,-0.012720023181287524,7123274.428456353
51.35516156090256,6.557648798605214,6.12220998225331,-1.75115818401816,7.87336816627147,35.817290498643764,31.87471009177325,23566200.0,10.015460491175975,0.0,40.20331044291169,57.593745143103234,1.6548130745442062,0.043600533327051307,13956677.955830097
44.19529995258387,2.190255630524348,-0.3742677231781997,-0.034809283022283366,-0.3394584401559163,53.15313767269228,46.45336634101903,-36868700.0,1.994123934737,0.0,10.902227955806325,-21.541998659147907,-5.419291431048209,-0.1307129534065265,-11974759.542321585
46.3490946825558,5.217236337091208,0.806789954179493,-0.5279482069962356,1.3347381611757285,54.46545274475971,47.66857681649964,6756100.0,4.387691670822477,0.0,38.61062966658072,33.65802947544784,-2.713135420157507,0.0011930468113427997,1593365.4869557682
48.540063043092765,3.722458402534869,2.4249878598907912,-0.7144464170964699,3.139434276987261,45.939697763050056,62.8155308408036,36380000.0,4.7217910105425585,0.0,38.74829265218422,52.42455898855256,-2.0457963617722226,0.14262220757905944,14911974.466814563
35.881180096801685,4.111811313946163,-0.906809637342576,-0.16388789667138748,-0.7429217406711885,1.8138945317473056,29.10326193347572,-2484400.0,5.629242279235654,0.0,13.460258369765889,-63.739796144103714,1.0486624370744349,0.01234614457501993,-2202818.673870006
53.16506821637896,8.006585371114056,1.6173522973853096,-0.7082548754803,2.3256071728656096,79.22524144044917,53.39673631299886,-432500.0,6.387173105850657,0.0,34.42710889401825,38.520713503494974,-3.256877032451024,0.03663944975488851,3317025.801954195
51.669107726104585,7.580877848326651,0.919142567351571,-0.07582301765538024,0.9949655850069512,57.09634460527462,63.839489592287975,-10111200.0,4.307690693532196,0.0,20.265985038554707,78.73995238173934,2.5696026680139115,0.15873291660712988,6000639.738917531
38.429861743751296,5.493317723528207,5.299523956485473,-2.2174379913324564,7.516961947817929,8.19062732514881,44.25142607183151,1256400.0,12.747882261264758,0.0,39.80074740055694,46.37557428180031,1.2208377557233714,0.15179745197468725,3651096.5188490395
39.60227534128489,2.9807517583906176,-0.3613742265054185,-0.25248582676405507,-0.10888839974136343,40.69541382293794,32.56604973411316,-7512800.0,1.9711742262751466,0.0,20.872745653582218,-9.249433532385924,-7.593519671500555,0.11376313819083872,9115527.764941575
56.6232001329205,15.428246987057719,2.33916193809398,-0.8563302241863227,3.1954921622803028,81.32189864234635,47.166306771121356,15502300.0,10.336086730753541,0.0,30.99060177121462,52.61712220407828,-0.11620803588412688,0.15776240732311092,11580108.93357834
72.40020221378583,1.5613829877071055,0.2714214050045278,0.11935849871243612,0.1520629062920917,79.13486943641492,64.98509899523094,12000800.0,0.9600008833434049,0.0,13.676885343523384,113.99677084586529,6.041672654726046,-0.06343112555463187,1152497.1301934186
28.805283170920074,2.551920235654819,-1.0531741264168346,-0.0898795928707059,-0.9632945335461287,32.558032252856144,31.11003131110964,-22344100.0,1.5737132250336168,0.0,26.519593104384892,-133.94910674032553,-4.572200078619479,0.05175264552133411,-4278905.211976321
36.51331782498502,3.7780794579333588,-0.19192383971602567,-0.4106201411992902,0.21869630148326452,10.445340333770861,20.3239024189778,5896600.0,5.0074051537625115,0.0,11.123777571477454,-29.03354405723302,1.3443888249254534,0.18137830584292142,24043340.222044576
47.60607849919555,23.049091543799932,3.481597991579406,-0.7200435949542445,4.2016415865336505,28.156010815404947,38.31367088982241,5962300.0,15.788649942989968,0.0,9.984151932707132,46.359560300606994,3.5403725826163845,0.09179187634651186,5277912.969090189
28.499932581653926,3.493932212524001,-1.015959246710878,-0.3068451527173317,-0.7091140939935463,15.688596383026741,13.213565522805489,-7243600.0,1.7628007405658845,0.0,16.711020156442967,-111.8610665216449,-4.547059944576406,-0.05961172648578265,-13408301.517607704
37.63766244515551,2.61668418663092,-0.4421168324905125,0.04737965300859043,-0.4894964854991029,20.938661966012063,37.16441557595329,-69441800.0,2.270379802953734,0.0,17.303071231688808,-58.82217650697395,-0.6002859206055089,-0.16396866044875336,-11644899.261287045
64.56880813605947,20.087971704665165,8.82528766622147,-1.574676240909227,10.399963907130697,74.14101011848136,58.21394176016494,40517000.0,18.81972500026696,0.0,34.01515077133066,68.51511861379426,-1.8977808409738532,0.13675204915946007,46580242.671776555
42.47657623321621,2.3486209135971023,-0.021751577867306082,-0.20060264577186956,0.17885106790456348,47.89710296833444,44.16981997851968,23680100.0,1.9397575093310673,0.0,12.55150193774642,2.2349821298805668,-3.905871926198302,0.02673337801224795,4787808.549368545
56.82620020359742,68.34818008532784,10.284524799789779,-1.0614885395314921,11.34601333932127,76.18577513911615,52.05887592848094,1276100.0,42.64842160609237,0.0,10.537977720246026,74.83935709747088,-1.660936070440598,0.13888047121308086,701840.0450071207
37.684158209648025,1.5778795155503964,-0.2952085693269808,-0.10592919641219567,-0.18927937291478514,62.56410406891499,45.38501835603467,6691500.0,1.115844082545926,0.0,24.973117761364588,-38.44891317400239,-8.882527659833077,0.12824167053428598,21292062.532824267
46.956385153961556,1.882610887640098,1.0960716673697917,-0.5382240446741842,1.6342957120439758,45.636311346583774,45.375833928726244,61314900.0,2.6979498525686374,0.0,37.10483113105518,38.01978439237742,-7.05510344680771,0.07267821488642685,53306904.80225071
60.39277723946799,3.7015961905594423,2.155247505752797,-0.5222514213400928,2.67749892709289,66.53992910174267,55.25847000340814,100619000.0,3.5675976594691465,0.0,32.01454730704218,61.38742297773591,-0.7737542532123073,0.25913969995330677,114573276.78120784
60.663372846985325,9.909486014788172,6.469500470423554,-1.0750061041670236,7.544506574590578,62.086633241548796,57.04209549796375,138510200.0,8.91116460712339,0.0,46.50087080188251,86.14836633854452,2.0170994069548986,0.061647812588254726,95096190.81212363
36.20988066121167,5.023397882339907,-2.0072105863354466,-0.21027787814387633,-1.7969327081915702,36.980789145550226,21.57708030855933,-5677800.0,3.364359713160924,0.0,15.494233806842503,-128.74117628757566,-3.796672857540002,0.07224349672642139,-1286559.5617350806
48.70697976206432,3.5968077063554453,0.2057955737612467,-0.000615214809081055,0.20641078857032774,29.153490977109136,27.253742957521684,36293100.0,1.7123140106673704,0.0,18.461426271385108,14.746972453562275,2.1969379010230465,-0.15973645231630743,-29853960.052806366
34.747898631239906,2.6767979980904784,-1.1881556066367125,-0.29309324703176554,-0.895062359604947,21.850108660999584,31.20540929673436,-5362400.0,3.3754999013207265,0.0,11.705822175083052,-68.48211506846255,-8.612910947802982,0.20268910033210014,3827663.532032133
25.08863699530202,6.374063565679592,-4.689784541305755,-1.3856313003838325,-3.3041532409219228,15.278712532776249,20.414134054486023,-544700.0,11.525563786808242,0.0,23.057709215609886,-165.68650877039488,-2.9376792643460137,0.031566194955604684,440373.28831822844
18.35486275543583,1.0008994764743235,-0.8217049040463422,-0.19530510955389757,-0.6263997944924447,1.27875291590202,6.215691017797261,-7880600.0,1.3189008981027717,0.0,49.494349405862756,-134.8849179480942,-4.023199000408293,0.008878475293248006,-4459492.647742251
63.48425585159909,3.6330213498761523,0.15504659346566996,0.15978976071006237,-0.004743167244392409,75.6756478108461,83.94079871572826,-3363800.0,1.2028238731809702,0.0,12.74241889438068,31.4943963318963,3.8665472100609994,0.0937763575104394,-1643339.0460998788
46.56964891716493,29.404092413260514,4.838022185298087,-3.9789046637382803,8.816926849036367,52.088983972331604,47.32912787589445,6749300.0,29.551540172346066,0.0,29.252867260878272,22.515531595849556,-8.166944762325837,0.09792483190701566,4674419.187764856
68.688629061405,2.3389687931910785,0.823978097755905,-0.00019611718914669396,0.8241742149450517,66.50261579398368,83.54977811890859,67711000.0,1.11978247653975,0.0,25.381703665052317,122.12114099882157,5.877471264207657,0.22267911517126246,26438277.763282016
52.02059651834625,15.76802858415482,2.0959884905500985,-0.9419877385295914,3.03797622907969,59.5323537306046,43.66161812595903,-1463800.0,10.521145087548147,0.0,23.86837398205124,42.60474377128928,-1.0862846828169594,0.0899377258500441,2841285.972263665
50.38978635070971,4.136686135216976,1.135382696597631,-0.4105934178395505,1.5459761144371815,64.24785668084968,57.55582488806878,57640300.0,3.396756686889021,0.0,23.92753803884606,45.33665689555818,-1.422500100860178,0.12574735442430798,32420921.662138447
80.18353783233239,2.0034218395784507,0.9765169803945568,-0.08053180684130301,1.0570487872358598,88.81986105977462,73.2467960548211,101052900.0,0.9248001369708024,0.0,67.80925840102255,95.70186814708408,5.258542977307176,0.28616575161799107,56482998.48876336
49.56500999762936,2.860132503801424,0.42154481342947747,-0.2844166879186474,0.7059615013481249,32.43686833068762,25.99440767231114,4913000.0,8.695043462106296,0.0,17.257318116275442,19.981454296969474,1.8268456773299246,0.043812564862299334,1908121.1420429882
47.533174096583785,9.744281899726957,1.6490051442989397,-0.9470172833968977,2.5960224276958375,43.820186191643664,37.67279910549019,914500.0,11.342212751504203,0.0,21.220727033454093,45.246161177996925,0.1021005812881547,0.06611112530152242,223308.8395391982
66.44603089705411,3.016143287159153,0.954462002431157,-0.04000043862548641,0.9944624410566434,77.03942394571371,82.18095131196486,42580100.0,1.5690920410601021,0.0,33.0059685329866,100.50364771093429,1.201426211352281,0.21943720815206338,26979489.876150496
54.594884276813694,1.0427756160133441,1.2560659203038824,-0.34422710394086575,1.6002930242447482,52.65150420483773,46.52780587424982,19717800.0,2.4583279744611275,0.0,45.668701916534026,63.281265728868476,0.14066049569525224,0.3263238353646631,17175380.638758253
75.00726814996383,27.41709522673773,19.433670193465332,-0.7672202060601734,20.200890399525505,79.81912084160355,71.27749444964205,83011200.0,26.813719099237023,0.0,45.38013829764013,119.67967151285417,6.158437074446982,0.2876044728587382,36280384.53601663
62.10777229129081,4.246776307504405,0.396249018323644,0.13942707310245261,0.2568219452211914,59.15249378416717,75.69916769771933,88655400.0,1.4981924589446365,0.0,14.729946615671201,51.850959551510364,6.046383959691335,0.31715510021089666,110493205.81909133
64.00825761548529,0.7039998214861924,0.10707821016402619,-8.345416484098478e-05,0.10716166432886717,85.93748370186368,77.05164327031804,27068500.0,0.5987685578964798,0.0,10.495413953125801,64.0792419879271,0.42523331733963116,0.1876522652738991,21092396.07720558
65.3231046114425,0.8352594261473598,0.12764879017571218,-0.0020871802027755404,0.12973597037848772,88.14817954478023,75.52513948466151,10503600.0,0.6248153236174715,0.0,9.694510787313414,63.71048110472336,0.15221629857062066,0.09969041312325296,5164697.737218904
29.329198213274978,4.1645459727265575,-0.7560944495411377,-0.5403786525037237,-0.215715797037414,31.835559486146188,34.265875883911455,23172000.0,2.2683459672984845,0.0,28.15208617957401,-50.72820326520865,-6.795176098189492,0.29392241797099433,62843920.022920534
52.9857454098475,1.7089640544174785,0.4901319000951858,-0.06279626791118975,0.5529281680063756,63.25960708606571,55.95141969409604,7061400.0,2.0237966772653366,0.0,15.867594508003066,63.61159129892808,-0.9777217764370935,-0.039146807648013766,12672876.224116571
44.11894530199829,1.109738593581234,-0.024811247261403935,-0.012924988145868715,-0.01188625911553522,44.28571039315969,49.2796663577253,26800.0,0.8524606355984925,0.0,18.236061767017027,-22.10024082294498,2.459017220201233,0.06025154581201336,12892390.125037707
42.54690949721441,17.29306602711324,-0.022685879384312102,-0.6261639957685025,0.6034781163841904,40.236085757087075,33.05984708655923,-2058700.0,4.699704289962593,0.0,15.523249857582828,3.472873893105861,-3.385982430250541,0.07543547700504295,576755.4766771797
58.69495479708048,8.220054434533239,2.9765021366950464,-0.4791957878023627,3.455697924497409,63.871592442005564,64.2289653866558,11231400.0,5.14258958567211,0.0,28.059051969280553,69.79817007555249,0.9489714606781963,0.18849161119564345,6722318.27731326
53.33690502954475,2.381946697482178,1.6156785949070525,-0.31220590707848483,1.9278845019855373,54.04867365976006,63.99794905280391,6068900.0,2.621582787842252,0.0,41.04635090301243,64.16990908652038,-0.35467356317222737,0.23241792016929397,6920143.385160784
54.10475498176904,18.89022578098883,-1.3544365590731786,0.7931272248071011,-2.1475637838802797,54.83628313317543,45.18982269461339,128800.0,10.393809947840257,0.0,30.28728497719488,-19.484394111621576,0.987952018149617,0.16221423180672534,415604.4105947369
40.714373354222836,0.9899867320599576,-0.13348267386278678,-0.0695794807190502,-0.06390319314373659,46.52782744836246,46.85847865122073,46985300.0,0.8138020862339821,0.0,16.83675531524427,-12.846419718509717,-9.307131452218156,0.18733543366371944,58213143.97007268
61.468995383712624,1.9322347129949549,6.215938338958495,-1.5052327762359763,7.721171115194471,49.66259696347563,52.62277356950678,43556500.0,5.510993342768199,0.0,56.8394550665833,58.235189088506516,-0.4147847153502282,0.3468770929339739,35135078.095111385
22.3341834484902,2.4722744348102594,-2.108240973619033,-0.33261539769586657,-1.7756255759231663,25.753714298311277,24.492415761621135,-4102900.0,3.4045131642380273,0.0,17.0585718174514,-137.64872910963695,-8.507063571340387,-0.14030152980698413,-463832.9020939149
65.82586922360434,8.061749399466265,3.3728774730215605,-0.5151186167572939,3.8879960897788544,68.56796835649314,57.11972731672148,1052591200.0,4.572877977175492,0.0,34.298837792421224,75.8537956171296,3.7558725143545133,0.26594373361172047,2200896908.7925725
34.70033664728738,150.20177694931408,-36.07502526249755,-15.776398692768154,-20.298626569729393,0.048048751904371266,28.381094659154,-21100.0,191.9932144559764,0.0,9.679206039053089,-61.87049604432178,-5.437519751023162,-0.09593929052080796,10408.648163383372
39.10207086507427,6.073418200679242,-0.4164207940674771,-1.409003673776775,0.992582879709298,28.660571189189362,26.76092335587666,10433400.0,7.940585578047339,0.0,24.08281933928714,-1.617088286544713,-7.622404730627049,0.029956361235658237,22549370.875449218
39.19502372307779,19.139612031369552,-2.2591100753093087,-1.308214083127809,-0.9508959921814998,4.6386786972284115,19.904364422350096,-4289700.0,28.658693672757675,0.0,12.796510768736125,-37.12931284961551,2.7831623566519537,-0.06981606005918686,-1413541.8333085256
36.26056462741454,1.3266256666871428,-0.14959886541817013,-0.11246082497011868,-0.037138040448051454,50.793618756206456,54.81252732802641,-61516200.0,1.284132936992395,0.0,13.090664707333762,-3.111542892364234,-7.366525124409491,0.051400800612325576,-11107080.526037123
38.62850680671682,2.8590865539109416,-0.13548841203925122,-0.7802464163277765,0.6447580042885253,38.29355648332884,34.27285283038149,-408500.0,5.349692203286284,0.0,25.196487144808614,3.2940330734084475,-5.200189011641172,0.13037252909255745,10317563.394551484
39.40717172202186,2.0467624155635917,-0.6567996470543278,-0.05439831088113245,-0.6024013361731954,58.10049079676155,40.2842153089791,-18087800.0,1.7517507732285529,0.0,13.009381664482133,-96.3469434800838,-4.352321752937878,-0.005480703986809025,-2602415.3975742925
48.768468285301466,1.6331882933947952,0.23738415973095073,-0.19159665676560356,0.4289808164965543,45.884758481028555,38.82032202529526,77510600.0,2.0559148308606865,0.0,22.260274778990816,28.170000957903092,-6.379728980639057,0.05248375991581227,56426112.83002057
25.76559908961869,1.6531074795631042,-0.8158656181807658,-0.24473184695353922,-0.5711337712272265,8.235254518731278,19.390751871927886,10508400.0,2.3386302692198084,0.0,19.921533843939205,-51.39060213829558,-6.843146054969914,-0.004501021698711785,-2186911.1530186534
74.1352801650559,7.870560441711376,2.6561649829460237,0.02050974098848446,2.635655241957539,95.32802562745243,70.49584840686067,39611400.0,4.3371183034275305,0.0,28.306673118681864,97.81128963431286,0.9736869350183605,0.1629335380045554,37243737.26505161
25.245345337290257,0.15968803762714856,-0.20820828789678103,-0.27330305267450355,0.06509476477772251,2.0469943136568163,17.16313223050996,21124600.0,1.6660377800821409,0.0,14.734764734238196,-113.07680548706183,-1.4638833974608536,0.03182479160832006,5666920.515813542
45.73548719907348,1.5525765778947118,0.35515879406290196,-0.25550874248563527,0.6106675365485372,42.95947501056097,38.805294431958266,-21371300.0,2.375718794016609,0.0,14.425405545951335,39.311798172821014,-1.959759457351462,0.01318836436281427,6261351.330508297
53.128395174487416,3.2808321801692557,1.2895102648184888,-0.20511532415012246,1.4946255889686113,55.97830593932961,56.25708261344382,-5235000.0,4.744726690933605,0.0,16.94134234359606,72.34475122987654,1.8168377861912117,0.1536282416352865,5399380.698030601
52.30942428757899,3.080551278094063,1.1924871578459175,-0.5109618551085044,1.703449012954422,51.35775401984725,47.00167698584423,1095244500.0,6.278922507161946,0.0,23.646656006323536,34.67414251629159,-3.387981077673069,0.11090377615101511,901701197.3338482
47.7917884067256,4.502787825030111,-0.10081525863805041,-0.3572053072553887,0.2563900486173383,81.78576926797302,61.90488382641752,59658100.0,5.302356605585503,0.0,20.999222085184506,-13.148472141216502,-2.187498410542806,0.11488404208613648,25375539.075712934
75.91095072449502,0.5109076638233869,0.098195918316474,0.01052940214053763,0.08766651617593638,88.2353106171953,86.29845241194073,46560800.0,0.24249312942045442,0.0,14.249580390792891,110.5217903176047,0.8340315544509866,0.04309013209252424,26484774.3524258
53.76679714189297,15.197324187352137,6.282524208942846,-2.0820174230722692,8.364541632015115,75.99265919298956,63.21469343812728,7777400.0,17.51714997873039,0.0,29.49806885830365,50.874120916396,-1.7865032608853093,0.14925617134803099,3875627.350286931
58.175530980636005,4.894805219186281,1.849744826707962,-0.19540359682477249,2.0451484235327344,50.53774908324241,64.02824053570572,-166600.0,2.80708180664843,0.0,21.58204124545437,99.67000456683779,3.78818669471072,0.296019253032672,14454463.607349409
57.67209067770106,0.3845451312753596,4.313750702207784,-0.8883805525601502,5.202131254767934,65.29271384643901,62.725363264088024,3572100.0,6.898484524962093,0.0,30.35100843845246,65.15672565619835,-0.14303226283076798,0.33010172669390553,5790175.087257955
53.070959815756666,0.7585689587260305,0.46140172669316826,-0.19924703349568773,0.660648760188856,53.505520956711116,39.8874962211627,45116500.0,1.7692744111822511,0.0,41.20381563678809,42.228031208008076,-1.1758174897719782,0.07214662835783127,48944547.340962835
55.90160169680523,3.856659949119276,1.1237561410033976,-0.225019844683382,1.3487759856867796,73.42338549622912,58.109650605974615,3154200.0,2.360565085303117,0.0,32.52690534753128,70.46652790749845,0.3554727578463783,0.16268015868982272,5904182.413603454
48.11178434908509,3.4546161025303093,-0.580124712386862,0.15914590945056073,-0.7392706218374228,65.76568836346141,60.973671654655526,-67273300.0,2.3421639229305358,0.0,44.295493002254354,-17.84570465609948,0.27626476640035896,0.013826731536894999,-34491032.71754295
51.17933481618689,1.3120072277041395,0.1532455523658065,0.009615564073223726,0.14362998829258278,43.529490962537444,65.85600602641324,197816200.0,0.5842121530317873,0.0,12.608200460107085,46.86816461281262,1.3554851533305583,0.07937116338084305,106902637.87301719
28.45873952996543,0.4365997699289963,-0.07065929717793296,-0.058551890402861566,-0.01210740677507139,5.3190647503911075,12.769560831536696,51747600.0,0.3814183624489252,0.0,17.62462870006784,-54.06296693121265,-0.35377045507811355,-0.21327299917379064,-48249623.57925649
80.79510023628578,13.233141879224746,2.7085642622417936,0.3608103914665173,2.3477538707752763,84.40766371175293,89.90198870840477,99331900.0,3.1900587448161426,0.0,28.643625989671175,135.64157907248835,9.138069400941198,0.26706790970985833,62225684.3853092
36.30972105377192,6.878234047085755,-0.1114896501946987,-0.8188315591895324,0.7073419089948337,41.94441559872759,33.37120261686138,9598600.0,3.935326727039324,0.0,21.158303703851917,3.513736541667062,-9.328125263585685,0.08096738080700737,12899136.549272992
39.91376045847958,2.388835415949984,-0.3224486222164842,-0.02488306143759439,-0.2975655607788898,28.22085028107111,44.24736159461361,-3177500.0,1.7030950705397396,0.0,22.97973755904057,-57.37284910205924,1.1562626382185381,0.016552302703694115,488698.5148450517
48.739336926024976,4.7736160152659295,1.147704049713127,-0.5106135339157594,1.6583175836288864,61.18420392191506,53.218161051633494,10149300.0,3.921340712280634,0.0,32.73250489967073,43.59538808596778,-2.0052935183194,0.12019068873536791,8953730.140115881
29.634718401452595,8.025818686670675,-1.865113533692977,-1.3548975778989918,-0.5102159557939852,11.655383974045275,15.597448037476985,-371100.0,9.171274235597377,0.0,12.585429398732481,-52.29677706191396,-4.3543790414467045,0.12392388634829414,1670989.502998021
42.22630327056201,1.949703693627228,0.35312632941024447,-0.3554405556743918,0.7085668850846363,38.94476744743294,37.79578356996047,-1539000.0,2.714949791382892,0.0,20.527310441731267,7.802478220678311,-2.4616140605962693,-0.015684431648351614,2272952.4600813184
34.62991972605912,0.7239098655987775,-0.19971756284687814,0.001750543546371136,-0.20146810639324927,18.000030517578125,52.48308143502735,14575000.0,0.659853947415931,0.0,21.032640322195366,-67.71770719561407,1.1541857918956822,0.041526218846687724,18109237.512992766
39.24117048082719,2.8044549048510987,-0.2356714802569826,-0.23183559249237512,-0.0038358877646074707,37.70489460010935,35.4516544977005,253500.0,1.8672000191493061,0.0,16.177098607055964,-12.385356395544695,-4.932679228678456,0.09777646866162087,413209.4634318743
75.7249469924007,9.332807347383266,1.6413172224556547,0.19517321826891854,1.4461440041867362,72.38814255578994,83.42321088398207,39135900.0,2.8192764500172967,0.0,23.281211759021325,139.65042401288716,5.436908659423108,0.20449558524178815,50480540.34245497
35.28992306607314,4.175992104815805,-0.9202890661711649,-0.6157142915038991,-0.30457477466726585,29.159877436419528,24.581572481199697,18723200.0,5.930553252325368,0.0,14.044166530514794,-103.6366880539272,-1.9675139356121103,0.12237336614448849,11419965.401911156
58.172970309820485,6.213520877500741,0.03176100897378831,-0.04281967065966959,0.0745806796334579,94.59461847874596,51.495233311585444,21547800.0,2.8364694563116113,0.0,12.18759958282996,28.83540408641439,-1.6226060426753708,0.12255406828460234,18510393.004792433
44.22090929312332,3.5869471683271286,-0.09303121215803856,-0.16418021760613344,0.07114900544809488,55.047607421875,48.38174889055389,-7407500.0,2.65872333576344,0.0,11.559687838023079,7.961811481378304,-2.986360251421179,-0.08524675273484685,-3597783.5061018
42.616233758784105,2.6849328853215866,-0.1873221633256179,0.02897057538225345,-0.21629273870787136,43.40830254591128,68.91746027073306,-13337400.0,1.7106211195168877,0.0,21.87801928121464,-26.60475791175891,0.6444129702269723,0.07772317609454332,10105661.589437054
39.431536430260806,0.7037538413556774,1.261678461608767,-0.7765211480084893,2.0381996096172563,4.122059334246673,27.73285344462852,10529100.0,4.2093042736282875,0.0,32.17061264541906,29.106478781835886,-2.09405807818344,0.21365545639967404,7221065.9462386435
55.53989355676026,14.426717856618097,-0.21678733676844786,-0.12833318280667108,-0.08845415396177678,72.76686280376317,48.1289956457498,3777700.0,6.18047785746866,0.0,12.3201563471315,1.5496406919770898,0.009929096353243915,0.20966301347322866,3543893.8087613657
32.95601172374949,2.144456867989348,-1.1329678345172027,-0.23773651382070016,-0.8952313206965026,15.486669648659369,30.270434312697816,978500.0,2.9695008052773626,0.0,11.80148248495925,-132.20341577178158,-8.210425659306564,-0.05517378279056436,6108833.205928804
56.25153603405836,7.559309602682674,4.404515601894332,-1.145368841114344,5.549884443008676,69.72481411088198,66.27853844400533,10682700.0,10.089872691508559,0.0,34.02688474604896,60.81845315698711,-0.948826874513309,0.08604531272735061,8568553.526299525
42.21015822338167,3.5588896988080876,-0.019339097905628932,-0.5483960645189454,0.5290569666133165,40.59889681935018,37.83658857694797,-5276800.0,4.511054169128535,0.0,12.556266045920609,13.786000059327462,-2.4712503798565426,0.011150870511233174,22281559.23863819
39.38352880491005,4.5206929465445285,-1.0057763774761384,-0.19523927934450613,-0.8105370981316322,31.947465688590466,33.748246936670775,4809600.0,3.6994542420229966,0.0,19.23094728487002,-102.40687601504453,-1.782337390363256,0.03461728474314291,3481703.8751901826
70.98215738626924,11.78951523733167,8.772255681156423,-0.5614720701947746,9.333727751351198,88.93605020459329,80.50095048986454,3214800.0,9.641012252870654,0.0,46.88481034106303,95.1612221989723,5.326362971961134,0.26483817600651094,10087792.7131158
37.856515360519865,4.204057736752759,0.03774358069824757,-0.6769301244813734,0.7146737051796209,35.79986584223844,34.498349737186935,10136600.0,3.4720003987607777,0.0,20.805902710052557,4.642166351659862,-4.4432750204419325,0.1581442905429426,9982500.524122823
47.0449141506111,4.470289254753027,0.9558258587989599,-0.378021666766132,1.333847525565092,27.023745429221364,28.137043829205385,9595100.0,3.0799180361532588,0.0,15.80498062383797,44.656475669232044,2.1475312418789887,0.18096963912945907,20073472.4180154
51.471280865501,1.7953723217275979,-0.09182811628115672,0.06070208027898383,-0.15253019656014055,71.59747553179963,70.54525988349297,-41152600.0,0.903961043896917,0.0,18.822939256066643,-23.608108106418662,1.4347931004834606,0.01894475828822763,789438.1518053542
42.880898452858446,2.1625511613783033,-0.2536848582175679,-0.06588600675947809,-0.18779885145808983,45.22831165871016,35.27903107761336,-3898000.0,1.4257838406346937,0.0,14.02991306345379,-66.86432197806057,-1.9575636487825867,0.13645875253719897,3554914.38859312
48.593949536847056,34.07751736137004,4.527242805773994,-0.9321076628859686,5.459350468659963,26.970053724791544,34.46183178271151,-4170900.0,21.606454047569567,0.0,12.376415441361933,51.360858637854946,3.2333101959298043,0.17663449207415322,8534358.497673204
37.800608129059064,0.7516673988547105,-0.03162724365401459,-0.08810853096555576,0.05648128731154118,42.27641015700717,39.29222287456856,48135900.0,0.5804943184698135,0.0,42.36569665471741,-5.732130219691825,-4.946526666373708,0.1373688107881419,40442807.34310274
69.46589043183964,14.231775512744093,2.2136133818227677,0.2840547131014015,1.9295586687213662,81.40136104669584,86.9354128805824,7835900.0,4.3103634465547636,0.0,16.27518869636106,108.52236095000035,6.760786573599532,0.2492055525953269,15036751.22853695
44.09507974049822,3.780508010992577,0.7048872497446723,-0.6903743159583144,1.3952615657029868,37.46303456408918,28.714565830071866,2460700.0,5.179771829850616,0.0,41.45898586767693,18.224962429363597,-1.1669692957296955,0.14457311451348073,8378697.6513828905
47.710048694263776,3.5418543177908646,-0.615048219375538,0.053018521616304604,-0.6680667409918426,69.51969864693748,51.15304195474359,-6496200.0,3.330025111688474,0.0,9.818471468645724,-34.425859459602776,-5.552686172493425,-0.014682153298801801,-2109199.7506707967
75.47933133648083,13.554222609260478,7.870105002832133,-0.9032981901896537,8.773403193021787,84.29809528104752,82.89203159746093,12510100.0,7.884315733630564,1.0,42.178601223798765,76.28235857281582,1.688696212798909,0.189529025477135,7220990.53966562
47.772999918798064,1.5024413249049076,0.22847425010822775,-0.0392116680046764,0.26768591811290415,41.98492176966824,56.587497835682655,15726500.0,1.0004048434522343,0.0,9.55103329036308,64.24827304116307,3.445767104692683,0.21288849587101424,16423836.722235288
42.533994037881236,1.806755024229119,-0.11769753679254791,-0.7625728425416493,0.6448753057491013,26.451665667084672,30.715102816808265,-1838100.0,10.290724217307584,0.0,15.323575362742572,1.6893438888048482,-1.3759166722635214,0.09568300395405803,1837995.8524366657
29.04466584470226,2.6834168010622648,-1.5661080575805215,-1.4451049511254865,-0.12100310645503498,42.49290630142738,39.625497661275716,12300.0,4.744971954239329,0.0,31.11141919533263,-61.91272694284716,-6.4488078515578255,0.19938091355655357,19176711.06105178
59.89954082770952,19.310191250282514,4.130267601351278,-0.18159573081568858,4.311863332166967,75.45605569079564,67.94112877154647,26906200.0,8.669162406010727,0.0,39.61707011089715,86.75993246713944,1.2188248798689043,0.2625384573746479,16599020.541352667
46.040412306060595,9.629180535091223,1.6988299040914399,-1.0312428064672021,2.730072710558642,39.14748237091752,38.66681068887437,1126200.0,9.593762792092575,0.0,19.42656747524114,26.937827255897012,-0.6086352156016702,0.03227558536140693,709300.9699434115
34.83809308506235,-4.418728413464919,-0.8842042251721409,-1.378836224033087,0.4946319988609461,33.10260349843452,26.409586940094986,37092000.0,7.032299429594907,0.0,17.17403952329637,-44.44449269655083,-4.54404469283648,-0.05777320077823196,1361096.729795034
43.16914284852453,7.106500843433622,-0.5218718979338917,-0.0636469659382784,-0.45822493199561326,40.47720142447893,47.452917693680725,2509100.0,5.598869166847375,0.0,12.155446205053087,-61.21895312051658,1.9092776712798083,0.0511218870398978,3079673.8712955606
27.591718034586385,0.926974957606987,-0.35105712385846743,-0.08586149377280006,-0.2651956300856674,31.579158708926137,32.44664259633497,-226292000.0,1.0527072748611945,0.0,12.981319023167659,-56.607913621310985,-7.006365927813379,-0.014673990800485566,-26954840.43873112
85.16204935850887,17.10791616826785,5.171771932802756,0.3328271200970043,4.838944812705751,91.34227218823413,94.83760148082439,45803400.0,3.8505325828926913,0.0,58.079199444084495,139.32475310471685,11.254380373380988,0.25372362437215495,21444315.558557305
51.81727645423409,2.8292720106798868,0.6807369303706423,-0.06022769677969464,0.740964627150337,50.424912034995806,67.07424336685204,7869400.0,1.724257043213277,0.0,18.192383848641693,97.54315982047851,3.1545359153786077,0.13436845191791508,28876143.744646385
55.49161503552497,11.441740522878035,10.620879002637594,-2.866194242504317,13.48707324514191,61.992035824618085,59.03094542828023,21365800.0,25.754388948184307,0.0,44.96435118098433,62.03696999933285,-1.487381679326395,0.00039131643607924607,9047303.005948158
46.566471135099576,7.365491772842574,0.8312673726055095,-0.4580248501988211,1.2892922228043306,55.37965018020403,53.61268724799451,-2947500.0,7.174256823166623,0.0,21.055899229038587,12.594070555063993,-0.14970080455484905,-0.039219173438770065,-1017364.5240309684
54.19670610328086,7.536335597429712,-0.3891367774154162,-0.038957801375508194,-0.350178976039908,86.92062641946053,50.430495763516774,6464700.0,4.155632588719104,0.0,8.215267115310537,-26.735844434051803,0.20512296185909862,0.13523385321815187,6000178.293500162
45.729390219851965,0.9620863494980227,0.6300302941347837,-0.34770873115353595,0.9777390252883197,51.4444718198428,54.330776661544036,38495200.0,2.451996243053232,0.0,25.825227866152396,34.705737686838354,-2.918725089789287,0.16146123175485175,21420233.985335503
37.841947669462144,3.11971479079061,-0.07308542878378432,-0.12543506548398659,0.05234963670020225,13.496853069388493,40.65380765163919,-10494200.0,2.3489095051101216,0.0,21.90187630845348,-28.407515521823377,0.4789638610673844,0.08867877143513254,2266648.1667692
33.599951358029465,1.050342514285063,0.04100366293021551,-0.2773314359353241,0.3183350988655396,1.7935923336543609,11.558217824134049,14039800.0,1.3828418331802688,0.0,20.019778320265843,6.691945575576658,-5.371903534784141,0.10630298148664453,18454622.763401587
42.848364648201034,5.099676636091544,0.7223029247705313,-0.6676133825871504,1.3899163073576817,28.087052055027176,38.580129997725344,-1336000.0,6.948121957065312,0.0,13.268421534766015,32.917291808087185,-1.5035465305540643,0.11028402042692001,-196306.25053189675
52.32961399996,2.4744982200658825,0.5629043888033038,-0.2566319051379504,0.8195362939412543,67.88978196707924,38.857053743573935,-1899900.0,2.2741726507938766,0.0,16.823998963958942,43.224772237572594,-1.2105541761234186,0.18436055830654727,4485441.192666005
41.69179484561281,3.863993227421716,0.0865157474581224,-0.03106069498457696,0.11757644244269937,19.314732816625906,45.07974696701894,-8423100.0,1.7576569670260647,0.0,14.801496821967293,-18.759268911490956,3.9641274700103963,0.0969418894045506,9156955.670184897
71.14242089653615,2.9973616369650458,0.5625761376971816,-0.0015843346457038443,0.5641604723428855,88.01362838864424,67.85929731472667,152464100.0,1.1339601929551417,0.0,36.66806010662453,114.93112278225826,5.113449751697229,0.09015451552360644,17165183.591519866
40.210232892040686,2.657591307436448,0.048261963926719886,-0.4417297974956447,0.4899917614223646,36.07137845485645,30.268111896190202,-32029500.0,2.770492526338173,0.0,16.678199053077186,9.806962957496953,-10.40368509472407,-0.048921633614805886,-7110004.011347116
58.074617320161174,1.1639662555416237,0.5635048915911511,0.10687733159467028,0.45662755999648086,68.56582268614837,72.9140970156638,-28890500.0,2.8050162726027863,0.0,13.98834796440541,86.35347452364584,-0.3160348813651023,0.27762862548308137,79371558.29193005
54.60781178468112,1.6631224639408657,0.934043003834077,-0.26432775633951655,1.1983707601735936,60.8695424453197,61.26232737732891,30324100.0,2.255358538058868,0.0,21.951633682249884,60.3582495415489,-0.9511150713704977,0.12929026355913514,7250975.322497773
33.21294388139537,0.6522709240149567,-1.2423233328167669,-0.6827141588629381,-0.5596091739538288,20.395357381795847,21.526092398706414,-826000.0,3.756863035218322,0.0,17.73214946987512,-114.97562516288266,-6.424455077446074,-0.13719194371027343,1299805.8935813962
55.942975269887356,13.049816407080954,3.4130173445232117,-0.7952973099323604,4.208314654455572,40.0552183442927,29.66267255703245,703000.0,5.139989330552779,0.0,26.137161610828898,63.96292210025071,5.991783028001314,0.21904333842536908,4894827.451870137
42.78397710401518,9.66035620580891,-0.26513393152418985,-0.8502805769013577,0.5851466453771679,52.56497075766237,43.973742915997946,1620400.0,8.171618558664374,0.0,22.381202583627946,-11.305028074207355,-1.8424339156581486,0.22013824715239536,10224647.446406031
56.854352074122204,1.927289042528379,1.0942785198646021,-0.3309478311853924,1.4252263510499945,54.59765915030196,37.00975988000761,188610200.0,2.8809671331499866,0.0,20.49743241675743,51.566266512083544,7.8940595088859205,0.07748944385240684,126434833.57218842
50.44709444081164,2.1530709245658457,0.4521090137970276,-0.22746213761289635,0.679571151409924,71.35142324263634,55.314191430994015,26294800.0,1.860905791871532,0.0,34.01687623688511,35.788227055831335,-4.97066363546614,0.18170254047653156,33502396.245720632
21.852890428802166,-19.134023755244698,-0.9551912015159587,-5.490635546298086,4.535444344782127,24.871558826014137,42.55260501669932,3347400.0,17.67476947196112,0.0,39.507210153583245,-71.54514641084714,-10.33139303616248,0.069400660053657,5695429.1252326835
42.18622784290862,1.306602949364006,0.05703033770073773,-0.11500429036948603,0.17203462807022377,19.391736457810566,25.65250286498966,-14055600.0,1.3750965126097232,0.0,13.500935100133404,45.453894039457815,1.002823522413716,0.08104056035872363,633839.4074225044
45.34814381801717,2.7125587100723294,-0.6823484488264171,0.2839366100081049,-0.966285058834522,40.081992535506444,54.42253184465901,19555500.0,5.547239377168733,0.0,22.747709989118363,-29.490222226479247,1.7569723743522214,0.15550912479958415,12606474.574472181
41.256800010469675,1.7535340607599181,0.15836893544334885,-0.3608886838797555,0.5192576193231043,31.645583882333437,32.11369382244021,4714900.0,2.2236896686840493,0.0,21.730737247459942,13.0686964168381,-3.2822331117127335,0.05719612191942204,-2889070.935464587
51.399690504663795,4.024238856261775,0.03907782234716706,-0.36115340622598296,0.40023122857315,61.15028287846524,31.92370241063784,6866600.0,6.8700853837669245,0.0,10.031311277356291,4.875774386735992,0.959496875578125,0.0998336722156506,17300024.5085177
53.34870296482786,1.3580703000985324,0.6771796232673779,-0.31155620715944954,0.9887358304268274,77.19623236147653,49.66018030473742,53044700.0,2.68625644569654,0.0,38.55227126098735,37.73584741758846,-3.8038281856669776,-0.07553924799641833,11744219.431530437
33.25977502288015,1.9542108041996755,-1.5374559120958509,-0.09924276452338576,-1.438213147572465,34.62777737998533,41.242503028571655,-6778500.0,5.326231278369228,0.0,21.86779560294385,-44.5165842489632,-5.994102455521755,-0.051863259705499355,-4778817.441156835
49.777569082712795,2.1031777742254576,-0.05436152434025132,-0.022411710946744205,-0.031949813393507116,81.77649258090898,65.74679556060248,-10904900.0,3.238912228641079,0.0,12.105518432106258,17.990438638905566,-2.072061604576048,0.03446820120805868,32630222.5020967
55.59838180122184,4.206491022938479,1.8514106392631788,-0.5076114325095586,2.3590220717727375,66.93869501131434,58.3430499646749,18234400.0,3.5321194384364154,0.0,41.69437154587007,60.1604141106626,-0.861060533863571,0.12463530484804897,7402843.622981794
65.74449463475372,12.418497700092416,2.78469809962985,-0.2467308155819996,3.0314289152118494,85.76133094610634,64.05487097996904,1208900.0,9.018550824034616,0.0,16.181289702171963,84.00529193398269,0.6224986765320591,0.25730452933485315,2321079.6914130016
51.607861204087364,4.321495555654735,0.2925377693360076,-0.11096257185327629,0.4035003411892839,65.74073965057862,57.47813747222616,-6696000.0,2.9968247790868157,0.0,12.845515597216622,42.047636758326576,-5.333195933257763,0.04408059449096639,11505897.589191187
68.65170010986134,28.45163848649952,13.038589707973529,-0.28450527281520266,13.323094980788731,75.9000010895897,68.93621318861132,792207900.0,16.0579196363809,0.0,40.56343433777605,96.58185896516294,6.833892918171748,0.17445775966006422,993466018.0354024
57.00512817815122,7.816318312937113,2.10858209307537,-0.7773188196057745,2.8859009126811443,64.39627137412297,46.31581201668672,48375400.0,5.768827909154945,0.0,23.558933875588252,49.30994347162093,-2.1519676500694227,0.17771175755349228,35859363.92984053
13.997497061903523,9.457312549281596,-32.444485561554075,-14.334019110434582,-18.110466451119493,1.5628105030355541,5.128553593590923,713600.0,57.84856887885347,0.0,17.40199095433431,-159.21592569855557,-11.54035672078683,0.011209492770661683,499479.5994232777
47.28678115947277,1.7402146986942313,0.288014378482643,-0.225025554153504,0.513039932636147,54.520466626115926,43.54036384438255,10720500.0,1.8543567136822394,0.0,18.275262429293647,27.42810998593239,-3.3063236935284444,-0.07878344163621516,-400795.6919483431
44.780543614941394,11.69806273981402,-4.5986583196309425,0.30712145283601266,-4.905779772466955,52.1363691850142,38.788100430464674,-28160500.0,13.160344142567865,0.0,25.042551332579983,-71.84245676876402,-6.252478508212319,-0.0008493688938697097,-2167856.9922022633
31.6279488023399,2.72325342647099,-0.8537364793963604,-0.6418911099943331,-0.21184536940202733,16.08914303411887,17.012931550316345,45210600.0,2.682233006519766,0.0,19.45121409545618,-87.44692805274151,-3.2028542210729447,0.016049567554981093,11233805.593266781
41.446359452468485,1.1592999308984986,-1.0104343033851535,-0.1804156259882106,-0.8300186773969429,50.0,40.70663271692502,11603400.0,4.183987654422787,0.0,14.79043551740429,-103.67307486486087,-3.4472266027643013,-0.04012737783478275,4474892.840478169
29.292193034230536,0.8003292644693119,-0.5240558895378129,-0.1632777546758315,-0.3607781348619814,16.741107380357224,23.597433186751427,-3892800.0,1.3705476449172371,0.0,17.661480813173903,-115.20972891986511,-5.78283022530888,0.09428426870611306,20002270.199797772
68.50583580179962,14.920558999220304,8.061070012755124,-0.8187277054489783,8.879797718204102,80.27949597580894,70.78761246304663,15683100.0,9.611168275218928,0.0,46.239873049304165,100.74175838548027,2.6240328661306456,0.25283831840049314,11842825.625586191
73.07202783833137,78.64743483698476,13.565537275414727,3.1885013539557967,10.37703592145893,86.00856351371858,83.52262597044998,4012100.0,36.132843263562386,0.0,11.586648673028645,141.19216858499306,3.1557276803562098,-0.03674086449424865,475379.63987999497
58.68902778596391,9.570780163178654,1.8957600889470996,-0.05630062951019443,1.952060718457294,68.35601090937897,69.44895698145692,425300.0,5.070434959554045,0.0,10.651235324185857,105.34091034328236,3.2953269010502253,0.18591649028629995,5978740.947611107
61.20566353000221,1.3589738622481633,1.0830084666741584,-0.21943781579898913,1.3024462824731475,73.40065350746498,65.97015899469271,10733900.0,1.7203756002971562,0.0,32.108782050253126,64.17266631518096,0.3649152789199561,0.23362626536565784,12144158.972662527
39.15816348598638,1.1054223648577803,-0.026671276616148987,-0.14329547076686036,0.11662419415071137,51.69081413391616,46.73334973112682,-23106800.0,1.0221859515843277,0.0,21.997272265933834,-4.774618557449754,-4.860939288283556,0.11913448551855096,55187555.614424616
60.36263177152985,10.211942928440067,3.318243788457039,-0.17904757066561716,3.497291359122656,67.94000371877776,63.41794241112073,-109300.0,12.903639888804774,0.0,11.398948310616566,93.12827995601636,1.028535924801418,0.17542127207550864,950868.7663348899
37.83552344297606,1.5246499034346144,-0.4082310984599431,0.042650779299942765,-0.45088187775988586,28.38990721882779,37.57066347697712,-7226000.0,1.1614244654363286,0.0,33.76166568126134,-51.77089931444469,0.0,0.007886284507317818,191097.98790695495
45.175277076378265,1.3831437579951995,0.19951180734223328,-0.14484658522671678,0.34435839256895007,53.12496895594625,47.1749297032315,20824200.0,0.9816036957219325,0.0,37.85948565442658,30.3470016151757,-2.569302269757824,0.21462926503203322,59674167.086016364
45.21683642859133,-2.2179846361030826,0.7257541306161954,-0.4528451752773477,1.1785993058935431,35.94478714184508,28.165196499886406,67370700.0,2.8916217436151266,0.0,36.80873162225333,36.5986137721617,-3.7723495839767414,0.17514137849005976,124679750.61493266
47.214819902544086,2.214061129380248,-0.4997980645531612,-0.020675567678289375,-0.47912249687487185,54.75277725803153,29.321022532038313,-6192300.0,0.9289507978266445,0.0,18.424985069974678,-102.14104459347733,-2.304928845136852,0.11403852732309006,-1156272.887246864
60.98237234845208,18.674483650178047,4.829986243623296,0.03610412615798442,4.793882117465311,65.92459485541247,60.11344479357635,1689700.0,11.022636136527028,0.0,34.118405122291186,104.96731414855829,1.1595465278862016,-0.11604898773012833,1924004.669899511
38.03678609790332,3.1583455782008514,-0.01982265124991045,-0.6388735448049947,0.6190508935550842,31.540648675502563,32.114218471091746,-22397000.0,4.456687013188329,0.0,15.636203519164177,11.140305806886422,-2.6593679405120483,0.0747232171762964,7743870.775608478
55.093248595555124,5.190603992405926,0.4878649998805713,-0.00727921525027575,0.49514421513084705,69.802747046647,58.62952300750277,36092400.0,3.8119306265909714,0.0,38.893715034657816,36.391871084565075,-6.174332407183934,-0.1130574426302352,12534390.742672624
48.070168967714885,3.1665433578956765,0.031977721312529184,-0.11129043025062868,0.14326815156315786,53.54591029237899,39.60955688737685,-56818300.0,2.3107978077604043,0.0,14.635283016779503,30.090737432604893,-1.4811809387033537,-0.050994138866774244,-21390490.249492746
57.12578378927852,21.318680020013517,9.096101557521706,-1.8730081169129207,10.969109674434627,69.73386119861824,61.59303004973236,5733100.0,20.77483945761599,0.0,31.374160605506933,62.661389328187106,-1.1136440722353278,0.06726637047643393,4346864.504209243
35.59478563903831,23.253921512732916,-18.801692935299116,3.038360246216797,-21.840053181515913,43.11083176936139,23.85014565351774,-201395900.0,19.29040501625866,0.0,53.324125727297734,-63.693570594235666,-4.261680044691423,0.17572102051147195,52116367.72150718
50.530728293816225,7.371700382381533,1.1045277945964926,-0.5264596765716547,1.6309874711681474,56.22385163920425,46.363132634952585,-876300.0,5.900784453965054,0.0,19.537888618965862,48.910563367679,-0.9262625780596604,0.09106871873655221,2615161.5091794003
38.21675029652922,3.534044512415875,1.0219799114494208,-0.7685135724158998,1.7904934838653206,21.10395923720868,40.35835519730557,-25600.0,4.149424058432852,0.0,22.014869018065248,29.118642105245215,-5.257336405589788,0.0790739127249883,2264550.0306684733
45.48004081798354,1.03022389831699,-0.3688791523717754,0.08665980879140878,-0.45553896116318415,60.64793229630258,61.334724813906526,25182100.0,1.335685724591915,0.0,32.246252484861515,-64.05873335925176,0.31161880226114425,0.0027808023043352295,1317997.1835996022
52.14085700293591,1.7604061195849852,0.8969443034735889,-0.24239500093044275,1.1393393044040316,54.618545266247715,50.414687198571876,7279200.0,1.983855378310497,0.0,18.866900074231914,62.17727682444755,0.5087303104543329,0.1619962468113773,5336329.776690162
17.238736246330138,0.05464355191168124,-1.5660427400298431,-1.4953041466968253,-0.07073859333301791,22.146626346298817,23.648974868949626,5917900.0,5.974390008723996,0.0,30.07287641099889,-238.38226947813644,-2.2018712229307145,0.06716495816357662,3814106.6460740757
74.29375317144803,11.232495120404337,3.6427237091921825,-0.11559949416713611,3.7583232033593186,76.43306159103368,79.40700449398348,-1400100.0,5.577985375356666,0.0,26.46562397118706,102.98994821378635,4.771689419163181,0.29082475979555844,5954101.917740251
39.200156563133085,0.9260871493449656,-0.04681098140693507,-0.056623654732086984,0.009812673325151913,19.708077975814245,28.265599324850076,63308000.0,0.7755365927299738,0.0,22.02805332522706,-52.61967310367286,1.1254385112860474,-0.03535970705756164,19491622.6477574
58.09690070297541,23.79647961801112,-2.4815632243964387,2.014560875779811,-4.4961241001762495,72.98635849108928,68.30870025360431,-8196500.0,13.113580781545911,0.0,33.679902711119745,-9.38865232578533,3.0324088202582464,0.04217504125298781,9282182.829505982
55.38449942508902,0.6378864267621687,0.015466260834354983,-0.0008646071910730496,0.016330868025428033,73.83453607482417,53.62435192409051,102216200.0,0.30502317262974993,0.0,16.958529362087653,6.83693137968054,-0.8759130353154957,-0.05912718924855324,6369767.033616158
46.88064877344068,0.7311404045958234,-0.047636756442809514,0.0028625793194803004,-0.050499335762289814,53.608332563183424,52.7783530307265,-46952400.0,0.5391583733719404,0.0,11.766352766655977,-24.401521495954423,0.5420920694683606,-0.0510366099077139,-3314803.447052527
54.47895308558546,10.530295305616676,1.7625484008377725,-0.7206272654977379,2.4831756663355105,54.53896701129173,35.50097672141258,30124500.0,6.432337160946589,0.0,27.177678947509953,52.389841500339585,1.0080294800443805,0.0822358998723765,17365266.4839812
71.15938006213266,10.223686915878318,5.153312157038499,-0.009273369826859224,5.162585526865358,79.07636853445223,88.70174761605335,81567600.0,6.769331729737,0.0,28.17583455289342,116.2876845858262,4.748387490549395,0.3047125881292856,61244326.8860811
28.542897671615464,2.6392782842605698,0.28680696074007983,-1.2757498687389133,1.562556829478993,9.855513678087569,24.543478661688948,3025700.0,6.124183833751504,0.0,36.910180049844875,-89.44266084165808,-2.0796142822035444,-0.008129431240656609,6769232.371871972
52.64173692731504,2.633389538173091,0.38573750171784127,-0.012040330287629741,0.397777832005471,59.7787193310905,73.56312009614864,16446400.0,1.369169839719647,0.0,10.545979575238215,104.97076648428174,2.2460945919322346,0.21022995979475886,11068182.269391786
51.63399555355292,21.30829345323218,7.421950875646189,-2.0886924198294565,9.510643295475646,50.32499273390229,42.80270620613542,888000.0,19.865285049641866,0.0,26.73168315553447,68.7433514235675,1.3775765957244654,0.0549909408284061,1652589.6902859583
51.25560300475572,3.4204709306396808,1.8010520419893226,-0.624012707514634,2.4250647495039566,67.14079623959142,56.08333840561088,7714800.0,4.49143619011308,0.0,33.75128993220407,51.271519004645135,-1.1121763581412478,0.1973411276459533,5152576.475337403
47.30917078737099,0.11611305910191128,0.014882582736378325,-0.00937606942272353,0.024258652159101855,47.368104041078354,50.9866603465313,-17448300.0,0.12627413319544414,0.0,18.741731029878107,40.258527996506736,-1.5831161564425147,0.23934809305054322,75341639.1389937
53.965616626598184,1.5771813102669228,0.13483937661139578,-0.003705068044590115,0.1385444446559859,69.13578211941893,57.251181143731856,168464500.0,2.100735590482595,0.0,12.062899817912362,26.724804857450387,1.4184403935233536,0.18912327600456258,123677512.15277377
58.29286387450624,2.3368199612063165,2.1935303197838607,-0.542650678239109,2.7361809980229697,66.66660478999677,54.83404564664965,45583500.0,2.698167374654679,0.0,42.72966781934039,56.77597988091981,0.1256952712342981,0.27727038089573325,51742818.151426986
85.14842583697177,1.4226655769109549,0.2178397803553569,0.0742431051747581,0.1435966751805988,91.53848918936961,71.25356610988213,398391900.0,0.44077760778410374,0.0,19.855749644492665,198.44812468110112,9.150328155373694,0.25777607644186257,74298503.76602691
70.93878252554148,14.227463370370913,2.050032562305745,0.42462731082606187,1.625405251479683,81.92752534131202,90.92495338779695,11225900.0,3.911661273414671,0.0,18.241000035518958,108.23627474696887,6.641779246949477,0.1996568103279875,13554130.692419894
52.9774005835998,13.782450114062556,1.2715073559239727,-0.10390778939862377,1.3754151453225965,69.39171318551256,57.01286800565799,-244800.0,12.150175709982932,0.0,9.377109241839626,58.07221148834191,-1.2339125428507969,0.10757961256558939,1433715.8180292582
40.65657699785124,3.085746388242299,-0.006400667676061289,-0.036337855028671026,0.029937187352609734,17.97111000048651,54.34432323818937,-11926000.0,1.9691956394643848,0.0,14.417490073206407,-21.94181880259618,2.5646052183848886,0.08821557089688103,3173503.354038924
45.49173643135188,2.436555433650611,0.08836946378971788,-0.199166962284629,0.2875364260743469,56.65647838020418,43.30734859723608,79777400.0,1.7099271836045957,0.0,25.352767065338682,-1.9805504755349255,-2.9740683910631565,0.12260803561398967,96135970.06705755
63.44219695563523,9.334452206019478,0.9805996830797312,0.30932828255234723,0.671271400527384,77.5728951809488,71.04255429610994,16519200.0,3.2344255238458834,0.0,12.688898394678002,89.16303145315682,4.902839574003227,0.19734612546426736,8721397.955694009
51.56561101811284,6.951528392245194,-0.745207287483538,-0.005028638875329228,-0.7401786486082088,53.83531665496217,39.36193668976784,-923600.0,6.543765414696855,0.0,18.08816917114398,-5.757072360865252,-2.0753211788915107,0.0696405135820816,4851881.281211781
85.34508807477285,4.070788911594796,1.644829634236146,-0.02138475406453244,1.6662143883006784,88.39043970666093,76.08820416176262,125332800.0,1.685601028253702,0.0,48.07343678165837,111.53340307555321,6.814936272136978,0.05099789759129375,651897.2300442355
52.89532640519087,1.1783827605364756,-0.12321970456445186,0.009938944714651676,-0.13315864927910354,85.08770462180937,52.39113379397844,-319200.0,0.6256658436044772,0.0,25.580617335214882,-31.941109317797217,-2.997381522673044,0.06863030568206725,1796327.6259343699
46.69517451927847,7.2267017465201775,-0.011263691203453163,-0.7074130362912716,0.6961493450878184,71.09631983129154,57.032123621347104,9953600.0,7.22002289861477,0.0,29.09837025181566,12.265810027611273,-5.692506188714234,0.03156012239056345,5841495.324492834
78.07495721206611,3.133529988590098,0.4626080260540917,0.2267091097285889,0.23589891632550278,93.15068063648002,91.4007204544187,73727600.0,1.4431709635203596,0.0,14.9079463857961,199.93045680046023,4.3912506465672125,0.2154377457986625,51089569.408725396
53.28873927189204,10.67695637832071,0.43412131979545165,0.09681748624294395,0.3373038335525077,62.46401926804911,61.21705263892738,-4069300.0,6.178406042766396,0.0,26.9566950584444,80.20004666408995,2.235304066780139,0.004824013857198621,-1319487.9856896228
20.642064452829715,10.079265684149277,-4.869765356647463,-3.587058313190803,-1.2827070434566599,7.814591865265374,5.535362490001302,13738500.0,7.88618636055348,0.0,38.0873064251891,-102.3008030187333,-11.154727924850942,-0.05407443500034164,2669900.1243247064
41.0592756261766,2.4381682991346736,0.595610499908247,-0.5810316626413929,1.17664216254964,43.61955034420742,36.43085750134398,14252100.0,2.778479753595073,0.0,35.55498859072108,22.42663943292494,-5.803099775541561,0.20968762376139105,16592256.961998768
33.22630223553219,1.751934620479318,-0.3062729968713711,-0.1707128851693645,-0.1355601117020066,12.359601128977298,24.011122999935864,23596600.0,1.5768054845784165,0.0,13.854523853240787,-80.37783657483617,0.9076310477836222,0.2386348348516654,27448737.846234582
50.89566575628899,1.834087069295009,0.6720020063129795,-0.2836804151361715,0.9556824214491509,56.67582748828565,42.34765796682198,2756800.0,2.367715345278861,0.0,30.331897046590363,46.50918117304511,-1.008428879082482,-0.050234438254426195,2045686.321582689
23.563726890393085,1.8664755545471508,-0.8670237315641032,-0.2873399283495631,-0.57968380321454,7.165139304125353,14.845979253547084,-7615100.0,2.650220339607174,0.0,12.999105068653419,-144.169383653144,-1.2817772878421354,0.05909203269981441,9376005.187859537
52.358968337034,9.328028434279986,4.24874270065709,-1.3882357966949161,5.636978497352006,66.43231366131756,59.292700161811275,2797500.0,9.473374994752916,0.0,28.767602581722688,48.66809492731272,-3.8296239509393457,0.23534852067569687,3369835.2367084487
36.19412362516538,2.6249283120351237,-1.2138665174284426,-0.003825071008528358,-1.2100414464199143,42.47970536925761,49.58002755536294,11767300.0,2.74483402896479,0.0,33.59678850178339,-75.92858591420243,-5.333877384538005,-0.04777157352968618,1124111.8459836731
65.85043692912642,10.76880377657534,1.8980680601873985,0.1112908236459762,1.7867772365414223,79.4482000942888,75.72946471091619,22003500.0,4.114004588219533,0.0,9.529408935973816,121.36490391230824,3.110772470827947,0.10634181899101518,12716451.138494385
