RSI,BB_Dist,MACD_6_13_4,MACDh_6_13_4,MACDs_6_13_4,STOCHk_5_3_1,STOCHd_5_3_1,OBV,ATR,Golden_Cross,ADX,CCI,ROC,CMF,ADL
51.451447299540966,4.7401613703150645,2.377368081575014,-0.5280221533346472,2.905390234909661,29.78731985467945,55.57119227554289,19057900.0,3.9802990037046535,0.0,16.963285606310844,59.634432964128855,6.136625027910987,0.22731370744435206,-650063.3215673305
34.76850365515281,0.31895710113764153,0.08899253246531202,-0.37525818139412276,0.4642507138594348,23.863697446061067,29.631749988296928,359600.0,1.5859713256413048,0.0,18.104279552822995,-53.453764019967586,-0.9410371556325762,0.003628251851943628,217468.2713228875
38.083991131048,3.2306021659901774,0.37413398167740297,-0.24502955818474914,0.6191635398621521,6.60003662109375,51.91032281223141,33560800.0,2.8282821928348523,0.0,12.978370951631891,-8.99993282963462,-1.8656716417910448,0.09248551200835382,5646012.08981788
42.678775698018136,5.887924306793366,-1.1851735040791596,-0.07014311535178863,-1.115030388727371,39.82597019361413,56.672194376680615,-1025300.0,5.776145418921532,0.0,25.751828422804596,-86.27667760995551,-1.6381121429718428,0.19325917549345784,44566722.5046053
47.67949313107571,-0.7926912047731207,3.045867045282762,-1.0264053465128722,4.072272391795634,51.18061188677096,60.13421966089334,15628900.0,6.837274424735404,0.0,23.785192187861284,56.95761654128289,2.4507922832657205,0.20534918114205644,10283649.549355388
71.58518242775537,24.400190310973812,9.380531128744224,-0.6959990866722272,10.07653021541645,20.84468283059264,55.5459129593903,4648000.0,9.048476155853153,0.0,33.90113074283674,100.8272496767406,7.901246675563621,0.12522304605040227,4831090.823813474
46.321826521473014,6.295793570767671,2.684865271595669,-0.8908453652280999,3.5757106368237688,1.3105964628794324,9.52479064811338,89289900.0,4.629514687576282,0.0,26.419988550352528,51.99982126894926,8.859392730184542,-0.1428677068180669,-77806254.94288898
16.25147327374288,0.37130797764837276,-0.2222153807370173,-0.2842454116155061,0.062030030878488795,5.573772644682547,3.7546486144162023,-141280500.0,0.5546520077515003,0.0,34.67969641868536,-94.23694423955719,-10.998148003206884,-0.00932631532504633,-59147845.34076603
25.4240681072898,0.15511817058855115,-0.6638024108022051,-0.2187025418788091,-0.44509986892339604,10.186123921399966,22.231811618127637,-1703500.0,2.169819806993419,0.0,31.59457823463702,-162.74546315998668,-3.089660167475881,-0.06737681782102756,770314.5040671623
39.972977540875476,1.8088975068662876,0.3571896795936027,-0.5432101578471862,0.9003998374407889,27.714742170903435,33.609797777334286,-6530900.0,3.580537366035158,0.0,16.51120879084811,-7.328839910426327,0.9015670510094174,0.1591616723086436,-2784070.0592955137
34.77929345206335,2.35596625328526,-0.10165170122195377,-0.7746864088948769,0.6730347076729232,27.387944640177093,33.21229118847625,3471800.0,6.807278175817113,0.0,24.803757994656166,-70.49445632906102,-0.1483549889967409,0.14910292579301385,2194434.019834522
30.50770943446719,1.9182022946303618,0.6049183256858441,-1.2878858893412983,1.8928042150271425,13.669063431948333,9.074201654129043,6891400.0,4.371750027013377,0.0,17.655012745169508,-13.91367048179414,0.9969160078448938,0.23408238567055695,38533063.034526445
41.475068375596955,0.14430526446558645,-0.7478767930289223,-0.05875554777748504,-0.6891212452514373,32.59271817912092,44.443299704682715,-14468800.0,2.4567202630454075,0.0,19.834992765549238,-85.91621338563928,-9.784644629527898,0.0643894204700981,3683109.8322630795
41.67479391127378,1.3540692365285736,-0.33283216890242073,-0.2891001611514788,-0.04373200775094192,46.41508374701212,27.88325469123754,-13856700.0,3.04443759506627,0.0,14.541016388752805,-90.7925261119067,0.8704735584159735,0.04653811769601756,-10667544.83396605
25.734950153148326,-0.18034262061158302,-1.3331734619648898,-0.287302932216575,-1.0458705297483148,16.23192027395049,21.597294501729433,-2137900.0,2.584375461263218,0.0,33.350769815523165,-206.91447577882025,-6.893746319378931,-0.04205473888465102,-9157147.009337168
24.29447839775822,-0.35172087132838215,-1.4254610734032553,-1.7574702884792934,0.332009215076038,17.49605541443327,9.335172590089211,-6955500.0,7.118301957146067,0.0,25.433375778848156,-137.67703142977254,-4.598459294882499,-0.2759262160139412,-1773960.422054691
41.93473646723641,1.025719901331371,0.9254252895999002,-0.4780849911117706,1.4035102807116708,23.277488577208974,35.15936400015429,-1171900.0,2.8362782337510377,0.0,36.99956835722094,9.454519490019646,0.5109652984110545,-0.15536386234504515,-2040977.214268253
40.635273806858415,2.391263100600831,0.24721474489567186,-0.0929489756590981,0.34016372055476995,23.09858791697068,48.20276834899139,21796400.0,1.3843926541584033,0.0,17.42552182250121,-11.339196957799334,0.16363684032455203,0.22551637536113686,8504704.466582987
37.35431522460444,4.523798850029237,1.2041776117303584,-0.600613545790861,1.8047911575212194,19.842885322173526,48.63114546338264,2863400.0,4.322635658644443,0.0,14.384763622334205,22.733064310393527,-0.04934895229305069,0.309641779982821,5240495.238529044
74.79577049622546,14.986368469538746,2.8527630489583657,0.5120821482351876,2.340680900723178,57.462114336320184,53.26767821771299,199411500.0,5.85599625057131,0.0,16.609087691012636,181.93993554077335,10.753173754961727,-0.10294864502469091,-108273532.59320858
74.18471568773654,14.638957449526941,2.735989027040489,0.5131387228269242,2.2228503042135648,55.65966435089688,53.0032121328833,121946400.0,5.831951872729819,0.0,16.32827327753568,178.78971206819435,10.420543003235354,-0.128029783934351,-94937916.75283435
56.36536309523904,3.909613921664146,0.22269506522410154,0.09729165704667178,0.12540340817742976,60.69643904355401,79.16157813763532,45346800.0,1.1032578384877685,0.0,13.426685809324798,20.91194478907943,-1.8211957964058227,0.08472664563331013,38730447.377420835
52.743117628232596,6.036266313249257,2.673543165836861,-0.9485136845103384,3.6220568503471995,44.77179262455336,28.883302308053377,-98131600.0,6.53086461142668,0.0,18.877855580516027,50.80542685354647,5.737195005940108,0.12041313982892687,131705867.02516887
27.927612549295063,-0.03185537096830515,-0.03812266877357473,-0.02579527138132144,-0.012327397392253287,11.999893188476562,24.27778080654116,-454711700.0,0.20652648299117798,0.0,14.520805369087459,-145.58465316486388,-1.52672128852735,-0.168596506640905,35842908.581034735
32.52927529479727,2.6753829329608294,-0.37945910047483267,-0.12240880212282018,-0.2570502983520125,19.417469975008185,43.61004937834889,13283600.0,1.9432536970748564,0.0,34.47886582440993,-118.41660922893327,-2.3341510771638116,0.06679135502403485,-1567618.7232123762
38.87065808257411,4.4986445375928525,-0.49860240510463427,0.0952842751865981,-0.5938866802912324,26.28409028046689,63.99090886069058,-18176700.0,2.0940082576443744,0.0,15.367340624095394,-68.83736439581752,-2.359484974169019,0.11456794398991559,11546419.981976235
35.11542672102004,2.62455013066932,2.6125362301505106,-2.177137949568829,4.78967417971934,12.72609807231089,13.034676710871663,13531400.0,7.6270687260302426,0.0,23.218332653728726,19.747555809229606,1.2409183417570642,0.13636001807687792,14734143.961710202
34.48482206504271,0.16821796073966766,0.06686810844701085,-0.19625946344889128,0.26312757189590213,19.49669992730483,43.56069630888121,14250000.0,1.7137757522357746,0.0,11.068590608665495,-39.99372664384608,0.24443528353476507,0.02228000140747945,-6796715.3286848515
37.2162121653501,9.831771554864929,-1.0258257693355688,0.08573073288918498,-1.1115565022247538,16.021341960298574,62.814221685553946,240400.0,5.388472275944454,0.0,14.14281685157519,-49.61540451960557,-3.492748503675051,0.0691165862348789,-9601623.77177026
47.575112049455896,10.949571912717914,-0.14865997816662002,0.29081653540751085,-0.43947651357413087,34.88381995997218,73.09982331842444,-5892800.0,3.419035260465853,0.0,12.395706962363116,-25.388861593838204,-1.8553795894098242,0.1483298727089873,-929826.4600775294
41.99084863094017,7.221901272212847,6.366488965282031,-2.517094773054115,8.883583738336146,7.5934398296059635,15.852301973382348,3395900.0,11.99901429588414,0.0,19.488726883412284,47.50713680993379,3.9284236104454244,0.07644422197418213,837662.2828653636
51.08957321748456,4.1269770032050985,2.110685360724233,-0.65094645542717,2.761631816151403,38.26440469007071,31.96730779695982,10119800.0,3.675052081219028,0.0,22.055375652832353,50.44340984664697,4.06247343030228,0.08743813078069736,7518113.287048061
49.99463645958472,11.115674428665159,-0.5037539201463801,0.45387569085019375,-0.9576296109965738,45.4742713373846,65.97442164273879,-14539400.0,7.547045886060783,0.0,41.88235224638407,-32.20942987995275,0.8281160190814335,0.1436106135533914,12421815.42888783
56.78055414909889,3.442845649889378,1.7940784640909015,-0.42932525274950395,2.2234037168404055,19.67224904319984,42.85387893469805,53502100.0,2.1193916010907214,0.0,43.980494872076086,67.02112870179873,5.807893024112787,0.2656137623653342,55083080.288133994
27.899502164923508,1.314582859826345,3.755480362639645,-2.15721014556867,5.912690508208315,3.40838276417056,17.528763745562554,-3246800.0,7.2639840395380535,0.0,30.349778162637893,33.71214004396797,4.512276334730187,0.018901846107371684,2019468.4390148018
56.888288450862674,5.668563870129276,4.257755845890642,-1.01918645024615,5.276942296136792,51.92038739197568,47.99155802807622,941600.0,7.176365465524114,0.0,21.858286815685517,64.22681964539164,2.7507792954596013,0.32309691614492986,2652591.3619954805
38.712113105534215,7.012807030151464,0.07927486098918735,-0.31451791806487356,0.3937927790540609,19.839347782391496,48.039744885207625,-2104700.0,7.777301509262348,0.0,35.81138596284021,14.271635062725275,-0.4984455356364587,0.19378883255107368,7432569.678024853
36.38032254048117,0.5667956594266315,0.05565473261943055,-0.13146478557947744,0.18711951819890799,33.90805920674018,18.524851933791137,-22522500.0,0.8010366299432926,0.0,14.719217752104539,-12.401377911622935,3.461059674784097,0.08618714616927527,-10330479.442769442
22.96568940161312,2.599611581804112,-0.6907380899108091,-1.4833248693932113,0.7925867794824022,9.048197120670242,6.205453468883198,-16291400.0,5.220885960780501,0.0,15.331877066339327,-90.13685756439507,-1.4378308873575736,0.005092509555313389,3265033.951511734
26.816458046771082,-2.392904460243642,-0.6398302211302109,-0.977413776501133,0.3375835553709221,12.898230954094439,17.007665847784093,-240801500.0,6.212321799879146,0.0,11.75542222667731,-65.13979867791899,2.0932935832374975,0.1824282036877239,236274458.48398757
35.55260513213053,3.0197917433158636,1.4975037165200433,-1.3532895251241066,2.85079324164415,2.755682036232353,10.970364479119349,-3910600.0,5.607552435407375,0.0,18.346309053528493,21.61837698476362,3.190033338149596,0.12203387754552063,16968081.54442985
60.38485437935017,2.6853634279703584,1.791721040190069,-0.42831516747731957,2.2200362076673885,27.22530237908831,21.52666747333973,-4772000.0,2.0270242659280835,0.0,46.17391870560201,64.39972541521036,9.589266162368396,0.2590690679398146,18900257.897886883
35.850489325245626,1.0664045659937358,-0.010520205523050663,-0.23856198886428173,0.22804178334123107,18.12077673150808,42.463036091851876,-2779300.0,2.223761595376749,0.0,19.658592252514516,-32.178974975537464,-2.7389978899753498,0.14449622764407324,5353177.175277658
36.50620373080664,0.4333480682083035,0.1447808420318779,-0.18755254218164036,0.33233338421351827,19.649793912027146,44.51876530906361,9275100.0,1.2837310374214725,0.0,22.282057268641783,-26.430126231758194,1.5778614948923546,0.0748198041282822,14252208.718553381
42.74569535553513,3.422428179797521,1.7502708096785966,-0.8260532599220829,2.5763240696006795,21.090836958451703,20.398267702102878,89386700.0,3.810255350771939,0.0,22.305494493958626,38.220849020167435,6.061649042068153,0.32104631486147195,61889774.225828215
43.24761815027233,9.9470965487248,1.438771630938902,-0.5679283335984513,2.0066999645373533,16.651625425898516,48.07206030912922,891400.0,7.581812214817115,0.0,14.703437430895464,37.46978270585559,-0.8833841178218166,0.20264519618409738,7770251.239420709
32.33345744763462,5.438693807674156,-0.48161343534820844,-0.9924936338431074,0.510880198494899,18.320052328484994,26.28163247772102,-1647100.0,5.281540243713995,0.0,18.214348176095054,-76.71372251400088,-0.9493461749275702,0.16317765949749158,1250162.4836099115
42.31375007644177,1.1472742542368515,0.02347782686641864,-0.017653516253411244,0.04113134311982988,9.649014201389354,45.85627768611059,323617600.0,0.6486931781926815,0.0,16.523507161225584,-9.063586463614227,-0.8736795672269587,0.046767121560150324,35234965.13073769
36.660774361288766,5.627864584316313,-0.46444419310688545,-0.11303003444735765,-0.3514141586595278,18.668720987262883,54.85957563271194,8418300.0,3.215976477818975,0.0,10.04584206684358,-88.15385512876645,-3.696128194646318,0.14017832194167282,5990700.032008212
59.815906777187976,6.29423338566113,3.6156422043761722,-0.8889362588304479,4.50457846320662,49.922158796056046,42.550679583262315,2355700.0,6.091233316058574,0.0,30.89272788720465,64.19976040680044,1.857608236142541,0.11446329121377065,4710456.532407349
80.26488766397568,17.72327658182627,5.193389963779907,-0.035930478296783974,5.229320442076691,78.31702105945833,89.56783784429588,10660900.0,5.405144835489985,0.0,26.95676520059596,120.71290152486787,4.741280319197831,0.48012061365074105,14685911.131523581
73.59804295086552,257.54063076415423,49.21236913087023,6.718822276029215,42.493546854841014,68.82679067647028,82.25045214127171,1504000.0,77.53124038610989,0.0,15.425479792857532,133.6763176213976,5.0213218525436405,0.2511115359234592,546033.6245561233
27.01906031885867,-1.0333806338196894,-1.2056709903635294,-0.6591488952972044,-0.546522095066325,13.425893875152058,35.430380050646555,-7161000.0,4.4959456443220125,0.0,10.807089981290666,-211.89000867196432,-2.245045931232081,0.11540702838231287,1705440.2106018956
49.00500727773601,2.958395968121323,1.829654301519156,-0.5076486382658638,2.33730293978502,31.30440090013587,43.10285243301761,-2216600.0,3.852708255745593,0.0,22.728241557483585,51.88838863328764,4.207605247675751,0.22747053840654363,5975485.043549574
57.37551276123103,44.833285537531424,24.07043913316727,-4.395714075778155,28.466153208945425,9.729773719031531,51.761227925356174,7083800.0,22.846165801803778,0.0,28.267086252099837,72.47574936702019,5.375417787735794,0.23309790769894229,4556684.607788826
29.927419974310844,0.4955884130019328,-0.05763752923507326,-0.13020146626421575,0.07256393702914249,28.464376132265787,18.09161541503136,-31680000.0,1.1305680546935053,0.0,16.370313747782067,-31.200349137927404,0.9379314554148707,0.028677459654974233,4367198.873786579
48.82168332993368,-0.32504181268669896,0.5999067975237296,-0.11533157855345699,0.7152383760771865,46.78900527408071,69.74351785825013,9354400.0,1.2911678439149616,0.0,29.801460847926226,51.67272447685854,2.974123120572726,0.0631747906742282,15410481.457896192
42.55465138096048,1.1279728382280894,0.6132423895857926,-0.25559081340297296,0.8688332029887655,16.055148615685052,30.224912200343322,556486500.0,1.1090100821203506,0.0,26.02523367364658,41.83497728925439,4.1105840430107135,0.13275076871671262,102355835.78360939
34.30608000807177,0.15069869954165327,-0.02808804582604907,-0.12863557766974,0.10054753184369093,12.269977416070864,40.43532831478454,-6207700.0,0.9884699649077546,0.0,21.617957241060196,-99.05142187847017,-2.9807701360074033,-0.14993589187737075,-13511096.803016206
38.89666636104424,3.518204037495053,-1.8907737773670874,0.4397284068602101,-2.3305021842272975,23.35411689016763,55.724332857319745,-38051100.0,5.3316241817135035,0.0,40.775705617058904,-37.591075685896925,2.596011128059265,-0.027735142697761717,-11080533.490689961
29.80304687430751,1.832060128916794,-3.567817847444985,-0.1970590816167297,-3.3707587658282554,7.955453221183215,35.51302182604517,-82500.0,9.631477653563833,0.0,28.160657699892273,-96.60475018419363,-1.8860190308390161,-0.0077959951787040125,11339.610707354965
45.390987382723665,1.2164954102922678,0.5180720834015631,-0.38531140749287707,0.9033834908944401,29.251747755727674,17.499156697646555,31597300.0,2.4215300705867477,0.0,25.285532455938547,20.680703188778054,1.930285224185731,-0.036456064508879095,-2580006.3298025364
37.37933539680059,1.4911396040725862,-0.7176272456611557,-0.1808283834877007,-0.536798862173455,32.81655835354861,36.28238098970329,8090800.0,2.4300901723789337,0.0,23.075842115603333,-140.3802689040075,-4.786761298703352,0.014495761522334165,-1983878.0468858057
54.32672787686281,8.14784911888222,1.8479277485330527,-0.028211579396731246,1.876139327929784,44.290673577409265,67.79004280795351,-8515300.0,3.7987743431799075,0.0,20.26434893754694,95.5689863554089,6.681310670570875,0.23383916959461748,99066.07376448535
48.64159166766937,33.24464503275158,13.27032035925447,-3.0918920694233734,16.362212428677843,12.665158495370159,42.45898732382313,152800.0,21.63209284813623,0.0,17.517588457104782,61.58503207269714,4.4430574942697385,0.03971501090166879,667555.0058387714
23.658596468775357,0.6689428157151838,0.044636285455396774,-1.3423802786517471,1.387016564107144,10.388480641694139,12.54273831595706,-54102300.0,5.031312680149943,0.0,15.451212124005755,-34.46207359168804,-2.059942016382271,-0.011101167310014304,2893432.624484109
64.5542792844065,3.1438006765699384,1.6479922643954126,-0.2890627361918632,1.9370550005872758,30.952476103629053,50.951720969611756,62704200.0,1.842013908191334,0.0,30.598442226540655,74.81194163224409,4.3040939241822,0.1243825571747105,2902431.8925225493
58.32734419265166,6.371885640660992,4.598954606078564,-1.004603253235496,5.60355785931406,23.042837373049824,36.801177233629275,123233200.0,5.300565887174665,0.0,36.947013363598074,68.40481588566135,6.108506468588425,0.0975882511325303,12687782.635475619
65.98546368896925,236.72574991026522,73.2603214916162,-7.237050735634597,80.49737222725079,76.0506834587621,63.41831579405158,912100.0,127.50115922503444,0.0,28.548826950273007,94.85677231624481,3.419765782830849,0.2135947145200318,1811186.1976476894
45.790838014470765,2.9454281170053065,0.7097735943660552,-0.19330299675562945,0.9030765911216847,26.64758952520653,55.25606831640823,47407300.0,2.106551079826257,0.0,30.319434648473166,28.935109141803377,1.1714581021857267,0.2379072327082939,33584512.83261473
49.421413989603245,2.2978041421664557,-0.30263817279099214,0.15432198818979476,-0.4569601609807869,50.0,69.34420871895456,-23098700.0,1.506638566677031,0.0,43.852880245343776,-46.621310664156375,0.31996098072544504,0.10862805707161344,57942856.46053234
70.82205788325516,15.34450717494326,7.182274424742928,-1.1498849236712907,8.33215934841422,59.93286130062285,64.29301530571938,132651000.0,8.15967384166247,0.0,32.07120395805276,80.64668293315111,10.954417884590033,0.2853869755923649,149838883.79053167
40.3111977534093,2.031510737410713,0.9084089977678502,-0.35380212557538115,1.2622111233432314,19.01623187390718,48.181203741334635,2972200.0,4.801361098409145,0.0,10.624826325220852,18.486159724917815,0.8644039348020391,0.13542961410930074,2221353.7309720186
41.98764464594634,2.528158050190484,-0.19565386468765666,0.05518796544477034,-0.250841830132427,18.592931109177137,55.29163234077813,1476700.0,2.5167468550811756,0.0,38.00890519203322,-12.607043212263836,-0.8526818917932905,0.14915691677122586,10270895.786198616
29.190796255425777,-0.13431223530380976,0.003562683683938417,-0.15251861793861402,0.15608130162255243,8.018785594112408,23.834208557408413,-3373300.0,0.8582571507403487,0.0,22.039448682732957,-70.92098759414482,-1.5530655979809422,-0.07138081310303473,-9817185.591467688
34.209355655508595,1.833118803322023,-1.45299731525364,-0.891597200980457,-0.5614001142731829,17.08577535954639,7.208076226979808,-8025700.0,4.911730574507627,0.0,18.07269991449815,-96.56495310335758,-1.1074127670056264,-0.12212101530801937,-4237915.587584505
35.43824336460982,1.6705051672195879,0.050570771198934494,-0.3155220418345055,0.36609281303344,24.94492687231792,32.678761505730044,1318800.0,2.298499255473146,0.0,13.554594469422787,-59.218540843395274,2.889313039871392,-0.027189896842123827,6620229.6355741415
30.36252691693286,0.8616393580868547,0.11856201500265229,-0.31173293079264336,0.43029494579529565,15.990961578115334,30.678222336380102,-1296800.0,1.8553837061580911,0.0,12.855047394051352,-47.54880336810713,1.7154490434139438,0.04020405543886016,6232223.766090629
45.5211810104665,4.85445741506912,1.5366066444165796,-0.4117996938044599,1.9484063382210395,19.611197155285247,34.14413121465382,3337400.0,2.5178400535429595,0.0,25.015627530549164,48.16703268082294,7.747259064696549,0.15357225936047184,5779532.174858601
52.317593621138286,7.567706403304385,4.718369800541382,-1.2948454000051015,6.013215200546483,31.15690489923619,45.44925627783774,10536700.0,7.998279795973283,0.0,39.53726991129355,59.42155456741606,2.815305126737238,0.10623590224039252,10648259.587748231
28.076010069692803,0.3750402944817175,0.028699083120049096,-0.3127475097683639,0.341446592888413,23.513905756312894,15.79721521519349,-37044700.0,1.2092254488478846,0.0,31.21879908262759,-53.55111267806224,0.1437330781063722,0.0781824869359656,23566394.116001245
27.61742121470733,-1.159619348920657,-0.31407869798030674,-0.48345480912075917,0.16937611114045242,11.308631688967333,31.4089845211232,-4165500.0,2.5403772121123027,0.0,13.419941622724012,-79.65399232328627,-2.6300079956367837,0.09801821707430713,500032.9816518285
28.78405133441315,-0.34059254024231933,-0.39860036197535464,-0.07052286436008182,-0.32807749761527283,15.418599922361684,32.399772482050594,-11035000.0,0.8381685780669228,0.0,30.167198116232807,-221.88823169535226,-4.131537788230491,-0.03724268762344388,-11196336.954780899
34.11239804166299,0.5697100122112602,0.7251501329850498,-1.4631314215406337,2.1882815545256835,18.11023556681653,16.27376863131651,14856200.0,6.501007716662095,0.0,24.378706261613544,-21.843699234005662,-0.49604367846824865,-0.061162844984401124,680805.991280497
55.423465661262604,6.524768820227251,2.0695604780629253,-0.30724630283890475,2.37680678090183,23.892194794961956,55.87048387561931,21588500.0,3.3964064120744397,0.0,23.31220697866337,68.53526696184785,3.54451080957784,0.30518585981680385,23309020.721959133
20.86783945705901,-0.5446411969658698,-0.8309247541614297,-0.48563735238455336,-0.3452874017768764,16.87899578743398,14.787586892160954,-13606300.0,2.384325247449558,0.0,11.267636310902189,-176.76489854957467,-5.003759095946023,-0.04196630417745553,5166621.8734078
54.04169325058602,1.5163253370430354,0.6295772815901124,-0.17922429401156836,0.8088015756016808,36.41978651809745,30.144062477351866,72507800.0,0.8527754729861212,0.0,32.09165924536719,60.25715848929471,10.765433605806328,0.30353314906235185,181840195.92485794
38.07082023291388,0.30570389293181677,1.105635091948244,-0.6061138433905797,1.7117489353388238,8.479310637306838,21.559276878680578,27502000.0,2.1046742593000927,0.0,40.7078336188983,30.03743575440478,1.8014136781083776,0.16313752362802464,20654360.766697254
53.93440792596799,12.815581127701478,5.97883603762682,-1.7178414153134343,7.696677452940254,33.74911559508136,23.436185972829595,9618600.0,8.702850472954868,0.0,36.069403286765656,55.9849886533862,6.457980706678875,0.029287363333095208,-992729.7664576375
66.26316635766379,18.413721182747622,1.4036253195083361,0.6095584528020906,0.7940668667062455,92.87600785888365,96.02942830182126,8777000.0,5.743291466121804,0.0,15.06427109948702,58.39990279460785,0.12273112126149133,0.3200631667708586,2414635.507333071
21.25316494063365,1.1766178756777776,-0.9829272267448488,-1.2102992154776215,0.22737198873277276,11.285283701618974,9.353996797340583,-5657400.0,3.7581860469717685,0.0,17.68972483804587,-114.0475843992717,-4.062772662881771,-0.04723533330789584,1072657.5591810297
46.961059184909686,3.4494505600796685,3.2408978732802325,-1.3793939756321514,4.620291848912384,30.70776311626221,20.410589167825645,2960900.0,4.959429249219319,0.0,41.38635858886466,41.47722475776115,1.8268679212045618,0.12250540120633052,5646475.856659752
55.55087964921424,18.112840178572128,1.4770057448536136,0.3351660454962522,1.1418396993573614,40.36594483422864,63.117328768073286,4653900.0,6.602253003730851,0.0,17.999816176460637,34.5582750122524,2.43120905544641,0.07605359404480899,7654291.751817226
26.87020338843524,-1.3028909773684063,-0.3305856885737768,-0.27990818891457064,-0.050677499659206135,1.1932996049647526,56.48633980019191,-13290400.0,2.099347615097824,0.0,14.196553831942877,-87.54992831884955,-6.9689179777728185,0.07871673800002497,18001691.120059103
41.60697547665212,1.350051275131655,-0.08681819121603951,0.005556620922952588,-0.0923748121389921,40.74068841283577,61.758898446027956,32337800.0,0.6935921960699346,0.0,16.437085692874554,-66.56952057433216,-1.5420815881693888,0.12011245373489476,17868178.810890675
76.38498085106207,6.637205486241868,2.2219353126345567,-0.03989938779948243,2.261834700434039,79.2858154920418,87.53491264724191,45657500.0,2.579938020443231,0.0,37.598131165827986,115.62214908537038,9.973101272989995,0.354637287805796,25321581.801314674
42.63742057567064,2.6879029098072067,2.2932354228003646,-1.2490573668177865,3.542292789618151,21.56495607278784,32.42861589693742,-9152100.0,6.811966480954707,0.0,28.30456950076401,25.780924094782204,-4.0746989827150175,0.06765173116694259,9537562.284635918
52.00130736371296,3.0902879537680263,1.3851307238417974,-0.31485184696199653,1.699982570803794,12.110676402726519,39.124366189613696,113664200.0,1.7964374563582275,0.0,34.44021039978531,68.14286248999274,3.8168742236796795,0.2324247719495569,34036692.285835885
43.54795708425205,7.8298079044500355,6.530619422520829,-2.2720786212360338,8.802698043756862,1.2736752677783145,22.58952332357849,12763300.0,12.665415259068128,0.0,28.90027469929643,53.8690787443661,1.364948681705685,0.041201394760329364,1767566.8768546204
26.29252781554293,2.03877403945242,-0.46172556783491814,-0.4540390427873483,-0.007686525047569809,20.241760462599554,9.033018564185307,-33595900.0,3.110883428640944,0.0,18.95831328576392,-71.04052171186063,-0.0745183944464186,-0.005259357376534763,-63594216.79506696
37.99053524213677,1.0209627139124038,0.1000383288659421,-0.16088179287998372,0.2609201217459258,23.931518037485105,23.492326513549887,-49773700.0,1.3860301676099043,0.0,7.9443881269169,-47.42041072646888,-1.302239015951959,0.05917734341860055,57602842.61001885
38.16879006406488,4.2190222281288925,0.584652248209693,-0.4748641464694827,1.0595163946791757,13.578993482083128,48.920012908996945,7668400.0,5.562319727868435,0.0,10.469198571131543,10.808377917750093,-0.6505882530611306,0.22879257195427702,6393769.705017354
50.13182736735837,4.392402027229679,0.11279918548972034,0.16691194249113397,-0.05411275700141363,35.42433242775299,69.30013125618085,-8103800.0,2.195741137708931,0.0,28.246376791245837,18.094637254289932,3.615157377263967,0.12276993848927109,3755420.3760298616
36.91419366322636,18.526879786778352,-2.864346200050761,0.21455392959196562,-3.0789001296427267,26.893488299641728,65.09702261440007,4231900.0,8.747552697538039,0.0,23.837720890424592,-79.78845595616589,-6.133107254115948,-0.10749685425793058,-1415255.8328380857
33.657713328871246,1.0847799275628063,0.9120665193135551,-0.7555260547583411,1.6675925740718962,13.918913903242702,30.93520428790831,5840200.0,3.267773969631651,0.0,26.16308709777254,11.676077515512299,-0.9340663627809136,0.205354895368887,2020233.8679347483
68.24161100042957,10.35540572021037,2.720264303661594,-0.09689467589300982,2.8171589795546037,72.8477306372809,81.34058598214398,16397300.0,4.1214734767543515,0.0,27.66284777600597,115.99477338284407,3.304957030196627,0.3351719316435859,11282141.679958932
66.34162908485044,3.1941016728856724,1.1001371564070581,-0.12886047192443995,1.228997628331498,34.74585312078725,32.36296278118231,172734200.0,1.355956545900127,0.0,31.962152810909043,85.98535544087035,6.112881563965849,0.1182474351309734,-14691411.804325959
39.27289842825119,1.2141714567242587,0.9481711712770675,-0.46565827680851446,1.413829448085582,14.70587575312188,33.01818942341475,49987800.0,1.9214629129522285,0.0,30.20901988400708,34.999575176546024,2.484643766697288,0.10897082476035083,24880879.410458546
34.17978015613634,0.5667175993214926,0.34117548570726797,-0.31038736391231636,0.6515628496195843,13.435771124316505,11.677415517303238,29341600.0,1.1458128015932187,0.0,25.65794547741078,15.219281793723159,1.9743601481119792,0.0754753985628157,8177944.892615311
27.14941656361957,0.24987131992344302,-1.520970921036934,-0.32294195459778896,-1.198028966439145,11.872114303763366,26.789153521934683,662400.0,3.0615620718589653,0.0,29.704911880612656,-177.83107287291432,-5.014152662742335,0.09335077001777863,1224356.1388203725
70.27369489557323,19.69532406350021,1.9326254133075054,0.5934668689836862,1.3391585443238192,80.75464745020024,87.87384384280215,14538200.0,5.377456554199129,0.0,18.180269553597583,76.4924136163792,0.003549688276764866,0.1420226185659201,2004674.719793361
29.448689186998646,1.3620805149844983,-0.4119447308410713,-0.0958500147338538,-0.3160947161072175,10.882428839098386,50.80892457065934,19352200.0,1.5445003391233698,0.0,13.82663313976856,-127.94381125165314,-3.742868320759202,0.08805687119848794,508461.5784319979
46.01232081888794,3.223112651458493,0.08252652542601879,0.044729689660668905,0.03779683576534989,13.846144817305774,60.98112455747855,69435000.0,1.196587642225812,0.0,10.329910063935689,4.593276430768933,-0.042150878275510235,0.04331317802738321,73859198.18469132
46.510027952244585,0.15240705762732887,0.9141487107366402,-0.3354280679448718,1.249576778681512,25.259791517639147,39.81309929965447,26692100.0,1.7825827911862884,0.0,31.52343962206371,49.45958838680118,1.2565392785031906,0.1009745944758858,1025859.6292846429
74.32209838205601,61.970979730162355,15.647495265202963,-0.10725309923943982,15.754748364442403,82.0440165583264,71.54064802996042,74591300.0,14.673323475598721,0.0,30.02099098280219,110.7317059071257,31.694921165632568,0.16854949036115702,96493943.32986076
50.855171457752895,5.478208194004452,0.17344582449793222,0.1416453474499494,0.03180047704798285,50.78126629811203,78.58439607791308,-23924800.0,1.780929800380139,0.0,9.733972281803362,23.653765200676744,0.07706671079278336,0.07638506095966353,12247976.24593306
35.306222814267244,0.4148745613559228,0.14641476246423935,-0.08005552377315558,0.22647028623739493,1.6529316443564506,44.941001803541646,146578400.0,0.7414032160506845,0.0,17.39165035427139,33.37430532848641,1.081235881607497,0.04191640288536897,31269277.667937584
25.60144030842311,0.18811571346654787,-0.3182077841202826,-0.009431496999725342,-0.30877628712055727,23.740979552967296,34.56851143313306,-24458500.0,0.5262611846851202,0.0,43.533905536408646,-133.81010715894567,-3.919034773135166,-0.058076663558044396,-25959653.25906828
21.836277183933102,-0.41959997982371533,-0.7318820315111765,-0.5365490364247164,-0.19533299508646007,15.93479087151666,10.05874666663315,20092700.0,2.8821751411057055,0.0,12.625658401312464,-155.7245150326871,-2.2033128047366968,-0.260931047518536,-48977063.52623981
40.19125222764684,5.45744835768366,-0.7377884919505249,0.23395442386085974,-0.9717429158113846,39.26939048521502,73.6542948658329,-13512400.0,2.3144045655334,0.0,20.355980850146114,-58.338473539251865,-3.200514437123737,0.08500449432658783,-89849.07585299341
31.410732717471983,1.3533342674093092,-0.42065024049060185,-0.7954755526167958,0.37482531212619397,12.526928083753068,19.16720606593117,2282300.0,4.244650972835961,0.0,13.990324605360193,-100.45866691285345,-3.4641333946161725,0.02439905087609372,5592643.673977865
66.28372999922964,22.648232639912578,9.850306952213828,-1.7384114634316425,11.58871841564547,71.74236714462081,65.70874746994342,26656000.0,11.542971541247546,0.0,43.15844093517187,71.40715358444132,7.863633755848375,0.2809144042259032,12417229.835863438
30.845541419076696,0.25165444990889796,-0.49908086976068944,-0.30163974192413234,-0.1974411278365571,11.138163922797268,25.13164492514915,-4676600.0,2.215628922352453,0.0,12.85640488763677,-184.4169664134465,-4.365647849885311,-0.025009153825579455,6051671.871845044
27.66392753049661,-6.613034851153387,-0.03373684491711515,-0.2930275529585003,0.25929070804138515,7.803483503083732,7.701549653807356,29976000.0,1.2176640734764699,0.0,17.660565049296792,-62.33330970001286,-1.8128827355368757,0.015162587300639593,24554765.448478777
80.32569610522754,2.7339662545126586,0.8726140267042126,-0.025791935483799655,0.8984059621880123,62.84147310010152,66.7055160283191,3680800.0,1.2460122488846848,0.0,21.52388585534497,107.26742289213291,7.769145525580192,0.2429949111620936,17165045.6093995
24.296437299054745,3.06586209511579,-0.372047853645995,-2.9123447549941974,2.5402969013482024,4.447956485169034,4.212569563616909,34200.0,10.409313374552038,0.0,14.70579063291193,-42.83651112970533,-0.25995659519112496,0.07041706017982734,1516136.9841661989
67.71956159249125,1.7203872716657571,1.2612751998870522,-0.1784432718270339,1.439718471714086,44.2950992590772,73.73538273012524,32096800.0,1.3679926546931729,0.0,35.62655264869568,72.0064241752892,2.587489847062934,0.3149390419420561,26746212.674875047
30.117039838004803,0.5154712247774569,-0.6592125251832357,-0.12934671691455646,-0.5298658082686792,21.464612894835707,28.111323375713084,2007300.0,2.162565340173895,0.0,22.564543410599196,-103.04956014091316,-2.2544484098520883,-0.14339728976649094,-6452492.938739683
48.71346504137901,19.741336512497924,7.364816360959708,-0.9838699433595384,8.348686304319246,29.963943752253517,67.57518238721194,14232400.0,21.491748422116444,0.0,30.698274308190957,78.08456601620222,1.0340259283874613,0.2951981638679501,14478046.966733417
47.850192312681756,1.0723819303771513,0.04743605075537616,0.004069998836336963,0.043366051919039195,31.85186545707831,40.84326074832491,-14777400.0,0.8010258414122366,0.0,28.25544632670874,-5.297828194911988,6.517686876434899,0.04578482499169698,-3023313.1195876533
61.32537561430532,39.35455073384878,5.163004378837115,-0.36726889576301147,5.530273274600127,68.06965739722285,66.14945907599765,17027400.0,16.95966202561699,0.0,20.740948873432224,76.34116214268568,3.6021748980516537,0.23797255124628,27981605.461767763
34.00815461491834,2.981407223308139,-0.5173692396812015,-0.0771663195361616,-0.4402029201450399,19.759021525915113,58.48505606335541,8391100.0,2.5334778941613156,0.0,10.291327641725788,-73.19751163620204,-3.2532926511082567,0.13920748294462043,6477757.835488364
53.28856725202896,1.61652338549127,0.4804599091755506,-0.12141956797755649,0.6018794771531071,29.629603465723353,39.47246238296443,101481100.0,0.6624980851961687,0.0,31.225207812094634,61.939322203720465,5.801106209552814,0.25856910111449527,110477159.17328784
40.589123892380876,7.656818220103446,4.776141720107887,-2.16225458262089,6.938396302728777,14.253862966819177,18.028793306330368,-1646200.0,8.834417261103114,0.0,21.596178789543995,38.007300752763676,5.019424248934884,0.14607067024007445,3918279.860735814
29.521515056807107,2.7205762572755248,-1.107772690344909,-0.0529582485385951,-1.054814441806314,7.416307023155597,55.60804163196096,9653800.0,2.165212970918346,0.0,19.245639231877682,-111.38587240128888,-11.245390456903477,-0.17946716996700843,-37098194.16599197
35.77048064931389,1.0563052312095635,-1.4798490462736993,-0.6996938013952757,-0.7801552448784236,22.832292192657697,52.50038622028512,-2198800.0,6.8911310776075565,0.0,15.806853429096025,-163.14737587277884,-3.767586141429749,0.053733251014450215,-11190453.343885316
41.97106220374616,5.336099812128111,0.7857053236247395,-0.6338775570997015,1.419582880724441,18.059850970956344,16.535701512682735,9289700.0,4.343653585967852,0.0,12.703128839669489,9.847800751128734,2.4522637602072863,-0.04522433865983017,2677624.719116002
27.407728783182467,-0.21931833592529415,-0.5803133704327479,-0.5805581181931514,0.0002447477604035353,4.384120643354772,33.93404081859534,-654400.0,4.133152168546141,0.0,15.227944934139558,-137.42461107296205,-3.5577528626562422,0.19662071258042318,2297315.232725675
47.070953860581525,0.3418246833664895,0.1517030631657903,-0.18245265118478954,0.33415571435057984,44.516062344489484,26.975460331328804,-4510300.0,2.0236419589536525,0.0,9.51696749941587,-12.251490599844814,0.03428191743302862,0.1011257354934119,6307665.6867998615
53.11188920330559,-20.613106352172906,1.9743213911720119,-0.6614342458607725,2.6357556370327844,38.99993896484375,33.393460888038554,13734300.0,4.9773768905878,0.0,31.207842228495704,44.94169822129773,0.3741391347178439,-0.0019750995462827106,13972832.887276119
56.62845886225541,26.324171218548486,10.25677709533295,-1.6618412924378756,11.918618387770826,19.170815266120353,41.55797979289873,-142000.0,13.446824446185467,0.0,31.35528630417119,77.18362682039889,5.236848648155779,-0.014203817015913802,-1097666.4832970449
69.88302487512897,13.638184029737332,4.289248381956682,-0.5294768273974562,4.818725209354138,23.583085877513902,49.900494556558236,19016800.0,3.9846548870972347,0.0,26.439391006906952,83.01742063721494,16.347947960901216,0.1712741894457103,9333929.859145064
41.75148351448658,0.609546726666288,0.7678151460724152,-0.4838344084986921,1.2516495545711073,15.591441955093234,10.875866178370352,-5970600.0,2.062354151736486,0.0,35.02109525107113,30.124197315984667,0.21152903800988512,0.06329567916985988,25011939.37167475
25.014412956571935,0.2709285661570391,-0.12725293280124106,-0.2602513222868789,0.13299838948563786,16.828441608864917,6.253556328989885,-52078600.0,1.1548053009598562,0.0,12.326091053243648,-59.30906091562635,-2.47416507352581,-0.05459491517301681,-29786683.54942247
49.359550666514735,0.9783324926373922,1.7205215600203587,-0.538619803832177,2.2591413638525357,16.32055203265469,41.73537793720304,13944600.0,2.648624320907889,0.0,40.76060417643954,50.51790914387068,-0.5976031505985687,0.1914703982232021,11640304.023551835
34.66568579276406,1.7298865595095663,0.023650340640472223,-0.6556772638670016,0.6793276045074739,38.69435670606713,17.893789899254006,-3196100.0,5.004314788468485,0.0,11.349489351176953,-32.58371116323795,0.7766499764302782,0.04425629548623771,-3614325.2613031855
51.812927119368325,3.9493864933815814,1.6020360157490643,-0.43999478921355006,2.0420308049626144,27.850892603188942,47.0344211228168,625000.0,3.6398920340746352,0.0,35.782097457951025,56.429388903097575,0.7498500437214201,-0.02380541946961444,1479356.2090691472
74.12924238834142,17.77468000327167,2.648085836743377,0.6409771172706655,2.0071087194727113,80.62379303432073,88.34531371836825,5167100.0,2.97507100285316,0.0,25.022332726025855,179.71581164643237,9.426984944949236,0.13256698998962044,23295549.606233004
69.36726455370241,4.208217728108835,1.7190946988744287,0.06793620718616689,1.6511584916882618,85.24870771445397,83.63837946899737,95800400.0,2.8901229817032505,0.0,30.40200190623103,130.40293405708394,5.375971088007276,0.016556775329666394,13558002.79219999
48.1361610909343,3.1451025505625765,0.5294165865115517,-0.021828587130543586,0.5512451736420952,24.173045525933144,56.13981342435516,52100900.0,1.3883095837227872,0.0,18.8962020371245,63.870790589745006,1.1999997225674717,0.1413754316996724,19919409.94423433
40.1722489532435,6.527348584892081,0.9373975912229753,-1.0937246903378535,2.0311222815608287,23.78797243874008,32.859967518056855,3462700.0,10.724305886365789,0.0,12.528671903529775,-50.47077146999699,1.1408922356119304,0.07871899953548155,4976665.323604662
55.15317724186301,20.327104705248132,3.485013107682448,-0.08158387141401624,3.5665969790964644,31.537814645581502,63.645279114424255,46830000.0,7.742468881689264,0.0,13.492562561023306,80.38399185196917,9.789018225895623,0.20502498073731973,26656482.114479177
41.18584718242802,1.5300679330941875,1.637331976605907,-0.9938740755815934,2.6312060521875003,23.09427933121444,19.311959861226487,894900.0,4.40606810453654,0.0,18.287028980925605,27.902395763855488,2.9597055441433957,-0.002005050691532086,2145591.058375504
25.099334750986035,-0.12647048985154186,-0.24746270220028777,-0.15387152200787985,-0.0935911801924079,17.721534879363844,16.729042149043874,-101648400.0,1.096077260219352,0.0,14.466544006096752,-136.7137923405345,-1.949383376491119,-0.07906983074391094,-46035745.61344547
27.23766712438377,0.4737323323177236,-1.1451837696923235,-0.5394351860704315,-0.605748583621892,17.20819164016423,22.192567468270088,-3472500.0,3.5009677192919737,0.0,12.406501882284175,-235.5627850867945,-3.989014016548591,-0.13308136941868448,-204576.2913408007
36.217434655211605,4.972916474458373,0.11682294720199593,-0.1895108336630908,0.3063337808650867,20.989685997068023,53.52177348084306,8527700.0,2.8443413397908826,0.0,10.38888691143503,-71.38666350029013,-0.8031917638747765,0.2718719980922933,12827622.75085934
42.40709259191211,5.468245409041117,-0.5493181029112151,0.15521970981188216,-0.7045378127230972,30.246965907967052,66.01984385150224,1545000.0,2.274036070674711,0.0,13.450248870177706,-59.987845389132,-2.815715506246827,-0.01646055103492437,3419143.910671608
46.27523957845077,1.3579048793751554,0.4443944680535026,-0.21599789970604522,0.6603923677595478,35.26586785297012,40.94917090423067,-10363000.0,2.051495031221214,0.0,15.955281421149504,24.837598259316525,2.6566069980837264,-0.051251360160862215,-844213.7024719787
53.46352036794628,1.9922494498258914,0.8385421213570794,-0.14721818525444696,0.9857603066115264,41.558445847755436,63.69413202663563,-11058600.0,2.4367386979660988,0.0,15.77597655305527,59.9931491602722,5.048423261684992,-0.027462484909741267,930151.3420143602
46.056796892860774,8.170399664064632,5.519420648974005,-1.8634451367565052,7.382865785730511,37.352011075643155,30.780706969361614,-12616400.0,9.256133282331833,0.0,24.280611438168275,45.98457190992459,4.569436682139813,0.13661632220923875,14182170.456560655
66.90251829615019,3.869186693890981,0.9316654538850173,-0.00836700487605535,0.9400324587610727,68.65081047041798,73.82724939168331,30987700.0,1.8563871895032855,0.0,27.051545956016277,106.68465930126246,2.253407061082734,0.11541701382293029,9735525.829971831
60.813746455428976,12.725812035212584,2.939353566693967,-0.08790063890912236,3.0272542056030893,65.57377634997266,84.09187517761073,4897600.0,4.828845877158626,0.0,25.703589790157114,103.45374147962974,2.4704064389923612,0.15840428059815795,4870808.992871276
36.309652714959064,1.3444899424709291,0.1686769218896913,-0.1544640289492924,0.3231409508389837,27.19036714429115,47.13975080313616,10109200.0,1.456296088273544,0.0,13.077590477038674,-30.360215371526483,0.16034233186397603,-0.07351435085430089,300303.4050161727
29.86122990684948,1.6396706249907425,0.31636366686834094,-0.3114255067006001,0.627789173568941,2.7173496149021967,35.875194778347435,18828900.0,1.7144845960993156,0.0,26.321302804618096,-42.96556711613367,0.21439591048899176,0.12374185032928343,24160859.697812133
30.560456547015384,0.8404901866007322,-0.24963049402728643,-0.43084920936274756,0.18121871533546113,2.7875175781613444,53.44845475445743,9153000.0,3.547956897397899,1.0,17.652486683605442,-47.51814532545789,-5.8011040516857895,-0.06316941478062105,-2471418.1202702234
34.56342665642189,3.7930126829962205,-4.175355020856216,-0.3553079263800103,-3.8200470944762057,2.6352481145839968,59.552527288763436,1962500.0,15.23848075608151,0.0,23.189024107479543,-104.46176006925693,-6.758328431832532,-0.08028369326050609,-2096902.0441915335
52.40308799449081,5.024274286542678,1.8994851843754503,-0.6847994398288186,2.584284624204269,42.857105785237636,18.8101148056228,26573600.0,3.24914139997881,0.0,30.04146034122455,48.65128201653797,4.883017239116152,0.07950880089233049,8127873.130677551
16.597045911104377,-0.9480509921965847,-1.332637894338383,-0.9664119628770012,-0.36622593146138177,2.9391052626801972,24.017998567008448,-56329300.0,3.70554795754441,0.0,24.231082039601283,-252.03020988810843,-22.507647476548556,-0.15115821211147618,-38133940.61585742
36.28685138774982,2.9397348748727694,-0.15574113322001892,-0.07458954087792584,-0.08115159234209308,16.873461815152776,52.30895987200186,11491500.0,1.9159861010096195,0.0,21.393826535776743,-111.7915005680557,-2.436680877188998,0.023913799564541125,12384474.450549781
29.198996411671864,0.5361714922705261,-0.19927049415801434,-0.4621362129862036,0.26286571882818927,26.55086895611677,11.397398041775347,-20303800.0,3.248805401000658,0.0,13.09554584606243,-58.64126686099517,0.984415130860703,0.07177145960174024,-3400425.31072269
47.13559305673977,-2.1821091851893755,3.9010896546751894,-1.1295226684756123,5.030612323150802,34.375054186053234,64.67788483955098,-22100.0,6.439194705919544,0.0,29.55168116485276,53.959532537794146,0.5119348587027355,0.026913984459511923,-155280.4941398867
57.30231502139966,0.836021600559711,0.7616905823922906,-0.1682479153772668,0.9299384977695574,31.428580325821756,37.82315276586226,90517000.0,1.7596806338161592,0.0,28.76003397326795,66.73510794438907,4.288383961412981,0.1807855495700262,18818879.469341844
37.59439466073477,3.409252564035512,0.7450802363680964,-2.187189677983596,2.9322699143516924,29.40702936858611,35.69820634491417,768900.0,8.80963972160675,0.0,33.96546102975286,-56.493083558960585,-2.8580916400227547,0.20162925394245793,2843743.397841813
53.59123127807862,9.95129142206622,4.224819208066151,-1.2933677369348606,5.518186945001012,54.045608783234975,52.78305835404216,1780700.0,19.48089147808062,0.0,14.938334850328111,30.860188176749304,1.1817394531380572,0.05347174175559274,234374.62175172014
27.172365504573442,-0.3708259834263856,-0.2286860947377818,-0.28111527848665996,0.0524291837488782,11.392507750103817,30.694796344512913,13397900.0,1.5432790381052912,0.0,14.456494836604826,-149.65759539857865,-1.9804782539810974,0.1305722750453176,8212081.083519607
24.78649872903445,3.8248055714533393,-3.551993190715393,-1.3480492117801721,-2.203943978935221,16.42037112203531,31.43441256846521,454200.0,11.060265589254882,0.0,34.036631789591034,-140.3885708001528,-2.822593125845443,0.06132981267525523,23102.82938032414
26.92741506987983,-4.01678762852589,-1.337932178541962,-1.2351404480561512,-0.10279173048581086,4.714702207413578,32.108170040017875,-94100.0,7.172499036254003,0.0,18.01046392113654,-116.22937634952493,-2.8013436186187897,0.0976546512225376,45372.12994280466
54.36617083732296,2.0315934047042106,1.0751206034468481,-0.2341294132584999,1.309250016705348,30.221092914510553,46.2751028268359,30287300.0,2.5549199276694385,0.0,21.555529684309576,59.20811476622631,5.192678646833979,0.07150138643993069,9565891.757354293
23.70760179046857,-0.9311421266493198,-2.268244092053635,-0.7660595475364151,-1.50218454451722,5.437774113945193,30.809894825205475,-3000300.0,7.8287595689254195,0.0,28.50652347399705,-174.09649945514082,-3.142191737164023,-0.10390384205928982,-500275.6722239783
40.23866596568849,2.4823303436562725,-0.28023418096560704,0.03964043898017011,-0.31987461994577715,24.999998292103122,56.86800557146151,4432500.0,1.2972115670097255,0.0,19.933144875447407,-74.54303393177496,-0.9615382388504711,-0.06090375663787562,-3587776.092824869
51.66405949548946,3.2694856126407714,1.0617952807531381,-0.10642391500137505,1.1682191957545132,25.30124579579538,58.309541435753005,15248000.0,1.6470866687488797,0.0,22.38033372479772,70.60274856573953,1.8076980873643862,0.24026474562969058,11569051.440897068
35.11796387784055,1.3689914571475654,-0.32492252380676234,0.042967893781271194,-0.36789041758803354,24.999880790596762,64.11522722161163,-37304600.0,0.9493499542136346,0.0,20.634955464842026,-74.80847065696535,-2.865654237908356,0.00671672682627705,2616026.520455269
67.7769958302307,5.396648014498169,1.7313865391403738,-0.1348078896551841,1.8661944287955579,49.512183775435204,62.75217210203444,31270000.0,2.919207619414585,0.0,17.07175460138393,90.89449514139493,5.664406626528737,0.1731806648517128,14321530.68652028
37.59783622023787,2.8380476849531817,-0.5678854316374213,-0.8001169101518295,0.23223147851440815,42.30073377681519,21.676208343272705,-13024600.0,6.735147289970139,0.0,10.959461936087605,-61.57916797818867,-4.89378306623907,0.09553737788300651,9335973.165629784
43.87732888994083,2.523479251238612,0.8836096561463478,-0.4370414516475887,1.3206511077939365,22.889656231576758,28.18811840530063,190200.0,3.0783089045862453,0.0,18.219108921610037,27.866101745881252,3.1295397718531395,0.07482761628527927,5421187.501479103
30.833541688244466,2.6015829005011994,0.09765014939156913,-0.7065477115232341,0.8041978609148033,18.65531890298529,37.12625063111522,-1289400.0,3.6460600154037075,0.0,16.744216429399746,-74.49296597874323,-1.7974591522310353,0.12121338634697608,2924869.896335683
22.41586387895652,0.3881882922089659,-0.699805411406544,-0.46509563197438697,-0.23470977943215696,15.428597586495536,6.648613074522101,-52085200.0,2.4292610612362195,0.0,14.315005990162016,-130.81560794910413,-2.02849492244733,-0.0979634620178574,-54391449.5205594
62.61666750531409,8.73275147271346,4.146197315320876,-0.4406813400163454,4.586878655337221,40.26517013320724,61.14898293522944,3304600.0,6.705188705316231,0.0,19.338257419279927,84.61007245000356,4.151715504770145,0.18878450627639942,2718966.1182045382
55.73428263250486,13.722086901380294,6.599639897490874,-1.2770198195786548,7.876659717069529,27.71073262602287,44.179323016857495,1272500.0,9.595401771952986,0.0,22.529585168389772,67.52329138570178,3.4560414585618515,0.2010373020734539,666665.5141584332
11.156254975734308,4.682006090227105,-76.13443683743412,-51.36020470064328,-24.774232136790843,7.555919436569082,18.820338454382313,821500.0,101.3337235187827,0.0,29.93321603228108,-211.70405799944686,-19.253859015096822,-0.1719569008056492,-594977.4623077995
49.85795253340393,1.3910931792177053,0.22653252079953035,-0.04335965541793618,0.26989217621746653,36.82549524434638,47.7322680194625,30700800.0,0.9094353909621233,0.0,7.606015376837034,36.23660358869162,2.711567033741668,0.0945865670148969,32032162.094536927
31.630152365499253,0.0177441482956624,-0.2219498265575197,-0.4058488405178328,0.1838990139603131,19.778310534480326,25.556311221624075,2836100.0,2.2364493736666837,0.0,13.354589056971035,-114.32689920324466,-1.6486397558337467,0.05680102059776447,1862253.3196310836
36.080959960520694,3.096260555542841,-0.15995684668311583,-1.3956745940984723,1.2357177474153564,18.474321038397953,9.829256006533518,-12230000.0,6.4498107949,0.0,18.79698569010005,-15.161883096830405,-0.1824775982036102,-0.09183090812681387,-2507746.7426206376
40.6682612666611,1.239992451026069,0.43391819577254864,-0.17337143545308042,0.6072896312256291,21.84197898701596,48.158670179901094,7797000.0,1.96802488717387,0.0,13.826525484586378,-9.825480950954661,0.5390120364667834,0.08313998090697969,256244.4674956293
27.386197771487797,0.15773084453365982,0.1789075746512978,-0.2829740295724904,0.4618816042237882,8.467706582046,6.648457624101279,7432800.0,0.9325642019498731,0.0,28.10233362832146,-4.054447935423433,0.6709608461134059,0.04509034321615596,5528339.560087526
37.601771645035726,21.086746752412864,4.213794616796179,-3.095308980421139,7.309103597217318,10.289129842438292,13.080002129374728,32781400.0,11.25476726367521,0.0,26.158673877402503,20.926160334044585,16.888466301129522,0.18358435104508833,29313205.754795752
39.49629812709032,1.1222536145914646,0.05638220460783572,-0.04457600656714905,0.10095821117498477,11.017036821517474,50.41860277349486,19033500.0,0.715607779584699,0.0,19.35776480575883,-45.868513036692946,-1.1767474235083202,0.1232397443353405,22384134.414728
27.323172568539018,9.965636492990143,-6.830494564191611,-0.5154056536611895,-6.315088910530421,17.98628647456196,19.209914740076005,-31439000.0,7.367758984177865,0.0,40.53585319338927,-146.10176498537896,-11.053532785282112,-0.22102988868713566,-38678211.54080951
37.48368769277648,0.07217146579445455,0.09761882770139607,-0.05116348108310287,0.14878230878449894,19.99988555908203,31.452957660191043,235663800.0,0.2766588645946074,0.0,30.658381256766134,27.017592415763026,3.0382695880222927,0.08027092080244713,413655669.91520107
50.51654097898027,4.343357697244443,0.3684341807020246,-0.1056753722469922,0.4741095529490168,38.42979375398021,50.91053541167523,11037800.0,3.411493463451905,0.0,12.48572086618472,15.168609400240738,6.015965839295473,0.3689015456162396,44516316.82685803
33.43238122689378,0.19631518396583658,0.23757387194939383,-0.39408390450680253,0.6316577764561964,10.82634334862834,6.681624359361045,2880800.0,1.7864336968647887,0.0,18.053881421743778,-0.41238386540234134,0.45825531495533917,0.05786005882094983,7822852.821346354
55.79222052796501,3.999390785559882,1.1768452860378105,-0.184594465872284,1.3614397519100945,17.647038516375588,42.338795951537065,13330300.0,1.4318680677820437,0.0,28.059556269041913,72.42757457627081,9.044033198913546,0.18491941776964504,6980693.18855567
50.68231747055683,3.01973000199407,0.970804073211454,-0.19948865473587607,1.17029272794733,12.556001649044358,38.03214809240058,6352500.0,1.3297700740616998,0.0,25.809184830620143,65.4776367894879,7.559623735670718,0.20376931197937131,4971075.802083626
47.74772877427711,0.4936465454751833,0.4301429739314102,-0.14155745693667576,0.571700430868086,19.802051249124226,31.579737699332203,19060900.0,0.5313165288796425,0.0,37.85456556012864,51.709795173076145,3.6948198278590416,0.16564405878947414,4902774.553086978
38.61839319522066,1.6695793417385403,0.15747499690115063,-0.1614957320228792,0.31897072892402983,38.17205955039819,51.89244770221453,-43186800.0,1.367386534805019,0.0,12.807325827020238,-6.329072783455519,0.5869829866331907,0.13094267920477035,11638569.88679099
55.61599943812554,7.302598139857707,2.1059419816361924,-0.32243133192623663,2.428373313562429,34.659979452505425,41.406870700231885,5300300.0,5.5216745908818945,0.0,14.80232637972162,53.3484602587576,5.86628746080324,0.2078016076765456,6420787.209289434
49.99666006595667,2.4832423732593725,3.9661029567240575,-1.3131131133313945,5.279216070055452,27.100964250910398,40.23223988650298,-1401600.0,9.527994072302622,0.0,7.456198093643611,57.041124106289104,1.4242304118697564,0.0891804528819061,1971297.5554715232
61.84877032060759,19.082142056051396,6.432077966303439,-0.7497428649656648,7.181820831269103,27.60047457786927,65.06867839768313,68599800.0,5.402212468418568,0.0,38.122586752479016,90.36167320669684,7.356985582155619,0.32394237731795944,24461536.56928176
29.003491462808142,0.4850153653262481,0.06132606320842626,-0.49713937602872904,0.5584654392371553,24.018206949718586,13.58087631044657,4245900.0,2.5632690234384152,0.0,18.47472961289859,-52.67872594093736,-1.5035426363031914,-0.34485085707135,-48515255.40740934
89.20732298057862,64.39317424029753,17.86996690594293,0.2521671630654012,17.61779974287753,86.34526198818473,85.92794703207842,46474700.0,16.82023852457675,0.0,44.8202747722401,126.73600082441129,16.451778508684963,0.24655458257062332,19697369.553194504
39.557714214507655,-0.00849011146376455,0.2512679200893295,-0.19084025577005603,0.44210817585938555,24.72554103133625,16.15357780937487,26156000.0,0.7182210856584258,0.0,28.89588915880532,22.764891058101686,-1.8275669595805784,0.10948427469470577,12961079.655409338
43.1970989301248,2.512453191025301,1.4531963280596187,-0.839865255192179,2.2930615832517978,33.91498166697035,22.79646366622357,-3329700.0,4.308600695266261,0.0,27.811442536440957,28.604278152688302,2.719965592751904,0.12855694039668006,2145412.3223387697
48.497108003231695,5.448931661035601,1.6074390647210635,-0.2615814815823041,1.8690205463033676,23.636421284589836,56.709148473837736,5629900.0,5.344389181321796,0.0,8.821960980328743,64.35492493669445,1.8567496098904865,0.12974747006028114,7866302.980163237
29.704570630662563,0.5154484186052031,-0.451680885661915,-0.05586416872253974,-0.39581671693937526,32.094630296438154,38.94156018868767,-55387800.0,1.145802054508663,0.0,25.118897166748617,-166.87793507128094,-2.504110683258241,-0.0765643674463622,-22667657.04830792
48.184111610355586,0.6457409067266937,0.6400006433158083,-0.19817731470255096,0.8381779580183593,23.030168517375394,33.362919993390015,-37938800.0,1.3020980711579195,0.0,21.45796424041922,50.86089408784628,4.076030342916723,0.05486538691008689,52488648.34784267
60.68087633057531,8.428208619540243,2.17385177617129,-0.24787384858156702,2.421725624752857,43.89231043834972,48.59448638475345,5208200.0,2.9658248347360336,0.0,24.88552428496935,88.06407416931492,7.918011067877732,0.1625449751243879,4212107.736164303
61.178715300376005,11.843908967975167,1.5281062272794657,0.46116820036159933,1.0669380269178663,72.09297216918164,85.75613044469476,-6759000.0,3.42978030624965,0.0,31.509670122734143,99.18583202011726,8.740825062715547,0.1777558719946379,40277717.24632249
16.347781243752515,-1.1316314512387322,-0.8871014353846789,-0.7325309862183444,-0.15457044916633442,10.63828161926542,4.439372873432993,-11509900.0,2.702561238548398,0.0,19.601437465481975,-81.08837443505733,-4.838505075891717,0.12325861906715906,-8194238.535046007
33.080880181339715,0.6750487975468786,-0.2923696863695966,-0.1303106802697955,-0.1620590060998011,18.49994659423828,46.47440854898864,-391800.0,3.083705985361969,0.0,22.760361458822516,-83.01493748873128,-1.3775515566248888,0.061148995530779855,2215870.863962643
34.25702357282983,1.0778864512000155,0.3683885422383639,-0.7451544629623883,1.1135430052007522,20.762568202239905,24.467599027021567,3100700.0,4.650945095534821,0.0,12.109399019004004,-33.05960831426211,0.5410457516012848,0.3190237629599872,12333458.062978936
50.78900524400749,25.758386514920744,9.654688662751141,-3.252125942529947,12.906814605281088,21.639406820085014,21.049088175663055,10410000.0,16.376476638379977,0.0,22.75308281730602,52.92080884785158,5.750392002787096,0.03478513927434846,4559857.083992304
29.584301098747222,0.18650870883841364,-0.16722654356889777,-0.10581565511192213,-0.061410888456975635,30.52628725851982,13.58350651182954,-37226100.0,0.8057933198496684,0.0,17.22530570654481,-88.51857812146336,-1.383402617647555,-0.12147885449720552,-27628677.188308604
48.73410504810666,3.059938974505428,1.3252744945320671,-0.32130624516100537,1.6465807396930725,23.809505598727284,55.169758334194455,14637900.0,2.5178625592294037,0.0,17.86286037702847,58.231067548883615,0.6551722127004389,0.16604479061731936,4151780.022482998
63.18024099032491,3.9439810358871767,1.5875608079403634,-0.20083036183980152,1.7883911697801649,32.59268037932816,57.388679549381244,25438000.0,1.8483801469130365,0.0,38.50220099017512,83.14195258192626,8.590106016325732,0.10695686002556706,8314519.793720292
50.86961989225077,23.425965339814297,7.605486588911958,-1.4077771153890932,9.013263704301052,14.118663478732595,57.82190221742562,15464900.0,9.92182553956412,0.0,32.209925326673684,76.94304027703564,6.419529938603554,0.15887636306990752,9172200.42789204
30.01337328173602,0.21541600857786491,-0.17432177279960825,-0.036377955430590636,-0.13794381736901762,15.92921548968176,29.34434189080955,-43631600.0,0.43288493078071627,0.0,33.22535408563444,-172.8898672910319,-2.718083653505449,-0.1358668600408431,-20642460.697432134
53.71131993212559,2.8909254159445226,1.2036286637151932,-0.1687821464226098,1.372410810137803,19.93684027543048,52.410011398923984,-853400.0,1.8804552878244083,0.0,26.746168527350406,77.97874805581021,3.5418819321007136,0.07291247533402614,6955087.80922174
31.245603129033352,6.352207282157622,-3.2211210646134987,-0.5132540277425086,-2.70786703687099,31.10751593907923,11.303969436729263,-5801500.0,4.2513764370364635,0.0,22.388996033889196,-178.24716809259078,-8.79461612151517,0.16693904121043385,7114283.548839562
25.5309567535554,2.086971263054977,-0.5507054152403157,-0.44970842409338063,-0.10099699114693503,23.11759358364224,12.08625354593743,-7618700.0,3.230787387534448,0.0,16.50639046015203,-86.02311247651382,-0.6570909063776327,-0.03111861208772055,-12940954.637896009
54.497216449064474,0.3642487109657786,0.2430136882241456,-0.06352536169430922,0.3065390499184548,29.7296461351692,34.66347595487604,126442100.0,0.5623767483049094,0.0,26.726773240861213,54.19086607570519,4.030814250143504,-0.03194921904857101,58652544.57980868
38.80974985847484,2.0136896120270933,2.9047167417770083,-1.6246439866178335,4.529360728394842,11.666615979520092,19.201669606798866,4348800.0,6.262047158963112,0.0,34.752059778784165,31.8493607032278,1.4228165485386397,0.11225664577936416,10584237.319786718
31.295610034978633,0.3825458949748466,-0.44886119354106313,-0.16326857280448998,-0.28559262073657316,12.405941176217512,28.23154189795042,12885200.0,1.5982597451130935,0.0,20.150501808316857,-82.6133579068804,-3.025989237637712,0.13410149555894224,13880980.187552817
31.331098879501464,0.04913341920081393,1.5292401422194644,-1.5767976034056388,3.106037745625103,6.1953852754460685,16.5538686992376,-19156900.0,8.365961808003062,0.0,21.952755228806517,-5.830651685435757,0.3480840821791589,0.0014264857488308312,12854727.334403884
66.31869662151531,9.91881351737021,3.562761974900752,-0.28470673487331233,3.8474687097740645,64.87090865443113,74.61917177704929,22748000.0,4.437939458342326,0.0,26.796391791286062,102.54254492567127,4.769570177013184,0.19668930557129088,7190764.779239591
39.71360261915982,0.6664683844385486,0.008970124636807242,-0.051772366480957045,0.06074249111776429,29.487253160269915,37.08344691996999,-3483600.0,0.5929706072443526,0.0,13.63239583163135,-49.357179810337726,0.20415574868010694,0.048911772715708,2497517.549911595
35.45222712039001,0.14264665088820827,0.04738614282824649,-0.10148750851949112,0.1488736513477376,26.923052234761613,13.865535685765598,-4005300.0,0.44265751872800096,0.0,29.40603157744278,-13.418010170734703,-0.13468321380401474,-0.02710543584841849,26060153.45302165
64.36614274210551,9.839486033231395,3.913477271479735,-0.6655204319601298,4.578997703439865,42.78685244015309,58.73791706196808,42248100.0,4.451077369408312,0.0,33.60615888598484,77.15022053571603,3.564158211724314,0.234030767707544,21642785.888578802
55.051865173987395,0.9398670209219482,0.6131412084951364,-0.13482639142565012,0.7479675999207865,10.909163419840233,29.890076615982494,-7134400.0,0.7910487660336265,0.0,31.395854207729855,63.040190532325326,8.241549876877132,-0.030592135921612397,20039562.073512364
65.42672461673604,26.481820164149497,7.36709747130277,-0.9165957955800454,8.283693266882816,77.72310697115384,47.80423964136451,2734867.0,11.123446411567476,0.0,20.77441033400404,75.69863210644952,9.820347633740871,0.06294855919929875,2571796.968087306
31.751052795173244,5.801292296670397,-4.091771605688649,-0.30974016296320617,-3.782031442725443,3.4934285184156275,59.647518662548634,2411000.0,11.553618455327358,1.0,18.33134255765536,-127.05308941729045,-10.345374415802503,-0.10998118869094443,379552.6412375048
36.15620210214233,0.17873075094772872,0.12303836780776756,-0.11319819904098227,0.23623656684874983,19.19197757419877,12.363044186952061,78282100.0,0.4086799683083346,0.0,32.57995105463125,12.355056886812166,1.3797636955493173,0.08033188168335216,54399555.96489443
37.46733333176464,3.0648894572606764,-0.5745382014214613,-0.566535196149921,-0.008003005271540242,32.52385426730013,34.70396619742634,1583300.0,5.9692120638746475,0.0,22.373701451004624,-145.63098337099058,-3.631676997599533,0.08301476060510049,3176210.1916775927
42.48077499363955,10.070956854117355,3.6760130923756265,-1.2248189408066388,4.900832033182265,4.045660972912618,35.79532374272183,21214100.0,6.188340081335318,0.0,17.131241694392177,56.92362097740266,2.3409602496044326,0.3655180357683717,31172347.396546025
29.042456444212494,-0.2116434423025737,0.7019096696176916,-1.268877734537667,1.9707874041553586,17.341089989050467,21.335894821561794,3115700.0,4.76281080456332,0.0,23.834312688675546,-16.433512688645237,-1.5400122244126115,-0.07799224544725358,101005.39913137973
49.307621283413255,8.867256626725691,9.37263467975913,-3.2713018643799288,12.64393654413906,29.51625124994089,35.33130161147937,4086400.0,13.756773548125414,0.0,50.38510351252369,51.282378314824186,3.0307308977859218,0.16702119955344616,4230654.168672647
39.21266622356073,0.2674743638658299,0.9808911973117347,-0.7672749908962864,1.748166188208021,17.53462819485839,31.108789669254794,-3826300.0,5.3583997423146625,0.0,12.073502111403435,8.426997670917673,0.6664241229099275,0.011021557995208488,-720025.6535525555
70.87361960325008,5.578837688810836,1.1955310887419017,0.10170420453414186,1.0938268842077599,52.662781996891816,71.47494929604245,6338600.0,1.8891935922803267,0.0,21.359245523552257,125.20431066493093,8.00268312510885,0.30189769326859167,13656561.672411775
41.20627679751803,0.7936769011944023,0.8840648711666859,-0.46098489623939054,1.3450497674060764,17.714146205357142,13.09952234540909,17156400.0,2.10032275757637,0.0,24.316662376725127,34.84936083305317,2.511052421708401,0.02395671168582236,5678674.119226592
65.20387288975043,10.696466298188113,12.684287504452755,-1.9286180072482857,14.61290551170104,40.286756228766194,65.28724679797796,5513600.0,10.333224762694938,0.0,37.22810903668504,71.60302842615333,24.90272373540856,0.22642583099973537,8340296.982540169
29.41785383007134,-0.2892364536263301,-0.047413875676408423,-0.1408737940035368,0.09345991832712838,3.199920654296875,9.116628796953743,-488527900.0,0.8416124722863157,0.0,9.70750151531747,-26.339622690344395,-2.142860775902158,0.013012210195295557,84022485.6625284
43.34816431273705,4.9156711379456794,0.9513264208357839,-0.3908965120460981,1.342222932881882,11.197736610797193,48.49059552746612,-8754700.0,3.46437382174309,0.0,17.780520631490436,31.59996313641732,-1.3996720142898424,0.0691222504946177,-2044803.0498051685
40.374188301130445,1.3774767894015838,0.1456758180078026,-0.0849796206438797,0.2306554386516823,5.161398292987862,51.15514105265856,8189200.0,1.9937333818973315,0.0,13.088550164541003,-32.55865518841036,2.2138220155401536,-0.09897981274668904,-1935513.6523632572
48.269128444653965,2.823612579155828,0.6591880903704066,-0.1660263753621365,0.8252144657325431,15.936295443047138,31.28158608978462,-7893100.0,1.6733488070218425,0.0,22.554488891246,48.58829198927794,8.25913038184851,0.12037058407956515,35557561.82147643
19.540202658262036,-0.09031431918474198,-0.20232377580794392,-0.14314080512264174,-0.05918297068530218,7.100534283773078,18.079777815689845,-11712700.0,0.655951074174604,0.0,11.012930047557441,-227.34965760733422,-4.675120110444857,-0.07099149311402846,-20359736.784285404
60.230694663007746,70.64050901978771,8.343137657768239,-1.48060597884969,9.823743636617928,44.18754577636719,53.883241655427184,5966600.0,14.13946993734673,0.0,28.769879592335652,74.93335379499877,1.5226786328117914,0.073154771617241,2133937.6607131166
31.599981128613305,2.88502668376384,4.2425842664080164,-3.3417662473852037,7.58435051379322,8.120962851643862,20.182520964233344,14335000.0,14.04844715978546,0.0,22.82131124049312,16.24107816978305,0.8380425878335932,0.2958949447405382,11840873.474393938
29.81840056311471,-0.054442833141555624,0.10048412011728658,-0.12284707340549944,0.22333119352278602,8.333325054910777,9.754490836555654,752900.0,0.45122667088342455,0.0,20.977784992501753,2.780812472644585,0.19188728352224313,-0.08302775306759361,-18778805.260817517
23.20342424001617,-0.0005525342473120531,-0.22405758654015528,-0.10681459271851235,-0.11724299382164294,8.074360505340573,32.5195218733404,4064600.0,0.6968985567069292,0.0,10.687795352257218,-137.31753602273122,-4.252245396817901,0.013478310549473084,6470330.809663532
31.24534244577332,3.756143615523314,-3.198856198172706,-0.44826411225643525,-2.7505920859162707,25.50523630563988,25.957908645627864,-9919300.0,6.134199330621718,0.0,37.34637053693017,-152.21979455011862,-9.948464131989477,0.15188048721538266,7836669.600916715
32.4419640821398,1.5951126887536162,0.8515066710277921,-0.6947031369797076,1.5462098080074997,17.307772612513784,34.42523300315698,13213600.0,2.692865643727018,0.0,33.47830080741101,2.854354747073797,-0.9716713177267495,0.3356642885167042,9313423.763955664
31.40936204521629,1.8867635863918508,0.9375714395884529,-1.1786299145378734,2.1162013541263263,15.752799767333459,10.567102456760722,-2770100.0,4.757319614056766,0.0,20.68470439320726,6.140180876622331,1.452134844321707,0.01848380699646919,6428548.200572318
61.05995134271907,8.579733200475204,3.712348385455016,-0.8075605526233112,4.519908938078327,14.956091776577061,31.198055560411657,968500.0,4.789036926101102,0.0,28.18992774077556,70.1701602024414,6.9813581419483235,0.11506531543888761,8221810.984177651
51.84943940580732,4.973537198026349,1.9870336996760898,-0.24559266591002338,2.232626365586113,24.758729644730323,61.450393350491744,1492800.0,3.881298987159984,0.0,12.78016593181432,74.64792442667476,1.3487895405430759,0.36167218583983374,5972924.650909527
53.792886186645255,3.834708631678737,1.3153739382016028,-0.2660269883330535,1.5814009265346562,29.33982802669202,45.363537523631244,-1201223.0,3.0034043013029836,0.0,10.098697624484407,62.65533087426365,4.1708824257337875,0.24818550186521388,6835811.081272903
51.57949096540149,6.3696571546944085,-0.2757947485801253,0.3007636010864494,-0.5765583496665747,65.06727350472408,80.88792236748107,-14552000.0,2.936814123352442,0.0,13.335509663811704,-34.086883571598676,-1.9594006038818061,0.11042342465768022,24593640.55174997
82.73946380564992,4.986622075421906,2.499492121846856,-0.3390287149145417,2.838520836761398,76.1905050242052,68.88093386322204,69358300.0,2.2243812341853055,0.0,41.018184857828075,85.21193158360613,7.332313237660411,0.381926694383246,33145227.703296535
44.30917685120019,6.1651190883096945,2.8980144841172546,-1.1024674921972855,4.00048197631454,18.76974971757705,23.90120138256229,69579300.0,5.858729635795124,0.0,24.20103829292877,45.501628763220396,2.840577651144605,0.08468621004704488,11968940.68707343
33.67334466556767,0.1651834961134213,-0.032003601919370794,-0.03809158914237348,0.0060879872230026905,23.636590626929024,26.695588262936756,-943500.0,0.4054217510167017,0.0,14.390271457080198,-71.1409093051206,-0.9090854636176131,0.1249418939958285,4433725.689356212
37.08436847598308,0.576384326619106,-0.07611959952195946,-0.00667752488920953,-0.06944207463274993,16.0003662109375,53.295107159139185,18339900.0,0.3588535602904237,0.0,22.393084861781016,-86.67462782198785,-0.5573044334509109,0.04236175956776151,7520305.364181008
38.86179720205105,0.5503821262279338,0.10374214068501075,-0.0550046056881231,0.15874674637313385,3.3899072188277892,52.40863861868817,43274700.0,0.6163879804926224,0.0,18.203257886082124,13.577373157811842,-1.4738418560211524,-0.032331366726641664,7927565.007466903
28.86112409601202,0.20669403774112993,-0.18425539042803507,-0.016604914104632384,-0.1676504763234027,4.0401199127626946,55.36721981373838,80704400.0,0.6228928120986672,0.0,24.276675777931093,-111.22749004633856,-3.3099035978830775,-0.095336117003395,26687707.900158085
33.69944729617472,0.2756159844938253,0.08250246594535326,-0.1271087268562547,0.20961119280160798,16.393436215568038,7.574893565469267,25630800.0,0.4635647862878792,0.0,24.260232347573407,-2.9347642916885226,0.7707121895382721,0.06845007168086527,12256194.437979063
56.247992373727485,3.5660579651535613,3.0407285578318977,-0.7803832077922639,3.8211117656241615,12.837471320713778,23.69060574547518,6569500.0,4.709888900128509,0.0,28.687859818942954,55.48574683427813,6.240146910942257,0.17461749568764584,6375386.656665973
61.189079384596965,10.063149657155236,1.8253893375758707,0.10917881139828634,1.7162105261775844,43.56923122212573,68.50617291351028,-2803200.0,2.9464413481777125,0.0,25.696019712137474,105.52872741252403,4.650297308732943,0.20874147808448817,9478160.161208319
30.385001951886775,0.04726718380437234,-0.013391602413594939,-0.1119554007066869,0.09856379829309196,18.115953046023797,22.005063487622554,-38647600.0,0.5157859093999485,0.0,15.18314075402897,-49.48167014534842,-0.33848981523805516,0.1799170828158053,8416334.346684052
36.14209975794387,0.8354961979723825,0.12159194632805637,-0.08114434875669044,0.2027362950847468,23.275904593093426,41.418772916451275,117189300.0,0.6424997346646636,0.0,14.980923325643639,15.586084047282574,1.109464596535115,0.20504160653786252,46585790.301375404
31.384316802664674,1.3631183912810059,0.5935093667210651,-1.1873682659130562,1.7808776326341214,16.732247396545148,14.482132838883004,26493200.0,4.727753630116864,0.0,15.637291990270676,-20.666865342814607,-0.2901826886924389,-0.06223023636851358,2770223.2226347495
46.522982807510274,38.461684672068486,17.332906535437814,-5.086026494116894,22.418933029554708,12.757117466438105,23.265518048769295,-56300.0,26.031294476932562,0.0,31.787828480325707,55.18077035142459,9.387861619381534,0.22145666373958922,8443442.797261927
19.23595480142407,-0.11985402526692468,-0.46237582689853696,-0.07603144337077816,-0.3863443835277588,16.53745649321782,31.718317315449003,-43891000.0,0.6005435230412418,0.0,31.07642031844318,-194.01204873455956,-6.984906237646001,-0.12840040022068153,-51071425.899605945
37.00058682229071,2.8811526254898894,-0.4642863355720266,0.0331376016316578,-0.4974239372036844,18.835471481200848,55.96617570028343,17711800.0,1.6182255775908077,1.0,26.055978304597254,-68.89383149076184,-4.916653668740676,0.012841991290094884,24473883.69109782
95.44112695053562,24.510214527375382,4.724687734751626,0.9363378750734843,3.7883498596781418,83.51940110989437,77.7307547744429,7383500.0,5.772465455646528,0.0,21.569397047550993,188.33674270556963,9.524247039648886,0.20807577293848697,5048144.8606573045
36.50863181492226,3.0051445621822097,0.504354408329732,-1.10827566337512,1.612630071704852,17.398633410056885,41.35510850267955,1944600.0,6.15885339521511,0.0,21.99274004736296,-25.77420842868659,-2.761696120313555,0.2280179521897181,4089249.7611084827
54.09489822845567,3.51073136403717,2.063060032187167,-0.5345606525497226,2.5976206847368895,18.68114670258729,29.101800748368603,41463200.0,2.6973996333134607,0.0,27.633434163751172,62.865706973191706,10.226963787268039,0.16328047832299486,43799446.39660528
34.194024126109454,0.8823173597277147,0.003861638462751671,-0.16332354279770903,0.1671851812604607,21.149459760226673,37.149951593642434,9667400.0,1.5336153310385858,0.0,17.97613347302308,-97.74735204660169,-0.8550303819219225,0.08962366121024884,6685121.415204418
32.49887066520302,0.3722813289255811,0.46634662016982276,-0.37732196318649547,0.8436685833563182,25.07835678556011,11.443874123855188,52893500.0,1.1696675776328496,0.0,38.130823778846235,15.278268389754388,0.8299845195817457,0.1434872570699306,8709558.448350009
59.350526442378204,-0.5155736684032206,2.2934530458411473,-0.2915716861945934,2.5850247320357407,52.7972662231304,71.87276028997218,7638900.0,3.4155155438104945,0.0,42.55308635258941,80.39759125558783,2.3204680900377994,0.2723508524296098,10702864.501378184
27.8273176299553,0.5755276044969833,-0.7517866909408468,-0.610961065405661,-0.14082562553518582,20.427572384122882,23.534575498963775,3875500.0,3.139720724065277,0.0,12.900125637598247,-182.01025512105633,-3.906177595343235,-0.06449090253427414,-2248624.961082993
37.13805178102754,1.6089222601290203,2.8560286728462643,-3.957964781418987,6.813993454265251,29.62878040325211,27.79982639958081,2052300.0,17.247393162450088,0.0,16.905085325160208,1.2186349390371845,-0.3088291199894953,0.14429499545582525,1318455.393782683
29.254562897159072,6.8019436936468765,-16.469319699077232,-0.37978775238929074,-16.08953194668794,7.026031869860624,34.22620824509946,-8282300.0,30.415768636956397,0.0,31.320694471599445,-93.24932352389543,-4.628915209221905,-0.14604412229452254,-7273914.971281867
60.783362046123735,12.406142427026907,2.0374174226249693,0.15644375986368164,1.8809736627612876,72.20521584535257,74.7835334794857,1236700.0,8.294196361676129,0.0,13.6654240640017,95.91411748776825,1.2730818511146493,0.23834639076055347,6756354.26355861
56.1152646398183,7.7434910055171144,2.5664443543533935,-0.4924349565501691,3.0588793109035626,32.382390967626314,46.27096490836947,20277700.0,4.022215198729467,0.0,18.192453253399165,72.19423293371582,7.231412916940258,0.22805037695044467,19338057.233320866
36.63845998321895,0.46199867404082084,0.2102741191371038,-0.2230400263198769,0.4333141454569807,17.241283552203683,17.185018877107282,8688800.0,1.003009275525382,0.0,16.833095148652827,25.083655588575393,1.9268037630396484,0.30780779727989593,20142813.867704976
52.18675465481261,16.289590830011548,0.7811529660068572,0.3899087266595107,0.39124423934734653,42.638277117147815,65.8411995020672,10078700.0,10.727463563748854,0.0,10.861292276393607,-14.939863296290142,-0.8597952885510237,0.06724324725054617,7254934.918335796
37.194858878661904,0.7726877557357028,0.1383355173557561,-0.19620629250628385,0.33454180986203996,25.93837637127286,35.569154312960144,6058700.0,1.637056671600811,0.0,10.978975611686344,-5.320465085858284,-0.4319709873131939,0.17680464494701598,3109611.812973213
29.80607533379358,-0.6843510436318923,0.3736571721244104,-1.063113990877335,1.4367711630017455,5.353460563287355,21.18796775427224,51300.0,5.848809236623081,0.0,18.30088972702017,-31.724558847901715,-0.32519411147222643,0.004216094058654069,7424561.064641156
65.87519593162153,22.74668773109022,10.242140272364054,-1.1197200826240366,11.36186035498809,30.779809944230088,47.81559808639303,14074200.0,10.490694911266846,0.0,30.533993574205997,81.96335538964362,13.465283350042021,0.14286010602403548,12076693.662378721
29.340113104378773,0.4780803249912182,-0.40044946761484823,-0.29454402370767896,-0.10590544390716927,18.348691279043315,18.0531780054707,-35503000.0,2.099991142854462,0.0,15.368577921958611,-120.84814186992834,-1.5553991098595454,-0.08811200633308124,-14125827.815188644
38.587745512194815,2.1594164120838,1.669183865160619,-1.096288438622917,2.765472303783536,17.12767718874485,15.56994384744373,6965500.0,4.4891402317813105,0.0,37.437088525042086,25.75372238149276,1.7177309606299862,0.004685620026047931,-67965.12080219861
55.487342919445375,7.412776496996543,3.5146155416917964,-1.0617241203745245,4.576339662066321,41.911737737378324,19.79064350083233,39198800.0,4.8886801688341,0.0,37.847155423039865,56.47977591387988,6.548110193486915,0.19744324634254964,6869109.4156286605
42.690025343782985,11.288306520556773,-0.6997446155018849,0.18307386753416321,-0.8828184830360482,44.35572833822066,72.3992042713504,-2571300.0,6.07039399728118,1.0,12.496226870158665,-36.22350146575036,-4.017368938276207,0.07896214279858212,-1955133.7490105717
34.001651053527006,1.8241547788965136,2.7365907354252954,-2.116547357829087,4.853138093254382,10.171890719413032,6.345793977172563,2495200.0,6.697751008525629,0.0,34.27241566861639,21.147309414459734,0.5360650060384158,0.06175859710612644,3981039.315483783
49.810704932489045,7.30765644427558,0.9673928618379932,-0.09561591202571607,1.0630087738637093,35.87110236343611,60.051745312053335,-6184500.0,4.597943826542916,0.0,19.000605258119933,50.97893319241181,0.017514576108515024,0.23515097151176548,8661132.84701782
68.05734972321042,25.874055347392527,9.461076866794656,-0.680734313865619,10.141811180660275,66.59475765787097,72.28098167772093,1352900.0,12.799066136937215,0.0,36.18725114624576,100.36019046059667,4.270995824485719,0.1979301463656537,4224376.816117688
29.702580494797587,0.8479764572657729,0.06998819801536627,-0.5696106148639355,0.6395988128793018,9.369381466785219,7.671995856738856,-3801900.0,2.0623086244606155,0.0,26.509294593946734,-19.01863306611325,1.5718679728312888,0.05589589237714148,7049757.073976935
39.93545766406919,-1.3641711887377141,4.201648371087799,-2.352867102015864,6.554515473103663,14.9164454427881,26.984030703551998,20916300.0,10.976702157993746,0.0,31.80306723474434,31.608188475436055,0.5325186128600446,0.1651109718521282,11432100.299987895
53.98224143829584,1.6506066229222114,0.0452995204039901,0.041248327786619084,0.0040511926173710175,39.34632916302977,37.48325590283762,12363400.0,1.0103414708605207,0.0,15.939634762832089,-1.8898611122424789,7.20786858055139,-0.095835671861653,-460458.3933588868
19.78716794965056,-0.264821202287024,-0.9080912143036812,-0.2968816273840791,-0.6112095869196021,9.871217231285078,17.269225873079773,-20087000.0,1.7014270575206571,0.0,24.794585427476253,-271.79686071977824,-6.44188347346248,0.0726180130425045,450136.54051199625
43.12336740653999,8.480352594063731,0.6922875922044227,-0.15224891452987188,0.8445365067342946,18.48177505615035,56.191053048492336,4997800.0,5.51471453115374,0.0,13.254268500993472,-11.203796120720428,0.261573686485392,0.15197093713802545,22498938.037214812
49.150179165615114,42.001316703357475,4.748454445236007,-0.07464693381786436,4.823101379053871,16.006627252308963,56.67018538874191,6787900.0,17.523224295668186,0.0,11.719023129458522,50.60027551848509,2.954004295318725,0.13805167621166492,5476540.769801747
21.225727593438037,-0.8604933155548764,-0.3205260002849002,-0.5031292903700691,0.18260329008516893,0.5398237104411563,27.321379149537805,-22321800.0,1.960710414727194,0.0,19.926056696956977,-181.6284266469499,-3.240850269624546,-0.06518960636130286,-22771190.94476317
54.27361587384119,4.428673579801057,-0.5285569913614552,0.30106774958773097,-0.8296247409491861,72.14127552121005,71.34979236752885,-48550600.0,2.501870942386352,1.0,23.470501269228922,-42.15290823908408,0.24468101516829716,-0.035173703027230184,-30332814.65955785
58.92617316102116,23.06132882686495,12.21103120534849,-3.2199540817510393,15.43098528709953,50.928654956803975,36.97283065724127,-21424900.0,20.46265548833004,0.0,28.65277611152064,64.00564128741244,6.448052194595601,0.1874966402107625,19735994.6101734
29.854726356853888,0.08922611084244636,0.297842851342736,-0.44235199332304187,0.7401948446657779,15.271012793337242,23.921515985243833,19315700.0,2.005744916127364,0.0,13.78419736849474,-8.126490310468258,0.09022725547489469,0.007767634739376878,-5537522.221417577
47.524638616775825,27.488951733417025,13.227713725043031,-4.360425119424455,17.588138844467487,26.39508361058244,53.04209681478928,1390800.0,45.44196649835272,0.0,13.94773362635742,37.507789910551125,3.1199218398961146,0.10936681521541461,499530.5557176261
21.459892422997168,0.4689931171014159,-0.18142179423747962,-0.3601016624313313,0.17867986819385168,16.438359743568842,8.316281263300093,-15173900.0,1.2034295673707311,0.0,25.2411175561768,-87.28849586604088,-2.669974316818611,0.08954363314499535,13254661.382607121
49.56783071918417,0.2904292278363201,2.246199279913185,-0.6532929874559747,2.8994922673691597,14.503804293147546,27.695018710306204,20943000.0,2.6539164345829147,0.0,37.55688560092689,54.84619272683758,19.04605966455167,0.046003397720212724,33446948.432211753
53.875147504972,5.382167959848843,3.306995126101114,-0.7062615223383304,4.0132566484394445,9.892466414212679,50.01282025281182,21203700.0,3.751791493388149,0.0,30.572646141673204,69.84865641134598,11.368173965603303,0.2173209491751009,64289858.24301505
67.04747085046691,9.70471280825376,8.625845220949543,-1.6053631949232496,10.231208415872793,53.21163377811686,58.99969840657027,93942200.0,9.288239135666922,0.0,40.124780458478355,83.8724791561076,3.999596975755189,0.14330569309030486,87823339.82399544
23.129390225812845,-1.6130913280875063,-1.5353166800224471,-0.7092310521856539,-0.8260856278367933,4.158094842312798,17.471178907525445,-5263100.0,3.614014817321778,0.0,10.868027377605005,-166.25308593652525,-4.484720917830394,-0.03771719203939143,-1328226.2648039758
57.55906318681599,3.3181137082374192,0.24117052372769265,0.1779479480027633,0.06322257572492934,46.003010906986106,50.230530822215,-6730100.0,1.8490448187577246,0.0,19.103990656853032,7.133203562403326,9.598032129359236,-0.14462895145048182,-34477146.06860266
24.13346703625228,-0.4710879774774952,-0.7588343046351582,-0.6350368400748468,-0.12379746456031135,21.5782967730768,16.384212648343624,-4262200.0,3.4473868822152314,0.0,13.514614074939567,-114.07861907269965,-2.6543629524559016,0.1983273143016884,3600999.216013513
30.542911968995746,-0.4896883966246719,-1.3539948125037427,-0.8791509382345398,-0.4748438742692028,1.4308172403484078,58.38081200378199,1039500.0,11.793136892973592,0.0,16.639159064548963,-83.03340942341168,-4.937702406305431,0.10058498645585766,970964.9788694239
25.59202030185989,0.1101982639299166,-0.38936745294672903,-0.11096127526592736,-0.27840617768080167,3.264114101366839,30.142476117827496,-2682900.0,1.421242217128738,0.0,42.330298011857394,-105.84795725532736,0.09215453981680032,0.06271969982600246,2041532.8915239172
48.493685843967974,2.474967077070964,-0.24637688370904698,0.07396925744604288,-0.32034614115508986,58.88301085929391,67.433487674163,17613100.0,1.2642617343884188,0.0,11.80503594126614,-39.849183188268825,-2.573643745190485,0.10606541693780287,15358139.459044712
37.06576615087635,19.41432421215586,12.05113412134665,-7.68194955644962,19.73308367779627,2.4715783178208888,9.312925875497685,7850600.0,31.701571962933983,0.0,28.29451151400531,35.528894566764635,5.0427421593911,0.13261763161638954,4315267.747133089
69.10134896037029,3.3066761506049502,0.7868532056154436,-0.012350324538715762,0.7992035301541593,58.10801754756762,78.86201617122579,67498300.0,1.1699535911703052,0.0,21.140804546770198,114.49505099958168,4.539407332794599,0.2367463813297379,23921105.545084767
35.980237741989576,3.0462397420556044,3.581887680310217,-2.655834698553175,6.237722378863392,12.153394459787597,24.993415983357206,-1092300.0,11.254312653888089,0.0,25.49347179664843,18.65204814747626,0.21237698668684576,0.16347540296967428,3200836.453137731
43.36720577160836,4.051482293153327,1.711932400507095,-0.9088037533701763,2.6207361538772713,19.71329137923491,14.391076478742187,49417500.0,3.5821716485808137,0.0,21.88792642989741,35.35294996508179,3.5937028072829795,0.12690378112363596,26702068.34634408
66.19204151307163,2.631165418919508,1.138346280359137,-0.12691086068439272,1.2652571410435298,36.66661580403646,67.53026809810767,78391300.0,0.9863896782828437,0.0,61.273140291266955,93.18642730769002,8.558134330335514,0.29138947347810806,46416600.964877576
50.36795902929863,12.582417146769842,1.5106070254569772,0.2596184574802902,1.250988567976687,12.484591765839665,54.60551532444791,5509200.0,9.324027100714275,0.0,18.687623956606643,22.711270794987772,2.765798240262292,0.12375884005578176,2985694.4749176856
48.48639044536563,4.2363677854874595,3.496358559045916,-1.4224162497381734,4.9187748087840895,33.833586837050774,32.80829862176946,654300.0,12.281398075278721,0.0,19.35444838563466,43.965067576727755,1.3745116228441234,0.13207055353304398,-278261.20809811854
57.761488185668235,2.197061710735696,0.9020627118849092,-0.22369605973160933,1.1257587716165185,44.21047559389004,42.4737210174949,32990800.0,1.590466344145768,0.0,27.077792199710306,65.56201745736034,2.797467195535008,0.22069798538296231,19459232.911565192
60.925617474636894,2.9217446300104513,2.028231580633104,-0.39290543589808546,2.4211370165311896,27.355661867183642,45.422322555318885,9200300.0,2.4993437505703384,0.0,40.88639450195222,72.69170384046816,5.654379711821522,0.3470171840437168,11544851.202567942
67.62806364000615,75.09765345410506,20.979786930374985,-1.511609701921465,22.49139663229645,41.15415273769874,69.49281138973149,78422100.0,29.748010154803435,0.0,37.58076151592692,118.11817668084592,3.80450660579951,0.34385552151142856,34155432.81090547
64.58437733433679,5.563162295408311,0.06505211303643677,0.28282310362201124,-0.21777099058557445,88.20966518104412,91.6733697321896,92755500.0,1.6611292591819882,1.0,15.810876769010846,25.826762020838952,-0.34071606840258134,0.29394134138762873,91435362.54795672
25.94736641007539,0.16061985530572187,0.06936632024890699,-0.10145985709153682,0.1708261773404438,5.128085997104738,27.770022705517828,17997700.0,0.6245132189634447,0.0,10.717834582305816,9.674639475693983,-2.914325621653015,0.13235331745122023,9334023.741445944
24.724984959847006,0.36977888033161577,0.07870926601962225,-0.1347977234940629,0.21350698951368516,2.9701811039978847,18.136532019478114,7835800.0,0.6328466650313738,0.0,10.218039694256627,-14.002144058850092,-1.6000014085036058,0.07362299679098605,2522434.1202742937
23.82349632573684,0.5493226257680988,0.3131900043819513,-0.7777806448127129,1.0909706491946642,27.007960362157252,37.91539134723937,28452800.0,2.479888717150858,0.0,28.350845555707526,-61.754854902284734,-2.0199023120348674,0.29969599905340155,30105267.00010264
51.11079049883462,1.1496039329725605,0.592087089317225,-0.24857427233996277,0.8406613616571877,37.2092771097401,34.68584762558381,2022900.0,2.0112926153385935,0.0,16.908391022986887,43.19039022138128,4.090986001789949,-0.04856901132417642,-45937727.74353659
38.9738850060482,1.5592305845358965,-0.05561235866879599,-0.037561459551800194,-0.018050899116995797,18.78169640004415,45.368817931918265,3793700.0,0.9138865841898596,0.0,20.726465051048574,-96.87684690853834,-2.802324143518135,0.08578835483047166,12950653.867174417
34.899229645505486,0.7377368860769309,1.1875673265752198,-1.088535560644603,2.276102887219823,14.485189263464276,22.642359832816755,-1758000.0,4.857629819647522,0.0,17.354868584212653,5.066315931107111,0.8964400719529315,0.037911912716086724,169751.07962316822
52.808673563142456,11.893493553169748,3.756071034084357,-0.8913213818332277,4.647392415917585,25.922078924392665,33.64242300613109,9218000.0,5.320127385569152,0.0,26.971586690656107,58.94426438255454,6.948717613464725,0.13611408696212451,5601729.2560561495
60.00878815454673,3.6807922586537103,2.1171680415853444,-0.4856419049200946,2.602809946505439,47.94520070720003,34.69151709551927,7620800.0,2.563293001893487,0.0,37.839325511318464,65.45101889337946,5.954992497483333,0.25194539064988714,4549208.347608974
46.25898041044979,12.265256437739197,-2.882599449560587,0.8677330617648096,-3.7503325113253965,44.127689196804454,68.6788408365512,1537500.0,11.850361671644325,1.0,29.734564173477537,-53.66317469794473,-2.3721515267672877,0.18286729108702088,169248.5479636014
31.58907022479808,0.36914759086181803,-0.06505356284503705,-0.21473147912538793,0.14967791628035088,16.81038912351636,9.348307788774578,7543800.0,0.8383200446604577,0.0,17.181682760613345,-37.51573999582787,-2.460842546762846,0.19651170722150077,47611447.42029437
65.67300663312365,28.152346406109388,9.131933717601186,-1.4810238556873845,10.61295757328857,30.957343540495877,45.62857996674484,40487200.0,5.913304816570631,0.0,50.37911689192689,71.26492827777581,29.042710662969935,0.4202234374067612,33581103.196419775
19.355892911562197,-1.6939649994189665,-1.4081292534763747,-0.5716164019621987,-0.8365128515141761,13.872012207035793,14.235595561103752,-2689000.0,3.5981295838129737,0.0,13.836979009226656,-181.44945257213473,-4.156200113559005,-0.057055142374539056,-3654970.0673866947
64.80631553436857,12.320706078068469,4.423045161504518,-0.7537561894092146,5.176801350913733,32.892897154380464,36.15897711432038,64822000.0,4.8725807153713765,0.0,27.881700934946103,79.28330531272555,13.172019019078427,0.35151300040481565,1983258649.1796145
34.16498829475264,62.6419379800891,-17.735838258570766,-26.531811669867093,8.795973411296327,19.003320326957038,23.03430512364841,-52300.0,191.41917458401795,0.0,11.071322851746693,-74.37708988332753,-2.165954891736709,-0.09543274619571364,6086.390753380666
28.603088915188984,-1.1885574167075106,2.6445390117390843,-1.995355324710367,4.639894336449451,1.4619877822651888,23.328440310402176,6043600.0,8.300540630961693,0.0,23.068455321699123,27.947789121760376,4.210630998685561,0.10716659824212026,15763943.014154091
44.792192048245596,60.65364884449332,0.4684335564979847,0.4469321502912176,0.021501406206767076,19.719780395068458,55.053353712739636,-2906000.0,29.89194263736619,0.0,10.8728561750464,-15.550253659305149,0.3411399158292385,0.09435020718596349,-441685.3072949262
31.144631296219533,0.7924591501757234,-0.017319614641138514,-0.27046223622144183,0.2531426215803033,25.27478400845102,11.236872020486103,-55144800.0,1.393733701962854,0.0,17.354005237512293,-21.69184599406917,-0.8687181650200902,0.06238238040693092,-19170383.44049435
37.07798421715815,2.6504557731844898,1.4272436814484024,-1.1818713189333936,2.609115000381796,12.537406796156304,17.19447318925347,501500.0,5.716867333513976,0.0,27.678032126796996,22.423118701927812,2.1733769001061978,0.12726913716386049,8381382.813431915
19.110869390729714,0.024380911756054502,-0.641456648933243,-0.3812982072159163,-0.26015844171732666,10.788312779869793,18.41629592072397,-12096900.0,1.9029756071232076,0.0,11.042629050099684,-247.74699436845646,-4.3552208617943045,0.009237270562974364,-7186348.342706254
37.125595889671054,-0.028451471797040995,0.6452419637640503,-0.3688630031760278,1.0141049669400781,7.536292137191963,17.997073565490318,45245700.0,2.123568278581305,0.0,20.467684829256147,34.48493180774307,6.336435576459069,0.048907440529065455,37035301.24477258
24.919393063757358,0.49054087119773726,-0.42872150719544777,-0.42129748908053904,-0.007424018114908726,17.320338435800295,9.005900387161502,11339900.0,2.553346994333637,0.0,22.830956760018505,-65.70122138702658,-1.069905475280205,0.0878493528338687,-4210654.247016736
49.38053123404973,4.020617394167175,2.5734455438862653,-0.867153625678494,3.4405991695647593,15.426346499475219,25.25736897683033,-36124100.0,4.38299213165072,0.0,24.25446244345727,57.86265674056066,4.664001573188227,0.15774496111413178,4714747.096545869
45.127496717885016,1.2300734922912397,0.33129846827857534,-0.0985263191368062,0.42982478741538155,20.0,51.89826632672162,28756000.0,1.7598091314490252,0.0,13.89737775746748,46.976963191658875,0.2865560297109379,0.10612435265445659,6228135.367080811
45.289829432289245,1.7923014550377587,0.9160811283492336,-0.32329766305996355,1.2393787914091972,23.664128065104162,33.753947341836344,-18598800.0,2.4857628047354785,0.0,18.57776647474767,41.1859631289261,3.379752688378829,0.08018577859672847,3551936.063924409
58.64104444250543,7.001576756195021,1.7737276429860458,-0.13640903036113405,1.9101366733471798,61.261286030066756,56.436370379012736,-4619900.0,5.153736608795864,0.0,20.76563239961967,77.35138400753121,4.966743376564906,0.1278548250117936,5224755.641565624
45.60716971035499,7.5268594696976265,1.902748644687307,-1.0823272049256003,2.9850758496129073,26.37360564407611,16.97911343045131,440637800.0,6.643521306201279,0.0,21.041382051054946,38.53583558064507,2.635333067088918,0.24776560503104939,882321523.0887482
41.029064413930485,4.474604878910384,0.204195919858563,-1.1745922389163201,1.3787881587748831,46.04053462922251,51.31407846335957,26062700.0,5.914724544887967,0.0,20.280655198347038,-50.824668019048914,-1.2677024373432986,0.20980970682447825,21478790.801325005
56.142566935262685,0.26554816439217177,0.06827053070066746,-0.00977318228635854,0.078043712987026,58.536551326305606,59.57938920035755,33802900.0,0.2623372608511752,0.0,13.595166179195855,67.69687336624484,1.5410902979317678,0.09665538661370747,17760307.174182076
39.77540951539799,6.088797565832692,9.951687322233738,-4.186371344627412,14.13805866686115,19.06597500014743,36.08283615301157,7516300.0,17.899816175073187,0.0,28.33643948531627,36.923462368986236,2.7591000534785124,0.1425196150963236,3655361.595961865
66.4373879509157,7.022228412029108,2.2316180802745578,-0.1562791176932068,2.3878971979677646,54.80335160167247,71.10591568668661,4059000.0,2.8461732457024755,0.0,19.753317917253202,100.13976908856527,3.9451776507466843,0.36348406671941386,17168509.235892326
72.00683108678606,4.459214686908609,6.179448436602883,-0.8287810761119383,7.008229512714821,82.96212895394159,77.38944784504618,2079400.0,7.196315395517239,0.0,25.905568256496117,75.28420189715288,4.872666372199888,0.3350049462229462,5581327.11972188
49.881381958195064,-0.7049386547825804,0.9477123446284565,-0.2830930943000318,1.2308054389284884,17.419727942470644,37.318363468981325,21672700.0,1.8005604872511216,0.0,36.190051012662636,53.579603121127526,1.3762677995292247,0.11623309454027242,17278267.292394042
49.34243928835985,2.7364744331823516,1.5393514867637208,-0.4665592019016298,2.0059106886653506,20.898897594595983,33.84558095751296,2793400.0,2.436651837742798,0.0,30.828695439325063,52.78251009303954,4.405006736185273,0.1251616500285519,3997491.523861437
36.4219416697976,0.6542727218757136,-0.8551402560407553,0.09172831227337075,-0.946868568314126,37.79048362557276,55.38426887135202,-59759700.0,2.4130221970966477,0.0,41.791736938331844,-106.8000332174378,-0.996726494404762,-0.04594520670944011,-37713932.103294335
53.366807034197066,1.3092632096051098,0.10262536657482713,0.02443971278549123,0.0781856537893359,47.20001220703125,65.26720506862978,84892500.0,0.6159201901750434,0.0,15.147091175665722,14.806691911560232,2.2182871754661813,0.1107328207476001,53403994.48197602
33.10307392219196,0.3392393639360378,0.0518497289000166,-0.0532575383321352,0.1051072672321518,1.0638535319409697,41.27469261765301,30847300.0,0.40091642513205783,0.0,17.21177517329314,-29.56723711601349,-0.931314578404906,-0.16843381432236962,-40869030.25255336
76.45892880596107,16.702100913152805,1.8113099575138278,0.47209093944857305,1.3392190180652548,87.38847486092159,92.17935217841587,113526000.0,3.3846147050025337,0.0,25.96681841166239,115.58388285011989,1.8779044927552688,0.21556505864959913,61097061.66094368
34.93235559490642,4.744878871255267,1.2582870674842752,-1.4790994529368753,2.7373865204211505,21.72286044398187,10.63846953264349,5743700.0,4.295586992262477,0.0,26.88856950733606,4.464441794509399,4.468084551021199,0.15933296651125878,8493009.609668115
34.650042018128254,2.7098270800933335,-0.3601460845306832,-0.03447848100205941,-0.3256676035286238,18.61696731124323,56.19547147451353,-258300.0,1.7639786796855568,0.0,20.09366235125014,-98.94178287225806,-2.304100312315116,0.032774437300391576,-1481113.9473185677
41.79355068889124,3.9377399647653135,2.024643550700432,-1.015907453567182,3.040551004267614,16.949170076190576,15.514220048888347,14162000.0,3.971951819137068,0.0,34.23494633895426,36.98399022050641,3.7545792155208604,0.12063582660658935,5017030.376497902
37.54286131307382,5.236808007513957,0.7762839619487636,-1.678681213037029,2.4549651749857926,22.493477050847954,26.005788624490616,803600.0,10.091680763367158,0.0,17.241447971690437,-12.967577912119474,1.015292521716941,0.1946664872951836,1674866.8613204216
42.88994516716341,0.9292284368086143,1.041343062265213,-0.47200994847334443,1.5133530107385573,20.960670320334494,35.452205011225054,-6446800.0,2.8818398063912913,0.0,23.013478225618236,31.670493903058404,3.0340821064011116,-0.039964268016392676,-2029984.5238627738
36.58030043129028,1.21529430573149,-0.2436010662739463,0.021726896160124798,-0.2653279624340711,34.86247843296458,63.632369807976374,28552000.0,0.6749680263433773,0.0,18.410892723754827,-83.28515073356115,-3.4811844496142412,0.030452263176047937,22470412.99166017
24.21337900437787,0.05013353017371003,0.10845971107099217,-0.5662374582796036,0.6746971693505958,10.379185892457398,5.756121026016248,94100.0,1.926677490910881,0.0,19.605553814995123,-14.014487717084126,-1.8899009804411113,0.1706007706479336,-895820.6856880172
68.86808998276527,9.66979853935004,1.2711780262655736,0.306633772989789,0.9645442532757846,70.35399126330927,84.60931395128732,33972200.0,2.9350828012508394,0.0,21.071814014447195,135.6634664751051,4.02143405500243,0.24960425811257939,39860846.57666697
32.85239959820154,1.6448613757700628,0.25174018334706716,-0.9268119238754797,1.1785521072225469,8.828024116756314,35.591044927225745,26226100.0,6.189982664848247,0.0,12.252255991787136,-38.25314749703225,-2.3950471925001056,0.21892096137750636,14097265.366691552
33.20071063230968,-0.1299874442531177,0.09293483837788585,-0.6447613682444397,0.7376962066223256,18.375981524249422,24.470950765114,14648600.0,3.002799305826291,0.0,15.0150830310853,-33.21369463394678,-0.37918431508119926,0.03796521255454974,12923485.790894393
34.5573715828885,0.6869970065183395,0.09190656605713343,-0.47947567289009807,0.5713822389472315,16.52322698574445,24.24672647437141,-3688400.0,2.712633172757651,0.0,13.15109975097213,-35.65326638348942,0.005242128157878881,-0.09949218563110764,-5608011.467585923
30.57570881874028,2.1835612382222394,-0.4517557819184077,-0.07935624051913637,-0.37239954139927134,20.257387754701522,40.48208720949453,-15282100.0,1.7388740588196119,0.0,23.60827981945606,-152.72375862169775,-2.654756569241504,0.08479192117248291,3261487.999969637
54.95399321375643,3.758146938865764,2.722320834761206,-0.718469032073108,3.4407898668343138,35.70235969452095,38.56998914577969,10062600.0,4.399783313016842,0.0,31.732007559673857,61.47812403036054,3.417499961329706,0.24176452451409755,6867636.726376534
29.820707637950363,3.213878278705181,-0.18089578237652404,-1.3478508499774817,1.1669550676009577,20.658258453821798,36.56302078294011,3292400.0,6.794056488473226,0.0,13.896421377193347,-87.47016572864503,-1.6361866405070038,0.16316628908969907,2117687.1647515823
26.827251454873064,0.6014345256090081,-0.864977064424636,-0.560125080935896,-0.30485198348873993,17.718123966959077,15.25027747506384,-1717000.0,3.1098887926550542,0.0,12.937816060567567,-209.71244104166604,-4.624611794766336,-0.04304449422873786,5304548.985065197
34.21925651965447,9.14311988119573,6.120154293505436,-2.569305004678883,8.68945929818432,36.238498026694806,48.12710821180596,1797100.0,10.747255476776376,0.0,33.82977455173663,24.694691413959756,1.4038273018438698,0.08955210655169325,7163968.335241243
31.91226674956243,-0.5590433308847764,1.213205985731463,-0.7429638300761685,1.9561698158076315,1.6834324897332882,39.921759975263114,-10007400.0,4.692990479280633,0.0,14.604923114653825,22.115838443029894,1.564430681038321,0.008577257597645499,12645091.677053627
23.114806531694768,2.2171896761261394,-0.9439108734024728,-0.7947835020864842,-0.1491273713159886,10.060611675026138,32.50616292458374,4226400.0,3.9700525642082916,0.0,20.383965041439826,-250.03103395023047,-3.5702097766942504,0.04457638055311246,1932917.1417787538
72.47589993631084,20.67317200176342,9.977829526082814,-1.0441570194428031,11.021986545525618,69.46351586318598,65.22863813639763,2221500.0,9.962665038805433,0.0,42.08846164003633,79.73487595242617,10.319327188556448,0.2628443519878763,9144805.962123813
29.591586509774444,0.1885031312720855,1.326139607087299,-1.048777712502952,2.374917319590251,12.997949502090485,19.07057285185253,3290000.0,3.5996550521766575,0.0,22.540396012546612,14.232263190970823,0.639005069034124,0.21500597499350077,8182162.481337709
52.17656882270581,5.304446224155328,1.8068534744597287,-0.2552127038184997,2.0620661782782284,10.546339323162368,49.736890741774225,12572800.0,3.0739565858505586,0.0,16.575958666987354,78.54448899214903,4.196789247637622,0.23082248312997675,15813186.10150438
33.949185976676844,1.1501654563007477,-0.27447788209624235,-0.027536612845989877,-0.24694126925025248,31.03450543813071,53.76058817250412,-44876600.0,0.9690437183075186,0.0,16.65673803380662,-119.7844487093567,-1.9022216796875,0.0156848699700902,-3632913.057180169
29.1849595899319,0.21006535591428133,-0.18034429533010155,-0.25635931242346255,0.07601501709336103,14.705972350568839,25.939143756696353,-2309300.0,1.497831121767447,0.0,14.704784767665153,-132.93692981945676,-1.1404724303504736,0.18300570320078044,3772286.072149646
55.54244491259204,51.26638685303885,7.64570402762763,1.2107897551087934,6.434914272518837,43.96511272254803,72.84753438343117,-4159200.0,22.797768796965865,0.0,18.044009018605593,59.58405194861807,9.140863600790555,0.2608595660978937,8428534.769421872
30.58515086240326,0.22779596865842322,0.11560289559903225,-0.16460476162701349,0.28020765722604574,12.080559250066246,9.255603920157503,52306100.0,0.6050245097790266,0.0,45.36406703955593,-0.41374113601422613,0.32864603136254367,0.15625077409304775,30814288.39542626
63.81799262234966,16.93017424556143,1.6251322057008508,0.498385901280066,1.1267463044207848,75.1041888528259,88.79278371630546,7668900.0,4.608262641734956,0.0,16.41630912548863,60.88828127291417,0.6697943114270294,0.3267988705878002,13773468.707472382
41.79594202055208,-0.1441123483082265,2.1326484954940668,-1.0359808883357293,3.168629383829796,22.385234617031085,31.964864498018443,2747500.0,5.649778947067992,0.0,41.484254105338735,33.88338178501415,0.9872924396022734,0.22639858763648815,7984645.937091734
39.217140131160896,1.9180657270494663,-0.7675618818733199,-0.25113115333442526,-0.5164307285388946,24.909140846946023,35.904600406791126,-8771600.0,3.574194086168546,0.0,12.750817041008077,-123.9756768296809,-2.6049495470365307,-0.046031862955728454,-3519066.6311401324
69.13063833433158,10.463192328272214,9.389652768471706,-1.8376972008675523,11.227349969339258,72.44978704587241,53.61420275968609,10389100.0,8.544609629615373,0.0,37.502770696578104,65.56099699114459,5.61868482252786,0.15378268585118682,7128631.856132637
52.52770063884762,2.2259900637540753,0.29474765119923063,0.0027145047040380565,0.2920331464951926,31.78291135122987,64.78933154681108,20013100.0,1.05509057343266,0.0,11.447705938173312,48.0476691563304,0.39790218624845725,0.23196624670665203,15861556.118085109
37.84982744181718,2.299896978840252,1.288181996942626,-1.2229031893035738,2.5110851862462,3.979425141912459,38.60143930547881,-144100.0,11.110163948423747,0.0,16.025409028620313,13.089471647487374,-1.027857202908729,0.17764814642664326,2007244.1440365617
63.88529158997615,-7.025104564219447,2.6962526793046493,-0.3374172157675015,3.033669895072151,29.148851207230724,53.78947675324576,13001100.0,3.0897635381318445,0.0,30.675889607670978,86.98462449870138,6.193768002540684,0.16079196113694838,15776596.232316226
37.20398744070358,8.5234278669908,3.565419380127736,-2.368081230251259,5.933500610378995,12.781895654342101,16.643323868061962,12050000.0,8.345874213118954,0.0,35.230612785617524,23.75337446266911,2.387904847123105,0.23921526476956023,14622156.634173013
41.36365536048165,4.79170035560395,3.452585669398502,-1.8366229549545627,5.289208624353065,22.011308246000542,34.861102958475065,3961500.0,10.390079008057016,0.0,22.503149758864524,27.81534704064033,0.7308804160120587,0.08122845935122705,198666.13437215562
43.595205847003946,-4.161320490315347,2.5051895147545906,-1.3283827737307217,3.8335722884853123,21.454322313415663,19.44155227141778,29873400.0,6.728011272069405,0.0,14.255451894942105,35.48656837520716,1.3155155937040448,-0.04104256869046839,-2942043.2184744645
39.63195286186314,8.726534574626044,-0.5321388007953374,-0.16351036576470773,-0.36862843503062964,30.094293973273444,59.92869988445397,3633100.0,5.964469979118435,0.0,12.293757807941638,-52.03607108205946,-3.0648739945345342,0.1357154598289821,1884596.2562518115
23.53247164574253,0.22054281583999824,-0.22571913307948677,-0.19453016004994278,-0.031188973029543987,21.67298339664568,10.4854039408385,-251376300.0,1.134506570068654,0.0,14.894226491569752,-83.3144617267233,-1.6608382864006264,-0.018493727569292576,-47577577.61739108
70.31204633022811,15.050024030355885,3.9272360134327045,-0.5009222677539356,4.42815828118664,66.2790525748228,42.0134695619925,21404400.0,3.868024573444855,0.0,50.865801948282325,94.09043454028132,13.042572337036376,0.14658576567335546,15497997.834490389
50.06997473847768,3.5606476529875124,0.6660188714543125,-0.12043217282313046,0.786451044277443,31.595033875893705,54.76686929992409,2214200.0,1.6922052365357352,0.0,18.58475103101682,53.20535177032092,1.2933923721155032,0.10482204541279969,22958637.626543306
51.968711138177966,15.622886111643538,15.961565853123716,-5.2779344474069205,21.239500300530636,26.703379488270397,25.610346012906074,15331900.0,26.820717400790834,0.0,41.26211033484737,59.17380788525889,4.236064988922741,-0.005830651318301459,6959088.295200931
39.04285873740205,4.640255220664528,1.455460887337665,-1.0924685680668351,2.5479294554045,12.746638290610303,33.34965620306189,522100.0,7.515707079118758,0.0,23.3263538763213,4.910112943950209,0.0404655178081149,-0.0355225351436476,-232330.1628021284
31.61552261930898,1.280035157654197,-0.38288921183715274,-0.8056590173877581,0.4227698055506054,20.99146762897948,29.517394734404082,2609000.0,4.4970242836927214,0.0,9.989557648631505,-87.96659635557772,-3.1041026495964674,0.09557294589425962,3781391.6211425564
39.70583413315894,0.4805738416396679,1.3035522157454125,-0.5268620113313371,1.8304142270767496,8.620769033457494,43.25572932234892,38017000.0,2.4118191788075762,0.0,27.649328206223984,43.833298232996576,4.562341585755289,0.17348129576072696,17309916.235211033
44.93161586841205,3.9425982005379296,0.0889953237515897,0.036334997724825235,0.05266032602676446,28.74012909892077,56.61363094223364,-9178000.0,2.3011719586278985,0.0,16.768229118734432,-42.88076090134175,0.9409624685710325,0.08703333372898756,4509402.090431543
40.768302746246974,1.1770158891943083,0.6178231246103891,-0.29100975855304334,0.9088328831634325,21.575364388257533,21.75096102656666,21414900.0,1.4999302797073388,0.0,22.679913045946883,32.95199260732882,6.666663617348364,0.16154587525346092,27911166.556666475
41.14362737717967,3.996026458094377,1.9026067751123037,-0.9096257871426685,2.812232562254972,25.81618525789926,32.85055445216431,-1267800.0,7.301971984728381,0.0,15.031334284216744,34.5514840344517,1.9794731141249462,0.12708537450401286,-125916.92361860111
49.946622769783076,0.7671192526482713,1.2508578159750243,-0.2975357161876244,1.5483935321626487,28.97006529184867,49.50300159377414,-3346100.0,2.429649973891504,0.0,22.425943276228672,53.66803222649106,9.049987478998553,0.15497004464484015,3902109.161785367
50.498633647044315,5.882236234943534,0.12185885065316882,0.20027293744975452,-0.07841408679658571,53.01092110792368,76.36088589810339,1344300.0,1.8006132770493748,0.0,13.336336260570066,-9.168750829987646,-0.8002219047637709,0.11541697269178063,11183997.940045672
39.308168496604935,0.3316947592821684,0.5631674113163321,-0.20783334541903664,0.7710007567353687,34.63033055765834,47.22761713085981,93515200.0,1.1504121173590127,0.0,37.54421916475695,35.00473646972284,0.45059346966057173,0.11606182159731371,-5286327.459789234
36.0255006382507,2.3411060297367356,0.8739010434571526,-0.7389548084647992,1.6128558519219518,13.629796009509924,17.796118308560953,-36151100.0,2.998254068694269,0.0,22.87536840813455,13.553642097892254,7.259495512596025,-0.11136783651861899,-10536520.233013615
46.94500799165466,3.637572447705395,0.1690550392794279,-0.21499808536775744,0.38405312464718533,33.18178586724511,30.56632249928482,-8686300.0,2.8319693994558497,0.0,18.06658190606546,16.179801318711956,2.8849453503103857,0.2827861773836126,64549458.61906688
51.36052474561693,1.9683232228476868,1.3694475361660636,-0.47684758854597575,1.8462951247120394,33.99425958105316,26.776944519174236,28790300.0,2.285741479964628,0.0,23.31796982492197,50.74081773761834,2.445251022173425,0.0732315596281917,4602969.2167733265
29.229627299434945,-4.1612348730937185,0.39984968297056867,-0.7170962252449229,1.1169459082154916,5.587387225893613,28.484547480055067,2527200.0,3.7513620233652003,0.0,15.037338445238815,-43.61279270112727,0.20056661038544008,-0.04760623402635774,277559.1937003591
54.23334185379911,21.616106935158,5.321688594680154,-0.5461866099142885,5.8678752045944425,12.463487327911283,55.074053337761704,1876600.0,5.694641032629164,0.0,25.08729385108625,83.58706939349975,7.942974582894793,0.2438830444808012,5780082.271943945
28.980090067422307,0.6366936622534354,1.1917208004869053,-2.011515430036022,3.2032362305229274,12.696798861276516,21.502026372645602,-552100.0,8.365902369276029,0.0,25.701739190614727,-22.14010028702198,-1.0929228596900733,0.2772725483535216,9126804.266969914
51.205380082737186,8.270518594208603,1.8949477890772144,-0.41978189321281967,2.314729682290034,2.1147947467807002,9.930261990241473,-66601100.0,3.0072157751939663,0.0,20.679518734823336,62.484891978029964,28.682649982583786,0.07440623810840322,-9968101.086706094
37.548563418130804,0.9974538886915099,0.8293606162088025,-0.5607178245028328,1.3900784407116353,14.69295016798062,12.27650049533539,22779400.0,1.9011323750210036,0.0,32.36412880776717,25.185638421604366,3.6062027281207576,0.13084097601264497,26741865.752108708
47.45444333524054,10.628609334579778,8.397764291436204,-3.0695915171334995,11.467355808569703,29.789335559379985,32.77572441207408,2655100.0,13.41645853978847,0.0,37.05451982260311,49.23313078762709,3.9174429280347005,0.2973561096730241,6188243.620891613
46.88843834933753,1.2349116714976986,0.3416281518826736,-0.05584032904015829,0.3974684809228319,22.5565893785207,52.202059764105606,-5090500.0,1.4108634265019928,0.0,14.37212162741405,51.910980211624114,0.5307330878643076,0.04514329472968917,4897072.666042167
43.59391535520808,7.409290993409428,-1.5154920822544113,0.2846089560146654,-1.8001010382690767,29.53938336338224,46.61400135154931,19631000.0,6.058646533127191,0.0,22.771152397643284,-30.71953564425183,-2.6950575865293054,0.11863114895685546,12249570.436424933
34.00489976693672,-0.09791569190973348,0.8725015162039114,-0.5347490328567748,1.4072505490606861,15.056148953314931,16.586000337874804,4478400.0,2.2492358185786916,0.0,23.26173581623839,25.44948701921405,1.9425807805135424,0.04526950335602529,-4619290.937336839
41.13865305414255,3.6367249826404873,0.8887411689391911,-0.7619964277013282,1.6507375966405193,16.364659062042605,34.75602393156441,-2805900.0,7.84977533177945,0.0,10.477585219759376,-44.7740219442706,0.24839102513818698,0.1253242702647257,15264706.480655655
34.02158553092759,-1.0233221482327792,1.3448021906989425,-0.7569486302832047,2.101750820982147,2.839744036150638,13.982226604597807,45769600.0,2.6429432947200753,0.0,38.413802605009096,30.949093711371148,1.8699986215138493,-0.04981988462855783,9072632.29341495
24.554581657023586,3.3649683946129585,-1.66889759704722,-0.4733894694475631,-1.1955081275996569,17.597750679470405,12.520102132866944,-9644800.0,5.810524823353037,0.0,25.03212884123623,-85.73223187391852,-0.5998167419945225,-0.005931664589533965,-5889144.320045114
43.86516004389496,1.4384237552364851,-0.1286713442064098,-0.37186081741282295,0.24318947320641315,51.088171471668566,52.38797899307858,-3066800.0,3.550263529181253,0.0,14.209498208091627,-68.85884792393341,-0.8080830435987492,0.05397105660530606,31848855.60311532
48.506452451100394,3.3010987548603623,2.8285533287358646,-0.8635085822973272,3.692061911033192,6.465457108038199,28.173336146843017,13464200.0,3.6044396531546434,0.0,41.469126267260556,57.65674495248659,4.920912821651517,0.16939691688452424,9267465.169581227
39.99335788987601,1.8345578786646115,3.112101243862867,-1.523674431204367,4.635775675067234,29.691376513871386,37.130571940624236,560100.0,9.749980773719964,0.0,17.94935518140032,34.49190946217893,1.263615765876264,0.2430835919585426,2232569.8971605473
32.25308083270654,0.27358230966153485,0.41499131029581804,-0.5969243506767108,1.0119156609725288,5.96798091728895,9.488333565694044,-16981000.0,2.8688105763608163,0.0,13.683044315444384,8.28022050247104,2.302762585209286,0.05363633737838816,7186223.501436513
63.39286926663028,33.97837925913899,13.02319243850036,-2.078257887520932,15.101450326021292,40.88984694642866,33.281139032841786,784677100.0,16.529644224069823,0.0,34.74863999730377,77.82916771951592,19.73878230987695,0.2569103030265946,974583564.0756181
37.82141848826424,0.881695267808027,4.026217803042101,-1.4657327326045522,5.491950535646653,2.318659564355339,34.65685177686506,38725300.0,5.861374404448419,0.0,27.088572409090002,48.98895653255081,8.796188950680046,0.16069083789169422,20618114.617343903
22.064660890404692,-0.012953957098261526,-2.8634207749448706,-13.688469095386193,10.825048320441322,2.950507982022576,11.876369935693491,973200.0,60.43454680738898,0.0,14.615766800642957,-95.31589630369413,-0.6671869983819276,0.14278929165355309,633892.7909725177
37.40867359985565,0.6784174107315692,0.6686689144275562,-0.4742329685476254,1.1429018829751816,20.339092637167553,28.30860852470502,13351100.0,1.89907632620672,0.0,20.59638897769511,18.36051669776293,1.744671995199672,-0.008259590160729888,-749790.1949737179
34.67852796770357,4.151093057876949,-5.184613792357993,-0.7283883061125369,-4.456225486245456,30.893999810590266,40.06381154588843,-36772500.0,14.005068564562146,0.0,31.10946764813307,-133.605189891513,-2.507421934752648,0.0440886468094281,-4059187.014224615
34.21377019571455,-1.5227540494587828,0.756842220697024,-0.4901134050054805,1.2469556257025045,6.835155467081427,36.77679857781556,56850600.0,2.564318398524654,0.0,20.511732135611982,13.62427746914479,1.491886772879836,0.11614766945217593,15676828.493605144
23.498704420169855,0.9736568135445225,-0.8630845690144042,-0.796589896135695,-0.0664946728787093,13.52608939485813,26.19678002957224,11368500.0,4.617689227592617,0.0,12.817101413462874,-162.93831807951398,-7.534333854452507,0.0833151494485613,5559571.131445548
25.44972121462446,0.17363228134608732,-0.27489441821614236,-0.30836474975531475,0.03347033153917239,17.756975193765285,15.740948440142153,-4847500.0,1.4376270862327354,0.0,15.609600319879346,-108.42342352733576,-3.4033451231371266,0.16820250896515423,23472787.445345428
61.71763155843508,15.612875324545655,9.36707275421702,-1.9280458379248593,11.295118592141879,28.593393466260387,55.65329473151733,12761000.0,9.93582116743773,0.0,41.75784818849136,71.67713942941789,4.587702736139968,0.25194253199945915,8334672.617904997
43.7714512523358,56.73197833480344,4.2885266176083405,-2.202651469536355,6.491178087144696,27.893873321531885,42.49724916362799,2854200.0,37.13518642300576,0.0,9.736807945814052,-7.203239373608066,1.4556086557907844,-0.04985842288681135,452590.84629192075
53.138575096190316,8.365844953427768,1.8855505188945472,-0.27795476214608605,2.163505281040633,42.83632252337398,64.79071400610611,4998700.0,5.248803688352447,0.0,12.87377943705085,62.81124430384747,0.09599706115347473,0.25937032227965573,6172937.391508765
56.547654044081014,1.7349949292351,1.4862424268277437,-0.344239466472958,1.8304818933007017,28.571428571428573,44.893743532560876,7373500.0,1.842197574794073,0.0,29.808797079703158,62.07475647547017,5.0608545578953645,0.22722139594096769,8919259.441159492
36.308754368881026,0.5585026039489165,0.19530809322421305,-0.2742404993420897,0.46954859256630277,24.528345343624853,15.795193873884562,-32136300.0,1.044086991039162,0.0,24.232035515030695,-3.923584539048313,1.1526658616457017,0.15363522505501268,35931715.334185004
48.887280952737505,7.816301987442216,3.4437485367226373,-1.0019916724621405,4.445740209184778,24.672131432605664,41.35888064865785,805300.0,13.564626854661151,0.0,11.988893229909618,56.92731843973433,0.8191015389847544,0.2484265488631273,1370438.9584640411
38.539560142457546,0.9992700176499341,-0.46701506878542887,0.11831483731960168,-0.5853299061050306,5.421696437394148,57.43027046069421,-6177300.0,1.2321252444259836,0.0,26.733910356607637,-47.79166230790743,-1.526447653571864,-0.02164115872196557,-1841801.9778995414
40.279014300918575,0.8002386625830908,0.44243757847416987,-0.26579611296108774,0.7082336914352576,20.67502466677719,21.025607308158964,20039500.0,1.0268737314046386,0.0,37.665627260928936,29.709142863643265,2.325580342739782,0.23253043150679156,40579633.977804035
41.565538982006096,3.6417829139555664,1.586067595226936,-0.6512792021323963,2.2373467973593324,2.097949667347799,24.78840359435448,72484500.0,3.154701153972286,0.0,33.972132733516126,47.30928659666767,6.925876958543373,0.18161992820757777,116914619.81225517
21.718640228470335,-0.6813686545807727,-0.41028181061967217,-0.18902792083450287,-0.2212538897851693,2.8925470019183814,26.497782195147536,-7921600.0,0.9521779269969547,0.0,12.890911728855896,-176.59308519273048,-4.5919589846061575,0.03579891291377359,-2483312.11252327
56.87287707671216,10.180027585598395,4.468458132345518,-1.034109728668012,5.50256786101353,40.46161358173077,34.83334565773989,3193700.0,11.190654773896227,0.0,29.955604077184223,60.78437903488213,5.705240307854645,-0.04712323828902221,3055519.867178886
36.365134127196285,4.08949077765439,1.159548830196826,-0.9508947216015322,2.110443551798358,9.362566149225966,23.262823039400175,-15691100.0,4.804017357095124,0.0,19.180813847404835,22.85005433285519,2.7808517252973193,0.11693375146191563,6012304.432610618
48.077328853697836,1.6206829398132783,0.2985203244673613,-0.5264836748670148,0.8250039993343761,45.99405722047712,20.505805163220483,-4978500.0,4.0901046093813465,0.0,30.078800419842565,2.4500763244509542,-4.294173913678415,-0.14885389222430817,-2456622.6462648353
47.341864412149405,0.7921234838056534,0.26504390721576954,-0.25286541851674693,0.5179093257325165,36.175057685928536,16.731153204873024,-56509500.0,2.434824287284719,0.0,20.613644342403013,13.27030681817668,1.6662396595418736,-0.1013632155379442,-40503172.10570519
51.099619728436934,21.695106279743868,12.11038491490649,-4.148824994972188,16.259209909878678,27.08679565718445,25.310593389575136,5249800.0,21.983092312232547,0.0,29.215667916040037,50.48746730634463,5.284919365304108,0.022812673158910945,4271423.351347246
31.457031284722042,43.81101915264219,-24.742006691815675,2.689365030204435,-27.43137172202011,49.603601404138516,72.3247359521112,-176855400.0,21.5309543837787,0.0,53.36389748006109,-88.8306476662363,-23.05277582137049,0.17001609212871535,50295063.685063094
36.28309201721897,4.365560238872064,2.0801040686699537,-1.2737335961763012,3.353837664846255,2.4513376267749787,38.53418329139904,613800.0,6.2363349367241785,0.0,21.87338376590296,29.25700395907039,1.5671706791460425,0.11758444129235801,2705277.839785587
46.409329904275005,5.2229682387269065,2.3306388533588347,-0.955691857893993,3.2863307112528277,33.24238775433151,22.44802044534376,8629200.0,4.243545692258547,0.0,25.644765979640198,42.09015530355755,6.639278900632924,0.12308673619170829,-1225929.8745186643
29.02815486595555,1.060468621226093,-0.6477137773440944,-0.06067994633814644,-0.587033831005948,21.167966542016,29.897410884257113,27237900.0,1.4061051008729073,0.0,31.111172576570667,-123.75785612417819,-2.94297080098868,-0.00944319090709579,5243227.303889122
59.54869802606696,2.748253987566045,1.390750063933396,-0.24802816652910487,1.638778230462501,40.21362265247222,53.92182877908109,6354600.0,2.145494051999011,0.0,23.156379022308986,73.67378227852856,3.8034587007253884,0.22733813085059235,1906516.1859123295
60.15280072866753,4.743336901507746,1.809032752228518,-0.31368958273241043,2.1227223349609283,61.18879813053198,64.90558433809672,10563700.0,5.384232487436027,0.0,31.787520556424713,36.76253241225476,-0.9050845220858241,0.2006528391819281,4897454.307713469
73.18563966750845,14.678603686724955,3.9964104963854084,0.08521292929463575,3.9111975670907726,92.22232840016892,88.34267955981947,1773300.0,6.104220693794541,0.0,24.659726914923738,95.74386929258908,2.108166349099476,0.3230765268943738,6405372.784662153
37.8099808291998,1.1192773942109966,0.06046984239296194,-0.04695543526709536,0.1074252776600573,4.05414809793465,49.560272549245916,71449700.0,0.8438557851880365,0.0,18.291636145007864,-4.394009800984292,-1.1006639200146955,0.03477758961299422,10600248.377745556
39.904582000386725,15.571312496827147,-6.764979944459924,1.4540959767374382,-8.219075921197362,24.28188629935326,57.782412231512446,-16071200.0,14.026260855334556,0.0,38.019022412710584,-55.34781718068144,1.0311900867882686,0.0584987551335404,6517139.362598955
39.39996606274015,0.03984845504976242,0.011877193814752829,-0.04491055408727099,0.056787747902023816,33.823528385559875,44.1389896921346,94330700.0,0.3268238075086321,0.0,20.45992157823755,-60.33777864485695,-6.490650785841812,-0.08545563427701565,-31532487.890684895
32.48645813046438,0.5573882491380786,-0.09258473625810026,-0.048699165394704494,-0.04388557086339577,15.966424267874974,36.581330683227,-50403200.0,0.5678171461407073,0.0,11.27629169452935,-141.25944059046893,-1.203290568982392,-0.04922737193022337,-3496710.1659011114
44.514772785028484,3.9529606066816996,3.524622692227581,-1.1396635745551587,4.66428626678274,11.199396920123428,35.87317902854079,30841800.0,6.876815766707208,0.0,28.58823519253931,53.34732700711705,2.0766177631309866,0.1105964447195946,18019129.687881064
60.37259805802408,18.632367744046718,4.5994099494134275,-0.805539780248429,5.4049497296618565,59.32515088627503,55.163905017239266,35224000.0,7.167545101754649,0.0,21.955733925435528,73.26535794071847,9.800579944422534,0.31468415968908764,40447526.14388958
53.61689799156546,2.8380040281292622,2.78297760600276,-0.7302169658040922,3.513194571806852,41.367399532486786,53.00644011817059,4060500.0,6.173642020637156,0.0,35.144061144886486,51.79964837346379,1.214514398688888,0.07795396026906697,8664757.213447815
39.424465257314466,2.12888377253563,0.31717059957368576,-0.11602613941294027,0.43319673898662603,22.608851412762967,60.72040163244207,20881000.0,1.4378815362629802,0.0,18.52336377075114,12.766205112630235,-0.7288211914193233,0.17520659287617843,6257689.663894447
50.02483336416124,31.56855507534692,11.664432162288904,-2.7540321901423592,14.418464352431263,19.552842872352283,41.40388140974377,547100.0,21.020411728223852,0.0,25.49576075335375,60.27724261019959,3.308637625787217,0.06714247329179651,1689219.014065687
44.097426400376,4.695190623699375,2.935155831153537,-1.0605584145940918,3.995714245747629,9.408919312415216,19.823293953262198,4777600.0,4.68178452114879,0.0,32.524195324299,48.832273330654246,4.4015658103813555,0.1967846892416975,5742860.769301434
55.446071482455075,0.08111224554936669,0.035760004159703485,-0.009759704244784825,0.04551970840448831,53.333079021152415,50.833258938131,-10487300.0,0.12402830705135066,0.0,21.55104250249461,53.969464904188015,0.7168452042999433,0.20028066429009223,79928264.59877513
33.54685589959595,1.066959530594744,0.04598533134097238,-0.21341846122110725,0.2594037925620796,3.5503719888764493,48.90035326124384,168048200.0,2.286545963872935,0.0,14.377808896063904,-45.10122200653402,-1.3015066553015284,0.17187695852048168,108497049.30233388
62.40420677398161,2.4761172479630034,3.289693360680019,-0.755920380714155,4.045613741394174,33.23682661204077,33.94242800019849,44253500.0,2.806217554426603,0.0,40.32407918370071,63.48040520996361,5.717270119678866,0.2855849119487462,50314578.5270966
48.344765542904995,0.059346495492730966,0.06590250935569486,-0.03067604046074482,0.09657854981643968,38.46165132230495,47.43590213842936,335707000.0,0.4236247955480927,0.0,16.127175681382873,30.890521483301008,0.11099032883239994,0.20040704095455,-11618472.476793379
63.92059347760595,16.083868836846733,0.9964616102587627,0.5161079856754797,0.480353624583283,73.58027435658822,86.39816492954668,14285400.0,4.276788928430518,0.0,17.14069232904479,53.23013659382438,0.08150063802459,0.26836776568025966,12237207.573947126
42.62025506255705,7.001416011097547,1.1858627307380516,-1.2968674900738013,2.482730220811853,23.13391069804208,52.01919530274315,-361700.0,12.966635461787684,0.0,13.213667815288385,-16.939512414375884,-0.6896982997200468,0.09773468965881892,810088.7539833804
42.82961054167843,4.954279239503606,-0.06294749605824279,0.06526709395214916,-0.12821459001039195,23.75362172925686,62.55551233604763,-8869800.0,1.9575532426134619,0.0,13.735957783060272,-48.833965047905956,-1.4379856225674097,0.10468819691162647,827382.0731735372
34.61641806656801,0.5689171610333972,0.4422867115428488,-0.43516803040133567,0.8774547419441845,23.15511353819453,19.0350269094001,53064200.0,1.8352097842414274,0.0,28.111253314891155,-0.3721251329469957,0.6583505459501265,0.13985458881245386,68321034.85765584
41.22749317054877,6.620258442852105,0.14163140574046906,-0.07116085584812609,0.21279226158859516,7.130015204388873,53.074261341711804,14316900.0,3.2551125523235025,0.0,11.85773216294678,-34.365582075794364,-0.45152961382621376,0.1524393033847829,7630011.555814892
36.447387652612996,0.5448037942466044,-0.667403654083671,-0.6444451489727543,-0.022958505110916627,19.076223443969322,47.95463862833887,-2164200.0,7.084718607687694,1.0,22.762453652595532,-115.62894668364329,-2.9104963398163646,0.05832992848284281,3976926.544362095
67.25835107057831,5.149211717335575,1.632812708365968,-0.23748035385402955,1.8702930622199976,31.906606700212258,41.49112833224637,70065200.0,1.743629859639556,0.0,40.87771614765709,87.77342402689423,12.505645622884533,-0.02898121717935897,-20058997.57020052
28.582311144994186,0.14588515108118116,-0.18013496950104368,-0.13955486765423877,-0.04058010184680491,15.730369586159084,16.92260652938647,-10357200.0,0.6758660619669631,0.0,28.181764991026753,-117.00322592622467,-2.6599865838541104,0.031215006444445127,-5652110.291116213
25.464883549247013,-1.8464393269578636,1.43175870861225,-1.7226476852831434,3.1544063938953935,43.478269744826044,32.31026224568209,3049300.0,7.549656388869274,0.0,30.116307275674274,-50.06718232377266,-0.31077133563105086,0.07949627706260547,5647671.837976465
35.80431224066501,1.8924091323624452,-0.12663340592757777,-0.057147980695075457,-0.06948542523250231,27.17946711530185,39.996709443340706,23054000.0,1.50041636364241,0.0,17.853880462892022,-101.76109585219282,1.20925098160261,0.1718021085143451,31195949.99330836
40.732209698370426,6.455087264412896,0.12184890218588862,-0.03847130827365114,0.16032021045953976,22.396434942484742,58.8143419614939,-2913600.0,6.646012547591136,0.0,28.82412925350862,30.847141386512813,-0.3557932709320599,0.10685020900544223,-1310347.7212141384
64.36290993510173,-23.445352020999906,5.39645478857426,-1.0369097903973357,6.433364578971596,63.55944257899887,46.174271773336166,8778700.0,6.201461973683232,0.0,34.78114709669521,75.63950485552608,5.46166204273762,0.3479162044948171,11303342.306174893
35.58318329083875,2.40746735140398,1.5993412367456017,-0.9736086977984391,2.5729499345440408,16.84719539335003,10.97107033714768,19605100.0,2.9513488844840325,0.0,36.52592184306339,26.71356363844909,5.258240870520084,0.21570971689106375,12423649.635454006
34.274924443228585,2.734001271591552,-0.00390207133250442,-0.19156945819416654,0.18766738686166212,16.78324165612957,42.94008247575797,31357600.0,1.6878565096839018,0.0,11.230169467881582,-78.08038395906047,-1.3681047591896858,0.25444177675605667,21352241.897085745
44.85464064121516,0.7016398562517736,1.2467600804262702,-0.47049571172657667,1.7172557921528468,11.211988800958068,28.770232944601673,6298500.0,2.4946046413118546,0.0,30.356559531172884,46.73439301115755,1.5894891925055104,0.03744064711553333,2296760.775228817
34.000362896367584,1.2185771500559213,-0.25613921338151613,-0.20250772672477532,-0.0536314866567408,17.93486824101128,41.31118162447162,-4787100.0,2.8237808272094274,0.0,14.304295732869708,-151.8455021121734,-1.6758993101373199,0.14991753316637138,10168159.128523195
47.48855132235885,10.70389943664776,6.871013897864316,-2.4361789751508756,9.307192873015191,12.823832848646589,20.742305748289713,2434000.0,9.534967317117225,0.0,29.528257111228708,48.50998426254243,8.663372143569815,0.13689289180008107,2677140.903938376
22.289473770804697,0.964279960331794,-1.4010389014849238,-0.31948786438522614,-1.0815510370996977,10.213390522799802,14.995173417739261,9351500.0,2.7430843774421128,0.0,35.169734194237876,-112.66710056396377,-3.616867226717111,-0.05174504804162626,-657077.2170210325
55.103975447868,6.487226762784928,1.5569456870162526,-0.1731735279169624,1.730119214933215,44.721666573923024,65.1400133254231,21023900.0,4.360789292497677,0.0,12.534942836342708,63.92550409820045,0.17317012497315154,0.11910449113220001,9806725.133057255
